caller_class	referenced_field
VoidHunters	B:I
VoidHunters	C:I
VoidHunters	D:I
VoidHunters	E:[I
VoidHunters	F:Lphb;
VoidHunters	G:I
VoidHunters	aeb.a:Z
VoidHunters	aka.p:Z
VoidHunters	ama.o:F
VoidHunters	aqb.f:I
VoidHunters	ar.d:Z
VoidHunters	bg.o:Z
VoidHunters	bm.o:Leab;
VoidHunters	bra.g:Lha;
VoidHunters	bsa.o:Z
VoidHunters	cl.a:[I
VoidHunters	di.l:Lkda;
VoidHunters	dma.g:I
VoidHunters	dma.i:[I
VoidHunters	dma.j:I
VoidHunters	dp.a:Lllb;
VoidHunters	dpa.p:Lfaa;
VoidHunters	dra.n:Lhbb;
VoidHunters	dsb.p:Lngb;
VoidHunters	dua.o:Z
VoidHunters	dv.c:Lij;
VoidHunters	eaa.q:I
VoidHunters	ef.E:Z
VoidHunters	enb.b:Z
VoidHunters	erb.p:Z
VoidHunters	eu.i:Lfcb;
VoidHunters	ew.p:Ldra;
VoidHunters	fa.d:[Lgd;
VoidHunters	fab.e:Lbra;
VoidHunters	ffa.a:I
VoidHunters	fhb.q:Lllb;
VoidHunters	fi.o:Lfdb;
VoidHunters	fva.p:Z
VoidHunters	fwa.g:Lcoa;
VoidHunters	gcb.p:Z
VoidHunters	glb.c:[Ljava/lang/String;
VoidHunters	gwa.o:Z
VoidHunters	hb.c:Z
VoidHunters	hh.o:I
VoidHunters	hj.q:J
VoidHunters	hjb.o:Labb;
VoidHunters	hlb.p:I
VoidHunters	hn.a:I
VoidHunters	hpb.i:Z
VoidHunters	hsa.o:Ljava/lang/String;
VoidHunters	hua.d:I
VoidHunters	idb.o:Z
VoidHunters	igb.a:Ljava/awt/Canvas;
VoidHunters	iia.c:Ljava/lang/String;
VoidHunters	ip.p:Ljava/awt/Dimension;
VoidHunters	java/awt/Dimension.height:I
VoidHunters	java/awt/Dimension.width:I
VoidHunters	jba.b:Lllb;
VoidHunters	jha.p:I
VoidHunters	jj.p:F
VoidHunters	jkb.a:Z
VoidHunters	jmb.p:I
VoidHunters	kda.j:Lova;
VoidHunters	kda.m:Lum;
VoidHunters	kdb.o:I
VoidHunters	kt.l:I
VoidHunters	kua.e:Z
VoidHunters	ldb.o:I
VoidHunters	lgb.o:I
VoidHunters	li.i:Z
VoidHunters	llb.o:I
VoidHunters	lo.a:[Lwf;
VoidHunters	lo.c:[Lphb;
VoidHunters	lqa.o:Lmm;
VoidHunters	lrb.f:Z
VoidHunters	ls.q:Z
VoidHunters	lu.d:Z
VoidHunters	lwa.vb:Ljava/lang/String;
VoidHunters	maa.o:I
VoidHunters	mab.a:LVoidHunters;
VoidHunters	me.r:Z
VoidHunters	mib.k:Z
VoidHunters	mjb.e:Z
VoidHunters	mm.fc:Z
VoidHunters	ms.A:[I
VoidHunters	na.q:I
VoidHunters	ncb.a:[[I
VoidHunters	ndb.a:Luca;
VoidHunters	nhb.p:Z
VoidHunters	nl.n:F
VoidHunters	nna.C:Ldjb;
VoidHunters	noa.q:I
VoidHunters	nv.v:I
VoidHunters	oaa.i:I
VoidHunters	oab.o:I
VoidHunters	og.r:Lha;
VoidHunters	oh.p:I
VoidHunters	oma.f:I
VoidHunters	oma.i:F
VoidHunters	oma.j:I
VoidHunters	oma.k:I
VoidHunters	oma.l:Lmib;
VoidHunters	ow.a:I
VoidHunters	pab.k:[Lkka;
VoidHunters	pab.m:I
VoidHunters	pcb.o:Z
VoidHunters	phb.m:I
VoidHunters	phb.n:I
VoidHunters	phb.p:I
VoidHunters	phb.q:I
VoidHunters	phb.r:[I
VoidHunters	pk.o:I
VoidHunters	pma.o:I
VoidHunters	pob.b:I
VoidHunters	psb.b:Lufb;
VoidHunters	pw.a:I
VoidHunters	qa.o:Lij;
VoidHunters	qaa.a:F
VoidHunters	qcb.o:[[Z
VoidHunters	qga.b:Lfaa;
VoidHunters	qua.b:F
VoidHunters	qw.l:Lllb;
VoidHunters	sbb.o:[[I
VoidHunters	shb.o:[B
VoidHunters	si.o:[Z
VoidHunters	ta.b:[I
VoidHunters	tc.b:[[Z
VoidHunters	tcb.o:I
VoidHunters	tjb.wb:I
VoidHunters	to.q:Ljava/lang/String;
VoidHunters	u:Ljava/lang/String;
VoidHunters	uca.B:I
VoidHunters	uca.N:Z
VoidHunters	uca.m:Loma;
VoidHunters	ufb.a:Z
VoidHunters	ug.o:[Ljava/lang/Object;
VoidHunters	uga.g:Lfdb;
VoidHunters	ul.a:I
VoidHunters	uob.e:Z
VoidHunters	uu.b:Ljava/awt/Canvas;
VoidHunters	vfa.b:Z
VoidHunters	vfa.i:I
VoidHunters	vga.b:I
VoidHunters	vnb.p:I
VoidHunters	vq.x:Lfab;
VoidHunters	vqa.g:Luca;
VoidHunters	vu.Db:I
VoidHunters	wba.o:[I
VoidHunters	wca.b:Ldla;
VoidHunters	wgb.f:I
VoidHunters	wh.n:I
VoidHunters	wna.e:Z
VoidHunters	wp.a:I
VoidHunters	wp.b:I
VoidHunters	wva.b:I
a	a:Ljava/lang/Runnable;
a	b:Loa;
a	nativeid:J
aa	z:Ljava/lang/String;
aaa	VoidHunters.G:I
aaa	a:Ljava/lang/String;
aaa	b:Lvka;
aaa	cka.o:Lhqb;
aaa	go.p:I
aaa	hmb.o:Ljava/lang/String;
aaa	hqb.h:I
aaa	hqb.i:Law;
aaa	mm.Bb:I
aaa	mm.fc:Z
aaa	nga.a:Ljava/lang/String;
aaa	oq.H:I
aaa	ot.c:Ljava/lang/String;
aaa	paa.q:I
aaa	qs.a:I
aaa	rgb.f:Lsoa;
aab	VoidHunters.G:I
aab	o:Lhbb;
aab	tsa.g:I
ab	a:I
ab	b:I
ab	c:[Lqda;
ab	ds.e:I
ab	qda.d:I
ab	qda.k:I
aba	VoidHunters.G:I
aba	a:Law;
aba	b:Ldja;
aba	rsb.g:Lpe;
abb	VoidHunters.G:I
abb	b:Ljava/lang/String;
abb	eja.o:[I
abb	phb.m:I
abb	phb.n:I
ac	VoidHunters.G:I
ac	eqb.a:[C
acb	o:Ljava/lang/String;
acb	q:Ljava/lang/String;
acb	r:Ljava/lang/String;
ad	o:Ljava/lang/String;
ada	VoidHunters.G:I
ada	a:[I
ada	b:Lpia;
ada	eab.k:Z
ada	et.b:I
ada	fq.o:[I
ada	jma.q:Ljava/util/Hashtable;
ada	nwa.c:Leab;
ada	oea.p:Ljava/lang/String;
ada	tba.q:Lasb;
adb	a:I
ae	VoidHunters.G:I
ae	a:I
ae	b:Z
ae	c:I
ae	d:I
ae	e:I
ae	f:Lpr;
ae	g:Lri;
ae	h:I
ae	hu.b:I
ae	i:I
ae	j:I
ae	jab.p:I
ae	og.q:I
ae	pba.o:I
ae	pma.o:I
ae	sg.k:Lml;
ae	upb.c:Z
aea	VoidHunters.G:I
aea	a:I
aea	b:I
aea	z:Ljava/lang/String;
aeb	a:Z
aeb	dpa.p:Lfaa;
aeb	faa.e:I
aeb	gib.b:[Ljava/lang/String;
aeb	ik.d:I
aeb	ik.e:I
aeb	ik.f:I
aeb	ik.g:I
aeb	ik.h:I
aeb	ik.i:I
aeb	lo.d:Ljava/lang/String;
aeb	ocb.i:Ljava/lang/String;
aeb	qqa.i:[Ljava/lang/String;
aeb	tdb.p:Ljava/lang/String;
aeb	twa.b:[Ljava/lang/String;
af	VoidHunters.G:I
af	i:Lbhb;
af	j:Lmib;
af	java/lang/System.out:Ljava/io/PrintStream;
af	mib.h:Z
af	osa.e:Z
af	pu.a:Z
afa	o:Ljava/lang/String;
afa	p:Ljava/lang/String;
ag	o:Ldcb;
ag	q:Ldja;
agb	VoidHunters.G:I
ah	VoidHunters.G:I
ah	bm.o:Leab;
ah	efb.b:Lvfa;
ah	hcb.o:I
ah	hwa.r:[Lima;
ah	mmb.d:[Laja;
ah	o:[I
ah	oaa.j:Lphb;
ah	og.r:Lha;
ah	psb.b:Lufb;
ah	vbb.p:Z
ah	wgb.g:Z
aha	VoidHunters.G:I
aha	dma.a:I
aha	dma.c:I
aha	dma.d:I
aha	dma.f:I
aha	dma.g:I
aha	dma.i:[I
aha	o:Lllb;
ahb	o:Lij;
ahb	p:I
ahb	qmb.p:I
ahb	rsb.c:[Lbha;
ahb	rsb.e:Llbb;
ai	bd.a:Ljava/lang/String;
ai	bs.a:Looa;
ai	fh.f:Lllb;
ai	fh.g:Lllb;
ai	hra.o:Lbs;
ai	jfb.o:Lllb;
ai	neb.o:Lllb;
ai	nt.q:Lllb;
ai	rga.g:Lllb;
ai	rlb.a:Lllb;
ai	rsa.o:Lllb;
ai	sfa.d:Lllb;
ai	tnb.p:Ljava/lang/String;
ai	wo.p:Lllb;
ai	z:Ljava/lang/String;
aia	VoidHunters.G:I
aia	b:I
aia	c:I
aia	d:I
aia	g:Lqfa;
aia	h:I
aia	i:I
aia	j:I
aia	k:I
aia	qfa.Y:I
aia	qfa.cc:I
aib	VoidHunters.G:I
aib	a:[Lcrb;
aib	abb.b:Ljava/lang/String;
aib	acb.q:Ljava/lang/String;
aib	ad.o:Ljava/lang/String;
aib	afa.p:Ljava/lang/String;
aib	aj.o:Ljava/lang/String;
aib	ap.q:Ljava/lang/String;
aib	ara.g:Ljava/lang/String;
aib	asa.d:Ljava/lang/String;
aib	asb.b:Ljava/lang/String;
aib	ata.G:Ljava/lang/String;
aib	b:Ljava/lang/String;
aib	baa.p:I
aib	bab.a:Ljava/lang/String;
aib	bc.a:Ljava/lang/String;
aib	bhb.e:Ljava/lang/String;
aib	bib.f:I
aib	boa.b:Ljava/lang/String;
aib	bpb.o:Ljava/lang/String;
aib	bqb.p:Ljava/lang/String;
aib	bsa.p:Ljava/lang/String;
aib	bt.b:Ljava/lang/String;
aib	bta.o:Ljava/lang/String;
aib	bw.c:Ljava/lang/String;
aib	c:D
aib	cbb.h:I
aib	cf.a:Ljava/lang/String;
aib	cga.o:[Ljava/lang/String;
aib	cib.a:Ljava/lang/String;
aib	cja.j:Lasb;
aib	cqa.o:Ljava/lang/String;
aib	cs.b:Ljava/lang/String;
aib	csa.a:Ljava/lang/String;
aib	ct.b:Ljava/lang/String;
aib	cta.r:Ljava/lang/String;
aib	d:I
aib	db.r:Ljava/lang/String;
aib	deb.b:Ljava/lang/String;
aib	dfa.c:Ljava/lang/String;
aib	dn.q:I
aib	dob.o:Ljava/lang/String;
aib	dob.p:Ljava/lang/String;
aib	dob.q:Ljava/lang/String;
aib	dqb.c:Ljava/lang/String;
aib	dsb.o:Ljava/lang/String;
aib	dtb.a:Ljava/lang/String;
aib	ee.q:[[Ljava/lang/String;
aib	ei.f:Ljava/lang/String;
aib	eia.r:Ljava/lang/String;
aib	ej.b:Ljava/lang/String;
aib	ena.r:Ljava/lang/String;
aib	enb.a:Ljava/lang/String;
aib	eq.o:Ljava/lang/String;
aib	era.s:Ljava/lang/String;
aib	etb.a:Ljava/lang/String;
aib	etb.b:Ljava/lang/String;
aib	ev.c:Ljava/lang/String;
aib	fba.c:Ljava/lang/String;
aib	fcb.g:Ljava/lang/String;
aib	fdb.S:Ljava/lang/String;
aib	fdb.T:Ljava/lang/String;
aib	fh.h:Ljava/lang/String;
aib	fha.o:[[Ljava/lang/String;
aib	fia.a:Ljava/lang/String;
aib	fib.h:Ljava/lang/String;
aib	fla.o:Ljava/lang/String;
aib	fmb.q:Ljava/lang/String;
aib	fob.b:Ljava/lang/String;
aib	fpb.c:Ljava/lang/String;
aib	fq.p:Ljava/lang/String;
aib	fv.p:Ljava/lang/String;
aib	gab.j:[Ljava/lang/String;
aib	gba.o:Ljava/lang/String;
aib	gca.o:Ljava/lang/String;
aib	gcb.r:Ljava/lang/String;
aib	ge.b:Ljava/lang/String;
aib	gg.j:I
aib	gh.o:Ljava/lang/String;
aib	gia.j:Ljava/lang/String;
aib	gl.b:Ljava/lang/String;
aib	gl.c:Ljava/lang/String;
aib	gla.b:Ljava/lang/String;
aib	glb.c:[Ljava/lang/String;
aib	gm.I:Ljava/lang/String;
aib	gmb.a:Ljava/lang/String;
aib	gmb.b:Ljava/lang/String;
aib	grb.i:Ljava/lang/String;
aib	gu.o:Ljava/lang/String;
aib	hj.p:Ljava/lang/String;
aib	hla.b:Ljava/lang/String;
aib	hlb.o:Ljava/lang/String;
aib	hna.n:I
aib	hqa.o:Ljava/lang/String;
aib	hta.o:I
aib	htb.v:Ljava/lang/String;
aib	ic.o:Ljava/lang/String;
aib	ica.o:Ljava/lang/String;
aib	ifa.h:Ljava/lang/String;
aib	igb.b:Ljava/lang/String;
aib	ii.a:Ljava/lang/String;
aib	imb.b:Ljava/lang/String;
aib	inb.o:Ljava/lang/String;
aib	iob.e:Ljava/lang/String;
aib	ip.o:Ljava/lang/String;
aib	ipa.q:Ljava/lang/String;
aib	ir.o:Ljava/lang/String;
aib	iua.o:Ljava/lang/String;
aib	iw.D:Ljava/lang/String;
aib	iwa.a:Ljava/lang/String;
aib	java/lang/System.out:Ljava/io/PrintStream;
aib	jb.b:Ljava/lang/String;
aib	jda.o:[Ljava/lang/String;
aib	jda.p:Ljava/lang/String;
aib	jgb.o:Ljava/lang/String;
aib	jh.o:Ljava/lang/String;
aib	jjb.f:Ljava/lang/String;
aib	jlb.t:Ljava/lang/String;
aib	jmb.p:I
aib	jn.c:Ljava/lang/String;
aib	jo.g:Ljava/lang/String;
aib	job.q:Ljava/lang/String;
aib	jq.o:I
aib	ju.o:Ljava/lang/String;
aib	jw.a:Ljava/lang/String;
aib	jw.d:Ljava/lang/String;
aib	k.o:Ljava/lang/String;
aib	kab.p:Ljava/lang/String;
aib	kc.a:Ljava/lang/String;
aib	kg.t:Ljava/lang/String;
aib	kha.d:Ljava/lang/String;
aib	kia.a:Ljava/lang/String;
aib	kj.q:Ljava/lang/String;
aib	kk.p:Ljava/lang/String;
aib	kl.a:Ljava/lang/String;
aib	kl.e:Ljava/lang/String;
aib	kla.b:Ljava/lang/String;
aib	km.s:Ljava/lang/String;
aib	kma.c:Ljava/lang/String;
aib	kmb.b:Ljava/lang/String;
aib	kmb.d:Ljava/lang/String;
aib	kpa.o:Ljava/lang/String;
aib	ks.o:Ljava/lang/String;
aib	ktb.o:Ljava/lang/String;
aib	ktb.r:I
aib	lh.a:Ljava/lang/String;
aib	li.i:Z
aib	lja.b:I
aib	lja.c:Ljava/lang/String;
aib	ljb.p:Ljava/lang/String;
aib	llb.H:Ljava/lang/String;
aib	llb.kb:Ljava/lang/String;
aib	lm.a:Ljava/lang/String;
aib	lu.a:Ljava/lang/String;
aib	mb.k:[Ljava/lang/String;
aib	mbb.d:Ljava/lang/String;
aib	mdb.o:I
aib	mgb.q:I
aib	mla.o:Ljava/lang/String;
aib	mlb.r:I
aib	mmb.b:Ljava/lang/String;
aib	mna.c:Ljava/lang/String;
aib	mwa.o:Ljava/lang/String;
aib	na.q:I
aib	nb.o:Ljava/lang/String;
aib	nd.p:I
aib	ndb.b:Ljava/lang/String;
aib	ne.m:Ljava/lang/String;
aib	ng.a:Ljava/lang/String;
aib	nr.o:Ljava/lang/String;
aib	nva.I:Ljava/lang/String;
aib	ob.m:Ljava/lang/String;
aib	oba.o:Ljava/lang/String;
aib	oe.a:Ljava/lang/String;
aib	oeb.o:I
aib	oib.b:Ljava/lang/String;
aib	ok.a:Ljava/lang/String;
aib	ola.q:Ljava/lang/String;
aib	omb.o:Ljava/lang/String;
aib	oqa.p:I
aib	orb.o:Ljava/lang/String;
aib	ou.o:Ljava/lang/String;
aib	pa.c:Ljava/lang/String;
aib	paa.o:Ljava/lang/String;
aib	paa.p:Ljava/lang/String;
aib	pb.n:Ljava/lang/String;
aib	pbb.a:Ljava/lang/String;
aib	pca.l:Ljava/lang/String;
aib	pfa.a:Ljava/lang/String;
aib	pfb.a:Ljava/lang/String;
aib	pja.i:Ljava/lang/String;
aib	pk.p:I
aib	plb.o:Ljava/lang/String;
aib	pma.p:Ljava/lang/String;
aib	pn.a:Ljava/lang/String;
aib	ppa.o:Ljava/lang/String;
aib	ppb.d:Ljava/lang/String;
aib	pra.q:Ljava/lang/String;
aib	ptb.f:Ljava/lang/String;
aib	pu.b:Ljava/lang/String;
aib	pu.c:[Ljava/lang/String;
aib	pwa.a:Ljava/lang/String;
aib	qa.p:Ljava/lang/String;
aib	qcb.r:Ljava/lang/String;
aib	qd.c:Ljava/lang/String;
aib	qe.o:Ljava/lang/String;
aib	qeb.c:Ljava/lang/String;
aib	qh.L:Ljava/lang/String;
aib	qhb.p:Ljava/lang/String;
aib	qja.o:Ljava/lang/String;
aib	qjb.a:Ljava/lang/String;
aib	qla.o:Ljava/lang/String;
aib	qmb.o:Ljava/lang/String;
aib	qn.d:Ljava/lang/String;
aib	qoa.p:Ljava/lang/String;
aib	qpa.a:Ljava/lang/String;
aib	qt.o:Ljava/lang/String;
aib	qwa.o:Ljava/lang/String;
aib	ra.p:Ljava/lang/String;
aib	ra.q:Ljava/lang/String;
aib	raa.o:Ljava/lang/String;
aib	rca.a:Ljava/lang/String;
aib	rf.o:Ljava/lang/String;
aib	rf.p:Ljava/lang/String;
aib	rg.c:Ljava/lang/String;
aib	rh.p:Ljava/lang/String;
aib	ri.b:Ljava/lang/String;
aib	ro.b:Ljava/lang/String;
aib	rob.p:Ljava/lang/String;
aib	rrb.a:I
aib	scb.p:Ljava/lang/String;
aib	se.b:Ljava/lang/String;
aib	seb.p:Ljava/lang/String;
aib	skb.p:Ljava/lang/String;
aib	slb.b:Ljava/lang/String;
aib	ssa.b:Ljava/lang/String;
aib	stb.o:Ljava/lang/String;
aib	tab.o:Ljava/lang/String;
aib	tg.s:Ljava/lang/String;
aib	tga.M:[Ljava/lang/String;
aib	thb.o:Ljava/lang/String;
aib	ti.i:Ljava/lang/String;
aib	tl.q:Ljava/lang/String;
aib	tnb.o:I
aib	to.q:Ljava/lang/String;
aib	tob.l:Ljava/lang/String;
aib	tob.o:Ldja;
aib	tqa.o:Ljava/lang/String;
aib	u.o:Ljava/lang/String;
aib	ub.d:[Ljava/lang/String;
aib	ubb.k:Ljava/lang/String;
aib	uf.F:Ljava/lang/String;
aib	ufb.c:Ljava/lang/String;
aib	uh.r:Ljava/lang/String;
aib	uhb.o:Ljava/lang/String;
aib	uia.a:Ljava/lang/String;
aib	uj.b:Ljava/lang/String;
aib	uka.o:Ljava/lang/String;
aib	ukb.p:Ljava/lang/String;
aib	una.a:Ljava/lang/String;
aib	urb.p:Ljava/lang/String;
aib	uu.a:I
aib	uu.c:Ljava/lang/String;
aib	uua.p:Ljava/lang/String;
aib	uw.d:Ljava/lang/String;
aib	vba.t:Ljava/lang/String;
aib	ve.p:I
aib	veb.a:Ljava/lang/String;
aib	veb.c:Ljava/lang/String;
aib	vj.o:Ljava/lang/String;
aib	vk.o:Ljava/lang/String;
aib	vla.C:Ljava/lang/String;
aib	vm.q:Ljava/lang/String;
aib	vn.i:Ljava/lang/String;
aib	vn.m:I
aib	vnb.p:I
aib	vob.q:Ljava/lang/String;
aib	vs.o:Ljava/lang/String;
aib	vsa.o:Ljava/lang/String;
aib	vu.Db:I
aib	wda.r:Ljava/lang/String;
aib	wgb.h:Ljava/lang/String;
aib	whb.d:Ljava/lang/String;
aib	wkb.e:[Ljava/lang/String;
aib	wnb.p:Ljava/lang/String;
aib	wnb.q:I
aib	woa.e:Ljava/lang/String;
aib	wpa.p:I
aib	wpa.r:I
aib	wqb.d:Ljava/lang/String;
aib	wra.o:Ljava/lang/String;
aib	wrb.o:Ljava/lang/String;
aib	ws.o:Ljava/lang/String;
aib	wsb.c:Ljava/lang/String;
aj	VoidHunters.G:I
aj	bbb.a:Ljava/lang/String;
aj	hwa.o:Los;
aj	jt.o:Lvla;
aj	kmb.c:Z
aj	o:Ljava/lang/String;
aj	oq.s:I
aj	os.z:Z
aj	p:Ljava/lang/String;
aj	qsb.d:Ljava/lang/String;
aj	rg.b:Z
aj	tla.c:Z
aj	uaa.p:Ljava/lang/String;
aj	vj.p:Ljava/lang/String;
aj	vpb.o:Ljava/lang/String;
aj	vu.xb:Z
ajb	d:I
ajb	e:I
ajb	f:Lclb;
ajb	g:I
ajb	h:I
ajb	i:I
ajb	j:I
ajb	k:[I
ajb	vda.o:Ljava/lang/String;
ak	VoidHunters.G:I
ak	coa.c:[I
ak	fwa.g:Lcoa;
ak	o:Z
aka	cka.o:Lhqb;
aka	di.k:Ljava/lang/String;
aka	hb.c:Z
aka	hqb.i:Law;
aka	kia.b:Ljava/lang/String;
aka	lqa.o:Lmm;
aka	o:[I
aka	ohb.o:Lmm;
aka	oq.H:I
aka	oqb.k:Ljava/lang/String;
aka	p:Z
aka	pgb.a:I
aka	pgb.e:Ljava/lang/String;
aka	pgb.i:J
aka	pgb.j:Lllb;
aka	pgb.m:[I
aka	pgb.n:Ljava/lang/String;
aka	pgb.q:I
aka	qs.a:I
aka	uca.D:Ljava/lang/String;
akb	a:Lasb;
al	VoidHunters.G:I
al	a:Ljava/lang/String;
al	b:[F
al	c:Lwoa;
al	d:I
al	e:[I
al	f:Lgl;
al	ffb.e:Ljava/lang/String;
al	g:I
al	kca.a:Ljava/lang/String;
al	ksa.a:Lksa;
al	ksa.c:Lksa;
al	qga.b:Lfaa;
al	sda.F:[I
al	sda.e:I
al	sda.q:I
al	wfa.F:[I
al	wfa.e:I
al	wfa.q:I
al	woa.a:I
al	woa.c:I
al	woa.d:[F
alb	a:Ljava/lang/String;
alb	z:Ljava/lang/String;
am	VoidHunters.G:I
am	bs.b:[I
am	ce.o:[B
am	cla.b:I
am	cta.q:Lij;
am	icb.p:Lpr;
am	ii.h:Z
am	kja.E:Lij;
am	ks.r:Lpr;
am	ktb.p:I
am	li.i:Z
am	llb.lb:Lij;
am	lqa.o:Lmm;
am	mea.e:Lij;
am	ne.v:Z
am	nkb.p:[B
am	o:Ljava/lang/String;
am	ocb.l:I
am	og.r:Lha;
am	oha.o:Lpr;
am	ohb.o:Lmm;
am	p:Ljava/lang/String;
am	paa.q:I
am	q:I
am	qea.p:I
am	qga.a:J
am	sea.o:I
am	tg.q:I
am	vu.zb:[B
am	wqa.a:J
ama	o:F
amb	VoidHunters.G:I
amb	a:Ljava/lang/String;
amb	b:Ljava/lang/String;
amb	bg.o:Z
amb	dma.g:I
amb	dma.i:[I
amb	dma.j:I
amb	fva.p:Z
amb	hca.o:Lllb;
amb	idb.o:Z
amb	jkb.a:Z
amb	kia.b:Ljava/lang/String;
amb	li.i:Z
amb	lj.a:I
amb	llb.u:I
amb	lrb.f:Z
amb	mjb.e:Z
amb	ndb.a:Luca;
amb	og.r:Lha;
amb	onb.a:I
amb	uca.N:Z
amb	uga.d:Z
amb	up.p:Ljava/lang/String;
amb	vqa.g:Luca;
an	b:I
ana	d:I
ana	e:Lfga;
ana	f:I
ana	g:Lksa;
ana	kt.l:I
anb	VoidHunters.G:I
anb	av.a:[Lml;
anb	d:I
anb	e:I
anb	f:I
anb	fna.o:I
anb	gbb.o:I
anb	ge.c:I
anb	gra.o:I
anb	h:I
anb	i:I
anb	ibb.a:I
anb	ii.d:Ldja;
anb	j:I
anb	java/lang/System.out:Ljava/io/PrintStream;
anb	k:Lml;
anb	l:I
anb	lta.a:F
anb	lta.f:[I
anb	m:I
anb	ml.a:Laqa;
anb	ml.b:I
anb	ml.e:I
anb	ml.j:I
anb	ml.n:I
anb	ml.r:I
anb	n:I
anb	nu.q:I
anb	o:I
anb	p:I
anb	pe.u:Lfba;
anb	q:[I
anb	r:I
anb	s:I
anb	t:I
anb	tua.a:I
anb	us.f:I
anb	wf.e:I
anb	wfb.b:I
anb	wfb.i:I
anb	wfb.s:Z
anb	wqa.b:I
ao	VoidHunters.G:I
ao	cbb.B:I
ao	cbb.C:[I
ao	cbb.F:[I
ao	cbb.G:[I
ao	cbb.H:[S
ao	cbb.J:[B
ao	cbb.K:[S
ao	cbb.M:[B
ao	cbb.a:[I
ao	cbb.e:[B
ao	cbb.i:[S
ao	cbb.k:[S
ao	cbb.o:[S
ao	cbb.t:[S
ao	cbb.v:[I
ao	cbb.x:[I
ao	chb.a:I
ao	o:I
aoa	VoidHunters.G:I
aoa	a:Lanb;
aoa	anb.k:Lml;
aoa	b:I
aoa	bpa.a:I
aoa	c:[I
aoa	cab.p:I
aoa	crb.d:I
aoa	crb.e:I
aoa	d:I
aoa	di.p:I
aoa	e:I
aoa	f:I
aoa	java/lang/System.out:Ljava/io/PrintStream;
aoa	lcb.q:[Lml;
aoa	ml.c:Lqjb;
aoa	ml.n:I
aoa	ml.r:I
aoa	qjb.c:I
aoa	sg.d:I
aoa	sg.e:I
aoa	sg.f:I
aoa	sg.h:I
aoa	sg.k:Lml;
aoa	sg.l:I
aoa	sg.n:I
aoa	th.o:I
aoa	tj.d:I
aoa	tj.e:I
aob	btb.a:Z
aob	gcb.p:Z
aob	hab.g:[Lwfb;
aob	o:Z
ap	o:[B
ap	ov.o:Llpb;
ap	p:[I
ap	q:Ljava/lang/String;
ap	tc.c:Lgj;
apa	ne.v:Z
apa	o:Ljava/lang/String;
apb	VoidHunters.G:I
apb	a:I
apb	b:I
apb	mob.f:I
apb	mv.e:[Lmob;
apb	mv.g:[Lmob;
apb	mv.i:I
apb	tma.r:Lij;
aq	VoidHunters.G:I
aq	ebb.b:Z
aq	ej.c:Lno;
aq	erb.p:Z
aq	fva.p:Z
aq	hab.k:I
aq	lf.o:Z
aq	llb.E:I
aq	llb.G:I
aq	llb.K:I
aq	llb.Y:I
aq	llb.db:I
aq	llb.eb:Lno;
aq	llb.ib:I
aq	llb.lb:Lij;
aq	llb.o:I
aq	llb.qb:I
aq	nrb.b:[Lpgb;
aq	o:I
aq	odb.b:Lllb;
aq	ou.q:I
aq	p:[I
aq	pgb.a:I
aq	pgb.d:Ljava/lang/String;
aq	pgb.j:Lllb;
aq	pgb.k:Z
aq	pgb.n:Ljava/lang/String;
aq	qw.l:Lllb;
aq	soa.wb:Lllb;
aq	soa.xb:Lllb;
aq	vea.p:Lsoa;
aqa	VoidHunters.G:I
aqa	a:[Ljava/lang/String;
aqa	anb.l:I
aqa	b:Ltbb;
aqa	c:Lgqb;
aqa	clb.a:I
aqa	d:Z
aqa	enb.c:I
aqa	gqb.c:I
aqa	ho.a:Lfwa;
aqa	ina.p:I
aqa	java/lang/System.out:Ljava/io/PrintStream;
aqa	oua.a:Z
aqa	pca.i:[Luj;
aqa	pwa.b:I
aqa	slb.a:I
aqa	veb.b:I
aqb	VoidHunters.G:I
aqb	a:Ljava/lang/String;
aqb	b:I
aqb	d:Ljava/net/ProxySelector;
aqb	e:Lllb;
aqb	f:I
aqb	java/lang/Integer.TYPE:Ljava/lang/Class;
aqb	java/net/Proxy$Type.DIRECT:Ljava/net/Proxy$Type;
aqb	java/net/Proxy$Type.HTTP:Ljava/net/Proxy$Type;
aqb	java/net/Proxy$Type.SOCKS:Ljava/net/Proxy$Type;
ar	VoidHunters.G:I
ar	a:Ljava/lang/String;
ar	b:I
ar	c:[Ltoa;
ar	eo.o:[I
ar	toa.a:I
ar	toa.b:I
ar	toa.c:[I
ara	d:I
ara	e:I
ara	f:I
ara	g:Ljava/lang/String;
ara	h:I
ara	java/lang/System.out:Ljava/io/PrintStream;
ara	qob.b:I
arb	I:[[B
arb	dma.a:I
arb	dma.b:[I
arb	dma.c:I
arb	dma.d:I
arb	dma.f:I
arb	dma.g:I
arb	dma.h:[I
arb	dma.i:[I
as	c:Lllb;
as	d:I
asa	a:Laba;
asa	c:J
asa	d:Ljava/lang/String;
asa	e:I
asb	VoidHunters.G:I
asb	a:Lllb;
asb	awa.o:[[Ljava/lang/String;
asb	b:Ljava/lang/String;
asb	bpa.d:Ljava/lang/String;
asb	c:[[Ljava/lang/Object;
asb	ce.o:[B
asb	cla.b:I
asb	cna.J:Z
asb	cna.Q:Z
asb	cna.o:I
asb	cna.y:Z
asb	crb.w:[[I
asb	d:Lfnb;
asb	ds.e:I
asb	ds.h:[B
asb	e:Z
asb	ea.k:[Ljava/lang/String;
asb	f:I
asb	fra.c:Ljava/lang/String;
asb	g:Lqp;
asb	gh.p:Ljava/lang/String;
asb	go.p:I
asb	h:I
asb	hcb.o:I
asb	hia.o:[[I
asb	hqb.k:[[Ljava/lang/String;
asb	hrb.b:Z
asb	hva.c:[Ljava/lang/String;
asb	i:[Ljava/lang/Object;
asb	ieb.o:[I
asb	ii.h:Z
asb	imb.a:I
asb	inb.q:[[Lcna;
asb	k.q:Ljava/lang/String;
asb	kbb.p:I
asb	ll.o:Z
asb	lob.a:Ljava/lang/String;
asb	lp.a:Ljava/lang/String;
asb	lqa.o:Lmm;
asb	mia.a:[Z
asb	mla.r:Ljava/lang/String;
asb	mm.Bb:I
asb	mm.Cb:I
asb	mm.Fb:I
asb	mm.Pb:[B
asb	mm.Vb:Ljava/lang/String;
asb	mm.fc:Z
asb	mta.a:[[Ljava/lang/String;
asb	ncb.a:[[I
asb	nkb.p:[B
asb	nkb.r:I
asb	nna.F:Ljava/lang/String;
asb	nqa.b:[[Z
asb	nr.p:Z
asb	nra.a:Ljava/lang/String;
asb	oba.p:Ljava/lang/String;
asb	ocb.l:I
asb	qcb.o:[[Z
asb	qd.d:I
asb	qp.a:Lkca;
asb	qp.d:[I
asb	qp.g:[[I
asb	qp.i:[I
asb	qp.j:[I
asb	qp.k:I
asb	qp.l:I
asb	qp.m:[I
asb	qp.p:[Lkca;
asb	si.o:[Z
asb	sl.b:Z
asb	tab.p:[[I
asb	tg.q:I
asb	tib.i:[B
asb	tsa.h:I
asb	uda.a:Ljava/lang/String;
asb	ufa.o:Z
asb	vu.zb:[B
asb	wia.b:Ljava/lang/String;
ata	B:I
ata	D:I
ata	E:I
ata	F:I
ata	G:Ljava/lang/String;
ata	I:I
ata	J:I
ata	K:Lphb;
ata	L:Ljava/lang/String;
ata	VoidHunters.G:I
ata	bva.c:I
ata	g:I
ata	gca.q:[C
ata	gha.q:Lrrb;
ata	jl.r:C
ata	npa.a:[I
ata	nwa.a:I
ata	oea.q:D
ata	pma.o:I
ata	r:I
atb	VoidHunters.G:I
atb	a:Lpf;
atb	b:[Lphb;
atb	c:Lpfb;
atb	e:Ld;
atb	opa.c:B
atb	opa.h:Z
atb	opa.i:Z
atb	opa.j:B
atb	opa.k:Z
atb	opa.q:I
atb	opa.s:Z
atb	pf.n:I
atb	qua.d:Lkb;
au	a:Ljava/io/RandomAccessFile;
au	b:J
au	c:I
au	d:J
au	java/lang/System.out:Ljava/io/PrintStream;
av	a:[Lml;
ava	a:I
ava	z:Ljava/lang/String;
aw	Ab:I
aw	Bb:Lgl;
aw	Cb:Lllb;
aw	Db:Ljava/lang/String;
aw	Eb:[I
aw	Fb:Lllb;
aw	Gb:[Lcna;
aw	Hb:I
aw	Ib:I
aw	VoidHunters.G:I
aw	bta.q:I
aw	cna.B:I
aw	cna.S:Z
aw	cna.mb:[Lphb;
aw	cna.o:I
aw	fc.o:Ljava/lang/String;
aw	jha.p:I
aw	jnb.o:I
aw	ki.o:I
aw	pba.o:I
aw	pma.o:I
aw	rma.b:I
aw	tkb.p:I
aw	vb:I
aw	via.b:I
aw	wb:I
aw	wkb.c:I
aw	xb:[Lphb;
aw	yb:I
aw	zb:I
awa	VoidHunters.G:I
awa	ds.e:I
awa	mm.Bb:I
awa	mm.Cb:I
awa	mm.Fb:I
awa	mm.Gb:Z
awa	mm.Ib:[Ljava/lang/String;
awa	mm.Kb:I
awa	mm.Nb:J
awa	mm.Ob:J
awa	mm.Pb:[B
awa	mm.Ub:I
awa	mm.Vb:Ljava/lang/String;
awa	mm.Xb:Z
awa	mm.cc:Z
awa	mm.fc:Z
awa	mm.xb:Z
awa	mm.zb:I
awa	o:[[Ljava/lang/String;
awa	p:Ljava/lang/StringBuilder;
awa	q:I
awa	sn.Y:Z
b	A:I
b	a:[[F
b	b:[S
b	bqa.b:I
b	bqa.c:I
b	bqa.e:I
b	c:I
b	cbb.C:[I
b	cbb.D:I
b	cbb.F:[I
b	cbb.G:[I
b	cbb.H:[S
b	cbb.I:[I
b	cbb.K:[S
b	cbb.L:[I
b	cbb.M:[B
b	cbb.a:[I
b	cbb.b:[S
b	cbb.e:[B
b	cbb.f:[I
b	cbb.g:[Lbqa;
b	cbb.i:[S
b	cbb.j:I
b	cbb.k:[S
b	cbb.m:[B
b	cbb.n:[B
b	cbb.o:[S
b	cbb.p:[I
b	cbb.r:[B
b	cbb.s:I
b	cbb.t:[S
b	cbb.u:[S
b	cbb.v:[I
b	cbb.x:[I
b	cbb.y:[I
b	co.a:[F
b	d:S
b	e:[I
b	f:Lsob;
b	g:[S
b	h:[B
b	i:[Lffa;
b	j:S
b	k:[B
b	kua.b:[I
b	kua.c:[[F
b	kua.d:[I
b	kua.f:[I
b	l:[S
b	m:[S
b	mpb.h:[I
b	n:Z
b	o:[I
b	opa.c:B
b	opa.d:B
b	opa.n:B
b	opa.p:B
b	opa.q:I
b	opa.r:Z
b	p:[Lcs;
b	q:[[F
b	r:S
b	s:[S
b	sob.a:Ld;
b	sr.a:Z
b	sr.b:I
b	sr.d:I
b	sr.e:I
b	sr.f:I
b	sr.g:I
b	t:I
b	u:I
b	v:I
b	w:S
b	x:I
b	y:[I
b	z:Z
ba	nativeid:J
baa	dn.r:Ldfa;
baa	kla.d:Ldfa;
baa	lrb.b:Ldfa;
baa	o:Ldja;
baa	p:I
baa	q:I
baa	rfa.p:Z
baa	wba.p:Lge;
bab	VoidHunters.G:I
bab	a:Ljava/lang/String;
bab	b:Ljava/lang/String;
bab	dla.d:I
bab	ek.o:I
bab	fwa.h:I
bab	hpa.p:I
bab	io.p:I
bab	lsa.f:J
bab	nkb.o:Ljava/lang/String;
bab	ow.b:I
bab	tsa.e:I
bab	tsa.g:I
bab	waa.x:Ljava/lang/String;
bb	jv.b:I
bb	o:Ljava/lang/String;
bb	qfb.o:I
bb	vga.d:I
bb	wl.q:I
bba	VoidHunters.G:I
bba	a:I
bba	ag.q:Ldja;
bba	b:[Lwm;
bba	baa.o:Ldja;
bba	c:[Lrna;
bba	cwa.a:Ldja;
bba	e:Ljava/lang/String;
bba	f:Ljava/lang/String;
bba	gjb.o:Ldja;
bba	java/lang/System.out:Ljava/io/PrintStream;
bba	jv.d:Ldja;
bba	kg.r:Ldja;
bba	leb.o:Ldja;
bba	lq.i:Ldja;
bba	ml.d:[Limb;
bba	nd.s:Ldja;
bba	nha.o:Ldja;
bba	oua.b:Ldja;
bba	psa.o:Ldja;
bba	re.k:Ldja;
bba	rla.v:Ldja;
bba	rsb.e:Llbb;
bba	rsb.g:Lpe;
bba	scb.o:Ldja;
bba	te.o:Ldja;
bba	uib.o:Ldja;
bba	whb.c:Ldja;
bba	wlb.q:Ldja;
bba	wm.a:Z
bbb	VoidHunters.G:I
bbb	a:Ljava/lang/String;
bbb	phb.k:I
bbb	phb.l:I
bbb	phb.m:I
bbb	phb.n:I
bbb	phb.p:I
bbb	phb.q:I
bc	a:Ljava/lang/String;
bc	b:Lij;
bc	c:[Lphb;
bca	a:Ldpb;
bd	VoidHunters.G:I
bd	a:Ljava/lang/String;
bd	aba.a:Law;
bd	as.c:Lllb;
bd	asb.a:Lllb;
bd	atb.d:I
bd	bsa.q:Lllb;
bd	bv.b:Lllb;
bd	caa.g:I
bd	cab.o:Lpjb;
bd	cwa.c:Lllb;
bd	dla.e:Lllb;
bd	ef.y:Larb;
bd	efb.a:Lllb;
bd	ga.s:Lllb;
bd	geb.o:Lllb;
bd	gfb.a:Lllb;
bd	gjb.p:Lllb;
bd	go.q:Lllb;
bd	hi.a:I
bd	hnb.X:Lllb;
bd	htb.w:Lllb;
bd	iga.o:Lllb;
bd	jba.h:Lllb;
bd	jk.Cb:I
bd	jta.o:Lllb;
bd	ki.p:Lllb;
bd	kn.p:Lllb;
bd	lcb.r:Lllb;
bd	llb.A:[Lphb;
bd	llb.B:I
bd	llb.D:I
bd	llb.F:I
bd	llb.P:I
bd	llb.U:I
bd	llb.X:I
bd	llb.Y:I
bd	llb.cb:Lphb;
bd	llb.eb:Lno;
bd	llb.fb:I
bd	llb.gb:[Lphb;
bd	llb.ib:I
bd	llb.jb:I
bd	llb.mb:[Lphb;
bd	llb.nb:[Lphb;
bd	llb.ob:Lphb;
bd	llb.qb:I
bd	llb.rb:I
bd	llb.tb:Lphb;
bd	llb.ub:[Lphb;
bd	llb.w:I
bd	llb.z:Lphb;
bd	lo.b:Lllb;
bd	mha.a:I
bd	mla.q:Lllb;
bd	msa.o:Lllb;
bd	nfb.a:Lllb;
bd	nna.w:I
bd	pa.a:Lllb;
bd	pva.d:Lllb;
bd	qc.q:Lllb;
bd	qcb.p:Lllb;
bd	qs.c:I
bd	qsa.d:Lllb;
bd	rbb.k:Lwdb;
bd	rh.o:Larb;
bd	sdb.p:Lllb;
bd	tia.M:Lllb;
bd	urb.o:Lqca;
bd	vhb.c:Lllb;
bd	vj.q:Lllb;
bd	vlb.a:Lllb;
bda	a:Ljava/lang/String;
bda	z:Ljava/lang/String;
bdb	VoidHunters.G:I
bdb	tu.d:I
be	a:I
be	b:I
be	java/lang/System.out:Ljava/io/PrintStream;
bea	VoidHunters.G:I
bea	a:[Ljava/lang/String;
bea	apb.a:I
bea	b:[Ldmb;
bea	bha.a:Z
bea	c:[I
bea	cab.p:I
bea	ce.o:[B
bea	cg.r:I
bea	cna.J:Z
bea	cna.y:Z
bea	cq.d:I
bea	cq.e:I
bea	cq.f:I
bea	cq.g:I
bea	crb.k:Lml;
bea	d:I
bea	de.p:I
bea	e:I
bea	ebb.a:Ldja;
bea	f:[F
bea	foa.p:I
bea	fq.o:[I
bea	hrb.b:Z
bea	ieb.o:[I
bea	inb.q:[[Lcna;
bea	java/lang/System.out:Ljava/io/PrintStream;
bea	kn.q:Ldja;
bea	ku.c:I
bea	lqa.o:Lmm;
bea	ltb.p:I
bea	mia.a:[Z
bea	mm.Fb:I
bea	mm.Pb:[B
bea	nbb.d:I
bea	nbb.e:I
bea	ncb.a:[[I
bea	nkb.p:[B
bea	nr.p:Z
bea	ocb.l:I
bea	opb.o:I
bea	oq.l:I
bea	oq.v:I
bea	pd.g:[[I
bea	qjb.d:I
bea	qqb.b:I
bea	ra.o:Ldja;
bea	rma.d:Ldja;
bea	rsb.c:[Lbha;
bea	rsb.e:Llbb;
bea	rsb.g:Lpe;
bea	sg.d:I
bea	sg.e:I
bea	sg.k:Lml;
bea	tfa.a:Z
bea	tfa.h:I
bea	tib.i:[B
bea	vu.zb:[B
bea	wfb.l:I
bea	wj.o:I
bea	wm.a:Z
bea	wqb.e:Ljava/util/Hashtable;
bea	wsb.e:Ldja;
beb	a:I
beb	java/lang/Boolean.TYPE:Ljava/lang/Class;
beb	java/lang/Byte.TYPE:Ljava/lang/Class;
beb	java/lang/Character.TYPE:Ljava/lang/Class;
beb	java/lang/Double.TYPE:Ljava/lang/Class;
beb	java/lang/Float.TYPE:Ljava/lang/Class;
beb	java/lang/Integer.TYPE:Ljava/lang/Class;
beb	java/lang/Long.TYPE:Ljava/lang/Class;
beb	java/lang/Short.TYPE:Ljava/lang/Class;
bf	a:Lllb;
bfa	o:Lij;
bfa	p:Ljava/lang/String;
bfb	a:I
bfb	b:I
bfb	c:[I
bfb	d:Z
bfb	dma.a:I
bfb	dma.c:I
bfb	dma.d:I
bfb	dma.f:I
bfb	dma.g:I
bfb	dma.i:[I
bfb	e:[I
bfb	f:I
bfb	g:[I
bfb	h:I
bfb	i:[I
bfb	j:I
bfb	k:[I
bg	o:Z
bg	oq.s:I
bga	o:Ljava/lang/String;
bh	VoidHunters.G:I
bh	apb.c:I
bh	dpa.p:Lfaa;
bh	faa.e:I
bh	lqa.o:Lmm;
bh	mm.Bb:I
bh	mm.Cb:I
bh	mm.Fb:I
bh	mm.Pb:[B
bha	a:Z
bhb	VoidHunters.G:I
bhb	d:[B
bhb	e:Ljava/lang/String;
bhb	faa.e:I
bhb	faa.h:[B
bhb	g:I
bhb	gva.a:Ldja;
bhb	h:Ltja;
bhb	i:I
bi	VoidHunters.G:I
bi	a:I
bi	b:Lmob;
bi	c:Lmob;
bi	d:Ljava/io/DataInputStream;
bi	ds.e:I
bi	ds.h:[B
bi	e:Leab;
bi	f:Lmob;
bi	g:Ljava/lang/String;
bi	h:Lds;
bi	i:Ljava/net/URL;
bi	mob.d:Ljava/lang/Object;
bi	mob.f:I
bia	ajb.d:I
bia	ajb.e:I
bia	ajb.g:I
bia	ajb.h:I
bia	ajb.i:I
bia	ajb.j:I
bia	ajb.k:[I
bia	bc.b:Lij;
bia	c:I
bia	ce.p:Lij;
bia	fwa.g:Lcoa;
bia	kpb.q:Lqkb;
bib	d:Lpf;
bib	e:Ljava/lang/String;
bib	f:I
bib	g:Ljava/math/BigInteger;
bj	VoidHunters.G:I
bj	ahb.p:I
bj	asb.e:Z
bj	asb.h:I
bj	btb.b:Lasb;
bj	dma.g:I
bj	dma.i:[I
bj	dma.j:I
bj	dt.o:Lasb;
bj	ef.z:I
bj	ej.a:Lllb;
bj	gdb.i:Lasb;
bj	ie.o:Lphb;
bj	jwa.k:Lllb;
bj	llb.lb:Lij;
bj	lnb.i:Ljv;
bj	ppb.a:Lasb;
bj	tha.o:Ltjb;
bj	tra.o:Lllb;
bj	usa.o:Lvoa;
bj	wdb.Ab:Lllb;
bja	o:Ljava/lang/String;
bja	p:[I
bjb	ega.o:[I
bjb	fe.o:[I
bjb	jab.o:[I
bjb	jmb.r:[I
bjb	kt.r:[I
bjb	o:I
bjb	p:[Lqsa;
bjb	q:Ljava/lang/String;
bk	f:I
bk	g:I
bk	h:I
bk	msa.s:Lrbb;
bk	q:Lwwa;
bk	r:I
bk	t:Lshb;
bk	v:Ljra;
bk	w:Lfaa;
bka	o:Ljava/lang/String;
bka	p:I
bkb	a:Ljava/lang/String;
bkb	b:Ljava/applet/Applet;
bkb	cq.d:I
bkb	cq.e:I
bkb	cq.f:I
bkb	cq.g:I
bl	VoidHunters.G:I
bl	f:I
bl	fob.a:I
bl	g:I
bl	h:I
bl	phb.p:I
bl	phb.q:I
bl	r:I
bl	rua.q:[I
bl	v:Lida;
bl	vi.p:I
bl	vib.b:Lphb;
bl	w:I
bl	x:Lno;
bl	y:Ljava/lang/String;
bl	z:Z
bla	bqa.f:Ljava/lang/String;
bla	cca.o:Lqrb;
bla	dsa.q:Lqrb;
bla	f:Lvqa;
bla	g:Ljava/lang/String;
bla	h:Z
bla	lea.o:Lqrb;
bla	qh.N:Ljava/lang/String;
bm	VoidHunters.G:I
bm	acb.r:Ljava/lang/String;
bm	aw.Db:Ljava/lang/String;
bm	bsa.q:Lllb;
bm	cp.j:Ljava/lang/String;
bm	cqb.f:Ljava/lang/String;
bm	crb.w:[[I
bm	dfb.p:Ljava/lang/String;
bm	ee.r:Ljava/lang/String;
bm	eka.a:Ljava/lang/String;
bm	fqb.p:Ljava/lang/String;
bm	geb.o:Lllb;
bm	gob.b:Ljava/lang/String;
bm	gp.q:[Ljava/lang/String;
bm	hia.o:[[I
bm	hva.c:[Ljava/lang/String;
bm	iwa.c:Ljava/lang/String;
bm	jba.h:Lllb;
bm	jk.Ab:I
bm	jk.Bb:I
bm	jk.Db:I
bm	jk.E:I
bm	jk.Eb:Z
bm	jk.Fb:Z
bm	jk.G:I
bm	jk.Gb:I
bm	jk.Ib:Lllb;
bm	jk.Jb:Lllb;
bm	jk.Lb:Z
bm	jk.Mb:Lllb;
bm	jk.Nb:Lllb;
bm	jk.Q:Z
bm	jk.hb:I
bm	jk.lb:Lij;
bm	jk.o:I
bm	jk.vb:I
bm	jk.wb:Lllb;
bm	jk.xb:Ljava/lang/String;
bm	jk.yb:I
bm	jk.zb:J
bm	jla.B:Ljava/lang/String;
bm	knb.q:Ljava/lang/String;
bm	ktb.p:I
bm	ll.o:Z
bm	llb.F:I
bm	llb.G:I
bm	llb.I:I
bm	llb.O:Z
bm	llb.R:Ljava/lang/String;
bm	llb.U:I
bm	llb.Y:I
bm	llb.eb:Lno;
bm	llb.hb:I
bm	llb.ib:I
bm	llb.lb:Lij;
bm	llb.o:I
bm	llb.qb:I
bm	lob.a:Ljava/lang/String;
bm	lqa.o:Lmm;
bm	mha.a:I
bm	mm.Pb:[B
bm	mm.Vb:Ljava/lang/String;
bm	mm.fc:Z
bm	mta.a:[[Ljava/lang/String;
bm	na.o:Ljava/lang/String;
bm	nfb.a:Lllb;
bm	nna.w:I
bm	o:Leab;
bm	ocb.l:I
bm	ooa.zb:Ljava/lang/String;
bm	oq.H:I
bm	otb.o:Ljava/lang/String;
bm	pha.q:Ljava/lang/String;
bm	pua.o:Ljava/lang/String;
bm	qc.q:Lllb;
bm	qcb.o:[[Z
bm	qg.a:Lsoa;
bm	qs.a:I
bm	qs.c:I
bm	rga.f:Lsoa;
bm	rnb.o:Ljava/lang/String;
bm	soa.wb:Lllb;
bm	tab.p:[[I
bm	tja.a:Lsoa;
bm	ufa.o:Z
bm	uk.a:Ljava/lang/String;
bm	vl.q:Ljava/lang/String;
bm	vnb.o:Ljava/lang/String;
bm	web.p:Ljava/lang/String;
bm	wqa.a:J
bma	VoidHunters.G:I
bma	asa.a:Laba;
bma	d:Lpf;
bma	df.o:Laba;
bma	e:Leb;
bma	et.c:Laba;
bma	f:Z
bma	g:Z
bma	gla.c:I
bma	h:[F
bma	i:Z
bma	j:Lgla;
bma	jp.Ac:Z
bma	k:Lgla;
bma	l:Z
bma	m:Lgla;
bma	n:I
bma	o:I
bma	p:Lgla;
bma	pea.d:Lslb;
bma	pf.Q:Lura;
bma	pja.l:Lslb;
bma	qcb.q:Lslb;
bmb	a:Lgnb;
bmb	apa.p:I
bmb	b:Ljava/lang/String;
bmb	beb.a:I
bmb	bia.d:I
bmb	bua.o:Z
bmb	c:Lasb;
bmb	cp.n:Leab;
bmb	d:Lasb;
bmb	dpa.p:Lfaa;
bmb	e:Lgnb;
bmb	eab.o:Lau;
bmb	ff.p:Ljava/lang/String;
bmb	fk.c:I
bmb	gd.i:[B
bmb	js.q:Z
bmb	lmb.b:I
bmb	pcb.p:I
bmb	qga.b:Lfaa;
bmb	rda.o:J
bmb	vsa.r:Lgdb;
bn	a:I
bn	li.i:Z
bn	mmb.d:[Laja;
bna	ff.o:Lona;
bna	l:Ljava/lang/ref/SoftReference;
bna	m:Ljava/lang/String;
bna	ona.g:I
bna	ona.k:I
bnb	o:I
bnb	p:I
bnb	q:Ljava/lang/String;
bo	bk.w:Lfaa;
bo	faa.e:I
bo	o:Ljava/lang/String;
boa	a:Lno;
boa	b:Ljava/lang/String;
boa	c:[I
boa	cbb.q:J
boa	faa.e:I
boa	faa.h:[B
boa	java/lang/System.out:Ljava/io/PrintStream;
boa	ov.o:Llpb;
boa	qga.b:Lfaa;
bob	VoidHunters.G:I
bob	a:I
bob	ar.c:[Ltoa;
bob	b:I
bob	c:I
bob	d:Lno;
bob	e:Ldja;
bob	f:I
bob	g:Z
bob	h:I
bob	i:I
bob	j:I
bob	k:I
bob	l:Ljava/lang/String;
bob	m:I
bob	msa.s:Lrbb;
bob	n:I
bob	no.A:I
bob	no.k:I
bob	o:I
bob	shb.d:Lar;
bob	shb.f:I
bob	shb.g:I
bob	shb.h:I
bob	shb.i:I
bob	shb.j:Ljava/lang/String;
bob	shb.r:I
bob	shb.s:I
bob	toa.a:I
bob	toa.b:I
bob	toa.c:[I
bp	VoidHunters.G:I
bp	bqa.d:Lllb;
bp	dma.g:I
bp	dma.j:I
bp	dw.a:[I
bp	fh.f:Lllb;
bp	fwa.a:Lllb;
bp	gha.p:Lllb;
bp	gmb.c:Lllb;
bp	gp.p:I
bp	gs.b:Lllb;
bp	hab.i:I
bp	jna.o:Lllb;
bp	lc.b:Lbs;
bp	ll.o:Z
bp	llb.G:I
bp	llb.hb:I
bp	lua.c:I
bp	lw.i:Lllb;
bp	mqb.C:Lllb;
bp	mt.o:I
bp	nna.v:Lllb;
bp	nna.w:I
bp	ob.j:I
bp	oib.a:Lllb;
bp	qpb.w:Lllb;
bp	rba.a:I
bp	rba.b:[[I
bp	rgb.f:Lsoa;
bp	sra.a:Lllb;
bp	tb.a:Lllb;
bp	uga.h:Lllb;
bp	wjb.p:I
bp	wrb.q:Lllb;
bpa	VoidHunters.G:I
bpa	a:I
bpa	b:Lnva;
bpa	c:Lllb;
bpa	d:Ljava/lang/String;
bpa	no.k:I
bpa	nva.E:Ljava/lang/String;
bpa	nva.v:Lno;
bpa	nva.w:Ltia;
bpa	rba.b:[[I
bpa	shb.f:I
bpa	shb.g:I
bpa	shb.h:I
bpa	shb.r:I
bpb	o:Ljava/lang/String;
bpb	p:[[Lphb;
bpb	q:[Ljava/lang/String;
bq	VoidHunters.G:I
bq	bm.o:Leab;
bq	hu.b:I
bq	igb.a:Ljava/awt/Canvas;
bq	kc.b:I
bq	noa.q:I
bq	pba.o:I
bq	pk.o:I
bq	psb.b:Lufb;
bq	sab.o:I
bq	stb.p:I
bq	uia.b:I
bq	ujb.c:I
bq	upa.a:Z
bq	uqb.h:I
bqa	d:Lllb;
bqa	f:Ljava/lang/String;
bqa	hcb.o:I
bqb	o:[Z
bqb	p:Ljava/lang/String;
br	f:Llkb;
bra	a:Ljava/awt/Canvas;
bra	b:Lfs;
bra	c:Lt;
bra	d:I
bra	e:J
bra	f:[Ljava/lang/String;
bra	g:Lha;
brb	bm.o:Leab;
brb	eg.p:Lrbb;
brb	kc.b:I
brb	loa.o:Lno;
brb	noa.q:I
brb	o:I
brb	pk.o:I
brb	rbb.b:I
brb	rbb.c:I
brb	rbb.g:I
brb	rbb.h:I
brb	rbb.j:I
brb	rbb.m:I
brb	rbb.p:Lno;
brb	rbb.u:I
brb	uia.b:I
brb	upa.a:Z
brb	web.o:Lno;
bs	a:Looa;
bs	aha.o:Lllb;
bs	b:[I
bs	c:I
bs	ci.c:Lllb;
bs	d:Lgj;
bs	dpa.o:Ljava/lang/String;
bs	gfb.a:Lllb;
bs	llb.G:I
bs	llb.hb:I
bs	nna.w:I
bs	pp.q:Ljava/lang/String;
bs	rba.a:I
bs	re.n:Lwdb;
bs	rrb.b:Lllb;
bs	rtb.h:Lllb;
bs	vhb.c:Lllb;
bs	vra.b:Lwdb;
bsa	p:Ljava/lang/String;
bsa	q:Lllb;
bsa	qaa.a:F
bsb	a:I
bsb	b:[J
bsb	z:Ljava/lang/String;
bt	a:Lds;
bt	b:Ljava/lang/String;
bt	c:I
bta	VoidHunters.G:I
bta	klb.q:Lij;
bta	o:Ljava/lang/String;
bta	oaa.k:Lij;
bta	p:I
bta	q:I
bta	r:Ldka;
btb	a:Z
btb	b:Lasb;
btb	c:Ljava/lang/String;
btb	d:[Lgdb;
btb	z:Ljava/lang/String;
bu	z:Ljava/lang/String;
bua	o:Z
bv	VoidHunters.G:I
bv	a:[I
bv	afa.p:Ljava/lang/String;
bv	b:Lllb;
bv	baa.p:I
bv	bhb.e:Ljava/lang/String;
bv	bhb.g:I
bv	bib.f:I
bv	bpb.q:[Ljava/lang/String;
bv	bva.d:Z
bv	c:I
bv	cab.p:I
bv	chb.a:I
bv	d:Z
bv	dn.q:I
bv	ds.g:I
bv	e:I
bv	ei.f:Ljava/lang/String;
bv	eka.b:Z
bv	es.b:Lkc;
bv	ge.b:Ljava/lang/String;
bv	gk.p:Z
bv	gla.b:Ljava/lang/String;
bv	hna.n:I
bv	kc.b:I
bv	kc.f:Lboa;
bv	lcb.q:[Lml;
bv	lj.a:I
bv	lta.f:[I
bv	lu.f:[I
bv	lw.h:I
bv	lw.l:I
bv	lw.m:I
bv	mfb.a:Z
bv	mgb.q:I
bv	mja.o:Z
bv	ml.c:Lqjb;
bv	mmb.d:[Laja;
bv	nbb.k:Lml;
bv	nd.p:I
bv	noa.q:I
bv	nqa.c:Z
bv	nr.o:Ljava/lang/String;
bv	oba.o:Ljava/lang/String;
bv	oeb.o:I
bv	onb.a:I
bv	oq.l:I
bv	pja.i:Ljava/lang/String;
bv	pk.o:I
bv	qd.a:[Z
bv	qoa.p:Ljava/lang/String;
bv	rca.b:I
bv	rca.c:I
bv	rsb.c:[Lbha;
bv	rsb.e:Llbb;
bv	rsb.g:Lpe;
bv	sg.d:I
bv	sg.e:I
bv	sg.k:Lml;
bv	si.o:[Z
bv	slb.b:Ljava/lang/String;
bv	tcb.o:I
bv	tfa.f:I
bv	uia.a:Ljava/lang/String;
bv	uia.b:I
bv	ve.p:I
bv	vl.o:I
bv	vsa.o:Ljava/lang/String;
bv	wpa.r:I
bva	b:[I
bva	c:I
bva	d:Z
bva	e:Ljava/lang/String;
bva	f:[Lqma;
bva	g:Ljava/lang/String;
bw	a:Ljava/lang/String;
bw	b:Ljava/lang/String;
bw	c:Ljava/lang/String;
bw	z:Ljava/lang/String;
bwa	Ab:Lllb;
bwa	Bb:Lllb;
bwa	Cb:Lllb;
bwa	Db:[Lllb;
bwa	Eb:Lllb;
bwa	Fb:Ljava/lang/StringBuilder;
bwa	VoidHunters.G:I
bwa	egb.o:[Ljava/lang/String;
bwa	fh.j:Ljava/lang/String;
bwa	fva.o:I
bwa	gca.p:Ljava/lang/String;
bwa	go.p:I
bwa	hb:I
bwa	hpb.j:Ljava/lang/String;
bwa	jrb.p:Ljava/lang/String;
bwa	lcb.p:Ljava/lang/String;
bwa	llb.D:I
bwa	llb.F:I
bwa	llb.G:I
bwa	llb.L:I
bwa	llb.R:Ljava/lang/String;
bwa	llb.Y:I
bwa	llb.eb:Lno;
bwa	llb.gb:[Lphb;
bwa	llb.hb:I
bwa	llb.o:I
bwa	llb.s:Ljava/lang/String;
bwa	llb.w:I
bwa	llb.y:Z
bwa	nfa.d:I
bwa	nna.w:I
bwa	o:I
bwa	oqb.n:Ljava/lang/String;
bwa	pba.o:I
bwa	pma.o:I
bwa	po.p:Ljava/lang/String;
bwa	pqa.p:Ljava/lang/String;
bwa	qca.J:Z
bwa	qca.o:I
bwa	vb:Lllb;
bwa	vgb.q:Ljava/lang/String;
bwa	wb:Lqca;
bwa	xb:I
bwa	yb:J
bwa	zb:Lllb;
c	VoidHunters.G:I
c	d:I
c	e:J
c	f:[B
c	li.i:Z
ca	nua.o:I
ca	o:Ljava/lang/String;
ca	p:Lij;
caa	a:I
caa	d:I
caa	dma.a:I
caa	dma.c:I
caa	dma.d:I
caa	dma.f:I
caa	dma.g:I
caa	dma.i:[I
caa	e:I
caa	f:I
caa	g:I
caa	h:I
caa	i:[I
caa	j:[B
cab	bta.q:I
cab	o:Lpjb;
cab	p:I
cab	q:Ljava/lang/String;
cb	bta.p:I
cba	e:Lgdb;
cba	f:Ljaclib/memory/heap/NativeHeap;
cbb	D:I
cbb	VoidHunters.G:I
cbb	bqa.a:I
cbb	g:[Lbqa;
cbb	h:I
cbb	hwa.r:[Lima;
cbb	j:I
cbb	oaa.j:Lphb;
cbb	p:[I
cbb	s:I
cbb	t:[S
cbb	wgb.g:Z
cbb	y:[I
cc	VoidHunters.G:I
cc	c:I
cc	d:Ljava/lang/String;
cc	java/lang/System.out:Ljava/io/PrintStream;
cc	kc.b:I
cc	noa.q:I
cc	oq.H:I
cc	pk.o:I
cc	qs.a:I
cc	uia.b:I
cca	o:Lqrb;
cca	p:I
ccb	a:Lkl;
ccb	ika.c:[I
ccb	java/lang/System.out:Ljava/io/PrintStream;
cd	a:Ljava/lang/String;
cd	b:I
cd	c:I
cd	klb.r:Lida;
cda	VoidHunters.G:I
cda	a:[Ljo;
cda	b:I
cda	dp.b:Ldja;
cda	ggb.a:I
cda	java/lang/System.out:Ljava/io/PrintStream;
cda	jo.b:I
cda	jo.f:I
cda	jo.h:I
cdb	grb.l:[I
cdb	z:Ljava/lang/String;
ce	ema.o:[Lmfb;
ce	o:[B
ce	p:Lij;
cea	ci.b:I
ceb	o:[Lllb;
ceb	p:Z
ceb	r:Ljava/lang/String;
cf	VoidHunters.G:I
cf	a:Ljava/lang/String;
cf	b:I
cf	c:I
cf	efb.b:Lvfa;
cf	et.b:I
cf	java/lang/System.out:Ljava/io/PrintStream;
cf	msa.s:Lrbb;
cf	pu.c:[Ljava/lang/String;
cf	qn.h:Lida;
cf	rsb.e:Llbb;
cf	vfa.b:Z
cfa	bta.r:Ldka;
cfa	d:Ljava/lang/String;
cfa	e:Ljava/lang/String;
cfa	elb.f:Lbob;
cfa	f:Ljava/lang/String;
cfa	no.k:I
cfa	web.o:Lno;
cg	ak.o:Z
cg	o:Lphb;
cg	p:Lij;
cg	q:I
cg	r:I
cg	wg.p:Ljava/lang/String;
cga	apb.b:I
cga	o:[Ljava/lang/String;
cgb	a:Z
ch	bta.p:I
ch	p:I
cha	o:Z
cha	p:I
cha	q:Ldka;
cha	r:Ljava/lang/String;
chb	a:I
chb	bjb.p:[Lqsa;
chb	cka.o:Lhqb;
chb	esa.o:Ljava/lang/String;
chb	hcb.p:I
chb	hqb.i:Law;
chb	oq.H:I
chb	qs.a:I
ci	VoidHunters.G:I
ci	a:Ljava/lang/String;
ci	b:I
ci	c:Lllb;
ci	faa.e:I
ci	li.i:Z
ci	qga.b:Lfaa;
ci	vja.a:I
cia	a:I
cib	a:Ljava/lang/String;
cib	z:Ljava/lang/String;
cj	VoidHunters.G:I
cj	d:Lrt;
cj	f:Lgab;
cj	g:Z
cj	gab.e:Z
cj	hob.d:I
cj	i:I
cj	rt.g:Z
cja	j:Lasb;
cja	z:Ljava/lang/String;
cjb	a:Ljava/lang/String;
cjb	b:Ltpa;
cjb	z:Ljava/lang/String;
ck	VoidHunters.G:I
ck	btb.a:Z
ck	jwa.l:I
ck	mgb.o:Z
ck	o:[Lphb;
ck	qab.b:I
ck	ua.o:I
ck	wba.o:[I
ck	wdb.vb:I
cka	nua.p:I
cka	o:Lhqb;
cka	p:I
ckb	VoidHunters.G:I
ckb	d:Lrt;
ckb	hob.d:I
ckb	i:[I
ckb	j:[[I
ckb	rt.g:Z
cl	VoidHunters.G:I
cl	a:[I
cl	b:[I
cl	hab.i:I
cl	lua.c:I
cl	mt.o:I
cl	ob.j:I
cl	rba.b:[[I
clb	a:I
clb	java/lang/Boolean.TYPE:Ljava/lang/Class;
clb	java/lang/Float.TYPE:Ljava/lang/Class;
clb	java/lang/Integer.TYPE:Ljava/lang/Class;
cm	VoidHunters.G:I
cm	f:Lgab;
cm	gab.e:Z
cm	gbb.q:I
cm	hob.d:I
cm	i:I
cm	j:[I
cm	k:I
cm	l:I
cm	m:I
cm	n:I
cm	noa.o:I
cm	o:I
cm	p:I
cm	q:I
cm	r:I
cm	s:I
cma	VoidHunters.G:I
cma	a:I
cma	dma.i:[I
cn	a:[[F
cn	b:Ljava/lang/String;
cna	B:I
cna	F:I
cna	G:I
cna	VoidHunters.G:I
cna	hb:I
cna	llb.B:I
cna	llb.F:I
cna	llb.tb:Lphb;
cna	vb:Lllb;
cna	wb:Ljava/lang/String;
cna	xb:Ljava/lang/String;
cna	yb:Lllb;
cna	zb:[I
cnb	VoidHunters.G:I
cnb	bfa.p:Ljava/lang/String;
cnb	bia.d:I
cnb	bib.g:Ljava/math/BigInteger;
cnb	bs.d:Lgj;
cnb	ct.a:Lgj;
cnb	dgb.b:Ljava/lang/String;
cnb	dpa.p:Lfaa;
cnb	ds.e:I
cnb	ehb.f:Ljava/lang/Boolean;
cnb	faa.e:I
cnb	fd.o:Ljava/lang/String;
cnb	gob.a:[Ljava/lang/String;
cnb	hha.o:Z
cnb	jeb.b:Ljava/util/Random;
cnb	jnb.p:Ljava/math/BigInteger;
cnb	kmb.c:Z
cnb	mqb.x:Ljava/lang/String;
cnb	o:I
cnb	ov.o:Llpb;
cnb	ow.a:I
cnb	owa.j:Ljava/lang/String;
cnb	p:I
cnb	pcb.p:I
cnb	q:Lij;
cnb	qga.b:Lfaa;
cnb	qva.k:Lgj;
cnb	ss.p:Lds;
cnb	tc.c:Lgj;
cnb	uv.f:Ljava/lang/String;
cnb	vja.a:I
cnb	wd.p:Lgj;
co	VoidHunters.G:I
co	a:[F
co	b.v:I
co	b:[I
co	c:Ljava/lang/Runnable;
co	d:Lsob;
co	e:Ldaa;
co	f:Z
coa	VoidHunters.G:I
coa	a:Z
coa	b:[I
coa	c:[I
coa	d:[I
coa	e:Llc;
coa	f:I
coa	hla.a:[I
coa	iib.e:[I
coa	java/lang/System.out:Ljava/io/PrintStream;
coa	nhb.o:[I
coa	oma.g:I
coa	pr.c:Loma;
coa	sh.a:[[B
coa	so.f:[I
cob	A:Ljava/lang/String;
cob	b:[I
cob	r:Z
cob	s:I
cob	v:I
cob	w:Z
cob	x:[B
cob	y:Ljavax/sound/sampled/SourceDataLine;
cob	z:Ljavax/sound/sampled/AudioFormat;
cp	d:I
cp	f:I
cp	g:Ljava/lang/String;
cp	h:I
cp	i:I
cp	j:Ljava/lang/String;
cp	k:I
cp	l:I
cp	m:I
cp	n:Leab;
cp	o:I
cp	p:I
cp	q:Lgl;
cp	r:I
cpb	a:Lmj;
cpb	c:Lkb;
cpb	d:Lnla;
cpb	f:I
cpb	g:I
cpb	h:I
cpb	i:Ljagdx/IDirect3DVolumeTexture;
cpb	kb.a:I
cpb	mj.f:Lmj;
cpb	nla.Mc:Ljagdx/IDirect3DDevice;
cpb	nla.zc:Ljagdx/PixelBuffer;
cq	d:I
cq	e:I
cq	f:I
cq	g:I
cq	java/lang/System.out:Ljava/io/PrintStream;
cqa	o:Ljava/lang/String;
cqa	p:I
cqa	q:Ljava/lang/String;
cqb	VoidHunters.G:I
cqb	c:I
cqb	csa.b:Ljava/lang/String;
cqb	d:I
cqb	e:Z
cqb	eua.a:Ljava/lang/String;
cqb	f:Ljava/lang/String;
cqb	ffb.d:Ljava/lang/String;
cqb	fhb.o:Ljava/lang/String;
cqb	gdb.d:Ljava/lang/String;
cqb	gs.d:Ljava/lang/String;
cqb	ifa.g:[Ljava/lang/String;
cqb	java/lang/System.out:Ljava/io/PrintStream;
cqb	lnb.i:Ljv;
cqb	oma.a:I
cqb	oma.k:I
cqb	pva.e:Ljava/lang/String;
cqb	rb.c:Lij;
cqb	rn.k:Z
cqb	uca.B:I
cqb	uca.L:I
cqb	uca.h:Z
cqb	uca.m:Loma;
cqb	vqa.g:Luca;
cqb	wpb.o:Ljava/lang/String;
cr	a:[I
cr	b:[I
cr	c:[I
cr	d:[[F
cr	e:I
cr	f:I
cra	o:I
crb	bs.a:Looa;
crb	hra.o:Lbs;
crb	k:Lml;
crb	kea.b:Z
crb	ogb.o:I
crb	ooa.G:I
crb	ooa.K:I
crb	ooa.L:I
crb	ooa.hb:I
crb	u:I
crb	v:Lbwa;
crb	w:[[I
cs	a:Ltu;
cs	b:Ljava/lang/String;
cs	c:Lehb;
cs	hca.o:Lllb;
cs	hi.a:I
cs	icb.o:I
cs	kga.o:I
cs	ldb.o:I
cs	qs.c:I
cs	tb.b:I
cs	uh.p:I
csa	a:Ljava/lang/String;
csa	b:Ljava/lang/String;
csb	VoidHunters.G:I
csb	ata.H:I
csb	bca.a:Ldpb;
csb	jl.r:C
csb	pma.o:I
csb	psb.b:Lufb;
csb	qn.h:Lida;
csb	ufb.a:Z
csb	uo.o:I
ct	VoidHunters.G:I
ct	a:Lgj;
ct	b:Ljava/lang/String;
ct	imb.c:I
ct	li.i:Z
ct	ml.d:[Limb;
ct	ml.f:[Lml;
ct	ml.j:I
ct	mmb.d:[Laja;
cta	o:Ljava/lang/String;
cta	p:Ljava/lang/String;
cta	q:Lij;
cta	r:Ljava/lang/String;
ctb	c:[[B
ctb	d:[I
ctb	e:[I
ctb	f:[I
ctb	g:Lsob;
ctb	h:[I
ctb	ima.a:[B
ctb	ima.c:I
ctb	ima.g:I
ctb	ima.h:[B
ctb	sob.A:I
ctb	sob.H:I
ctb	sob.i:I
ctb	sob.k:[I
ctb	sob.n:I
ctb	sob.p:I
ctb	tka.a:[I
ctb	tka.b:[I
cu	o:Ljava/lang/String;
cu	p:Ljava/lang/String;
cv	a:Ldha;
cv	dha.A:I
cv	dha.B:[[I
cv	dha.C:[I
cv	dha.D:[B
cv	dha.E:[[I
cv	dha.F:I
cv	dha.G:[[B
cv	dha.H:I
cv	dha.a:I
cv	dha.b:I
cv	dha.c:B
cv	dha.d:[I
cv	dha.e:I
cv	dha.f:[[I
cv	dha.g:[B
cv	dha.h:[B
cv	dha.i:[B
cv	dha.j:[B
cv	dha.k:I
cv	dha.l:[Z
cv	dha.m:[Z
cv	dha.n:I
cv	dha.o:I
cv	dha.p:I
cv	dha.r:I
cv	dha.s:[I
cv	dha.t:I
cv	dha.v:I
cv	dha.w:[B
cv	dha.x:I
cv	dha.y:I
cv	dha.z:[I
cv	ppa.p:[I
cva	o:I
cw	o:Lkla;
cw	p:[Lcaa;
cw	via.b:I
cwa	a:Ldja;
cwa	b:Ljava/lang/String;
cwa	c:Lllb;
cwa	z:Ljava/lang/String;
da	VoidHunters.G:I
da	a:Lha;
da	b:Lsw;
da	drb.j:I
da	gba.q:I
da	gqb.a:I
da	nn.b:I
da	oib.c:I
da	qlb.a:I
da	sw.a:I
da	sw.c:I
da	sw.e:I
da	vha.o:[Ljava/lang/String;
da	vq.v:I
da	wob.p:I
daa	a:I
daa	b:I
daa	c:Lco;
daa	co.f:Z
daa	d:Z
daa	e:[I
daa	f:Lsob;
daa	g:I
daa	h:[F
daa	i:Z
daa	j:Z
daa	k:[I
daa	l:Z
daa	m:I
daa	n:Z
daa	sob.i:I
daa	sob.k:[I
daa	sob.r:[F
dab	c:Ldja;
dab	d:I
dab	e:Z
dab	faa.e:I
dab	faa.h:[B
dab	java/lang/System.out:Ljava/io/PrintStream;
db	VoidHunters.G:I
db	bra.b:Lfs;
db	fab.e:Lbra;
db	fs.a:I
db	mob.f:I
db	o:[Ljava/lang/String;
db	p:Lphb;
db	q:I
db	r:Ljava/lang/String;
db	vq.x:Lfab;
dba	oaa.k:Lij;
dba	ola.p:Lqka;
dbb	o:I
dc	VoidHunters.G:I
dc	afa.o:Ljava/lang/String;
dc	bpa.c:Lllb;
dc	bw.b:Ljava/lang/String;
dc	cna.xb:Ljava/lang/String;
dc	dp.a:Lllb;
dc	ej.c:Lno;
dc	erb.p:Z
dc	fgb.l:Lllb;
dc	fhb.q:Lllb;
dc	fva.p:Z
dc	gba.p:Lllb;
dc	hb.c:Z
dc	hp.b:Lllb;
dc	kmb.a:I
dc	llb.U:I
dc	llb.eb:Lno;
dc	llb.ib:I
dc	llb.qb:I
dc	lsa.e:Lllb;
dc	me.s:Lllb;
dc	ocb.g:Ljava/lang/String;
dc	odb.b:Lllb;
dc	qw.l:Lllb;
dc	umb.d:Lllb;
dca	o:I
dca	q:[I
dcb	d:I
dcb	e:I
dcb	f:I
dcb	g:I
dcb	z:Ljava/lang/String;
dd	o:Lllb;
dda	c:Ljava/lang/String;
dda	d:[Lmka;
dda	dw.a:[I
dda	ll.o:Z
ddb	o:Ljava/lang/String;
ddb	vv.c:I
de	o:F
de	ok.b:[Lsw;
de	p:I
de	phb.m:I
de	phb.n:I
de	phb.r:[I
de	q:I
deb	b:Ljava/lang/String;
deb	dpa.p:Lfaa;
deb	ffa.b:I
deb	fua.q:I
deb	jga.a:I
deb	kg.o:I
deb	ls.p:I
deb	oq.x:I
deb	tea.b:I
deb	uda.b:I
deb	vt.o:I
df	igb.a:Ljava/awt/Canvas;
df	o:Laba;
df	p:I
df	psb.b:Lufb;
dfa	a:I
dfa	b:Ljava/lang/String;
dfa	c:Ljava/lang/String;
dfb	klb.r:Lida;
dfb	mbb.b:Z
dfb	o:Ljava/lang/String;
dfb	p:Ljava/lang/String;
dfb	vqa.i:Lgoa;
dg	a:Ljaclib/memory/Buffer;
dg	b:Lqfa;
dg	qfa.Kb:Ljaclib/memory/heap/NativeHeap;
dga	VoidHunters.G:I
dga	a:Z
dga	aaa.a:Ljava/lang/String;
dga	acb.o:Ljava/lang/String;
dga	acb.r:Ljava/lang/String;
dga	afa.o:Ljava/lang/String;
dga	aib.b:Ljava/lang/String;
dga	aj.p:Ljava/lang/String;
dga	alb.a:Ljava/lang/String;
dga	am.o:Ljava/lang/String;
dga	am.p:Ljava/lang/String;
dga	amb.a:Ljava/lang/String;
dga	amb.b:Ljava/lang/String;
dga	apa.o:Ljava/lang/String;
dga	ar.a:Ljava/lang/String;
dga	aw.Db:Ljava/lang/String;
dga	bba.e:Ljava/lang/String;
dga	bba.f:Ljava/lang/String;
dga	bbb.a:Ljava/lang/String;
dga	bd.a:Ljava/lang/String;
dga	bda.a:Ljava/lang/String;
dga	bga.o:Ljava/lang/String;
dga	bib.e:Ljava/lang/String;
dga	bjb.q:Ljava/lang/String;
dga	bka.o:Ljava/lang/String;
dga	bkb.a:Ljava/lang/String;
dga	bmb.b:Ljava/lang/String;
dga	bna.m:Ljava/lang/String;
dga	bnb.q:Ljava/lang/String;
dga	bo.o:Ljava/lang/String;
dga	bpa.d:Ljava/lang/String;
dga	bqa.f:Ljava/lang/String;
dga	btb.c:Ljava/lang/String;
dga	bva.e:Ljava/lang/String;
dga	bva.g:Ljava/lang/String;
dga	bw.a:Ljava/lang/String;
dga	bw.b:Ljava/lang/String;
dga	ca.o:Ljava/lang/String;
dga	cab.q:Ljava/lang/String;
dga	cc.d:Ljava/lang/String;
dga	ceb.r:Ljava/lang/String;
dga	cfa.e:Ljava/lang/String;
dga	ci.a:Ljava/lang/String;
dga	cjb.a:Ljava/lang/String;
dga	cn.b:Ljava/lang/String;
dga	cna.wb:Ljava/lang/String;
dga	cna.xb:Ljava/lang/String;
dga	cp.g:Ljava/lang/String;
dga	cp.j:Ljava/lang/String;
dga	cqa.q:Ljava/lang/String;
dga	cqb.f:Ljava/lang/String;
dga	csa.b:Ljava/lang/String;
dga	cta.o:Ljava/lang/String;
dga	cu.o:Ljava/lang/String;
dga	cu.p:Ljava/lang/String;
dga	dda.c:Ljava/lang/String;
dga	ddb.o:Ljava/lang/String;
dga	dfa.b:Ljava/lang/String;
dga	dfb.o:Ljava/lang/String;
dga	dfb.p:Ljava/lang/String;
dga	dgb.a:Ljava/lang/String;
dga	dh.q:Ljava/lang/String;
dga	dhb.o:Ljava/lang/String;
dga	di.j:Ljava/lang/String;
dga	di.k:Ljava/lang/String;
dga	dib.j:Ljava/lang/String;
dga	dj.a:Ljava/lang/String;
dga	dkb.a:Ljava/lang/String;
dga	dpa.o:Ljava/lang/String;
dga	dpa.q:Ljava/lang/String;
dga	dqa.u:Ljava/lang/String;
dga	drb.k:Ljava/lang/String;
dga	ds.f:Ljava/lang/String;
dga	dsa.o:Ljava/lang/String;
dga	dv.d:Ljava/lang/String;
dga	eaa.o:Ljava/lang/String;
dga	ee.r:Ljava/lang/String;
dga	ef.A:Ljava/lang/String;
dga	ega.p:Ljava/lang/String;
dga	eh.o:Ljava/lang/String;
dga	eha.p:Ljava/lang/String;
dga	ei.e:Ljava/lang/String;
dga	eia.p:Ljava/lang/String;
dga	ejb.o:Ljava/lang/String;
dga	eka.a:Ljava/lang/String;
dga	ema.q:Ljava/lang/String;
dga	ema.r:Ljava/lang/String;
dga	era.q:Ljava/lang/String;
dga	esa.o:Ljava/lang/String;
dga	eua.a:Ljava/lang/String;
dga	ev.b:Ljava/lang/String;
dga	ewa.o:Ljava/lang/String;
dga	fab.b:Ljava/lang/String;
dga	fc.o:Ljava/lang/String;
dga	fd.o:Ljava/lang/String;
dga	ffb.b:Ljava/lang/String;
dga	ffb.c:Ljava/lang/String;
dga	ffb.d:Ljava/lang/String;
dga	fg.a:Ljava/lang/String;
dga	fh.j:Ljava/lang/String;
dga	fha.q:Ljava/lang/String;
dga	fhb.o:Ljava/lang/String;
dga	fj.a:Ljava/lang/String;
dga	fja.r:Ljava/lang/String;
dga	fk.d:Ljava/lang/String;
dga	fma.b:Ljava/lang/String;
dga	fma.c:Ljava/lang/String;
dga	fmb.p:Ljava/lang/String;
dga	fob.d:Ljava/lang/String;
dga	fpa.d:Ljava/lang/String;
dga	fpb.b:Ljava/lang/String;
dga	fq.q:Ljava/lang/String;
dga	fqb.p:Ljava/lang/String;
dga	fra.c:Ljava/lang/String;
dga	fv.q:Ljava/lang/String;
dga	gbb.p:Ljava/lang/String;
dga	gca.p:Ljava/lang/String;
dga	gcb.o:Ljava/lang/String;
dga	gcb.t:Ljava/lang/String;
dga	gcb.u:Ljava/lang/String;
dga	gda.k:Ljava/lang/String;
dga	gdb.d:Ljava/lang/String;
dga	gh.p:Ljava/lang/String;
dga	gib.c:Ljava/lang/String;
dga	gk.o:Ljava/lang/String;
dga	gkb.q:Ljava/lang/String;
dga	glb.a:Ljava/lang/String;
dga	gna.m:Ljava/lang/String;
dga	gnb.f:Ljava/lang/String;
dga	gob.b:Ljava/lang/String;
dga	gpa.f:Ljava/lang/String;
dga	gq.o:Ljava/lang/String;
dga	gqb.b:Ljava/lang/String;
dga	gr.o:Ljava/lang/String;
dga	gra.p:Ljava/lang/String;
dga	gs.d:Ljava/lang/String;
dga	gsa.o:[Ljava/lang/String;
dga	gsa.p:Ljava/lang/String;
dga	gu.q:Ljava/lang/String;
dga	gwa.p:Ljava/lang/String;
dga	haa.o:Ljava/lang/String;
dga	haa.p:Ljava/lang/String;
dga	hcb.q:Ljava/lang/String;
dga	hgb.p:Ljava/lang/String;
dga	hja.p:Ljava/lang/String;
dga	hk.i:Ljava/lang/String;
dga	hka.d:[Ljava/lang/String;
dga	hm.o:Ljava/lang/String;
dga	hmb.o:Ljava/lang/String;
dga	hoa.p:Ljava/lang/String;
dga	hpb.j:Ljava/lang/String;
dga	hqb.j:Ljava/lang/String;
dga	hsa.o:Ljava/lang/String;
dga	hv.p:Ljava/lang/String;
dga	hw.e:Lasb;
dga	ib.o:Ljava/lang/String;
dga	ica.p:Ljava/lang/String;
dga	iha.o:Ljava/lang/String;
dga	ija.c:Ljava/lang/String;
dga	ijb.o:Ljava/lang/String;
dga	ikb.o:Ljava/lang/String;
dga	ina.o:Ljava/lang/String;
dga	inb.p:Ljava/lang/String;
dga	ipa.o:Ljava/lang/String;
dga	ipa.p:Ljava/lang/String;
dga	iqa.o:Ljava/lang/String;
dga	it.m:Ljava/lang/String;
dga	ita.A:Ljava/lang/String;
dga	ita.D:Ljava/lang/String;
dga	iv.p:Ljava/lang/String;
dga	iw.F:[Ljava/lang/String;
dga	iwa.c:Ljava/lang/String;
dga	jc.o:Ljava/lang/String;
dga	jca.o:Ljava/lang/String;
dga	jca.p:Ljava/lang/String;
dga	jdb.a:Ljava/lang/String;
dga	jea.o:Ljava/lang/String;
dga	jga.b:Ljava/lang/String;
dga	jhb.o:Ljava/lang/String;
dga	jj.q:Ljava/lang/String;
dga	jja.a:Ljava/lang/String;
dga	jja.b:Ljava/lang/String;
dga	jla.B:Ljava/lang/String;
dga	jm.o:Ljava/lang/String;
dga	jmb.o:Ljava/lang/String;
dga	jmb.s:Ljava/lang/String;
dga	job.o:Ljava/lang/String;
dga	jra.b:Ljava/lang/String;
dga	jrb.p:Ljava/lang/String;
dga	js.p:[Ljava/lang/String;
dga	jta.q:Ljava/lang/String;
dga	jv.f:Ljava/lang/String;
dga	k.p:Ljava/lang/String;
dga	k.q:Ljava/lang/String;
dga	kda.g:Ljava/lang/String;
dga	keb.o:Ljava/lang/String;
dga	kg.q:Ljava/lang/String;
dga	kg.s:Ljava/lang/String;
dga	kia.b:Ljava/lang/String;
dga	kj.p:Ljava/lang/String;
dga	kja.C:Ljava/lang/String;
dga	kma.d:Ljava/lang/String;
dga	knb.p:Ljava/lang/String;
dga	knb.q:Ljava/lang/String;
dga	knb.r:Ljava/lang/String;
dga	ko.d:Ljava/lang/String;
dga	koa.k:Ljava/lang/String;
dga	kob.e:Ljava/lang/String;
dga	kp.o:Ljava/lang/String;
dga	kpb.r:Ljava/lang/String;
dga	kra.b:Ljava/lang/String;
dga	ks.p:Ljava/lang/String;
dga	kw.Jb:Ljava/lang/String;
dga	lb.o:Ljava/lang/String;
dga	lba.o:Ljava/lang/String;
dga	lbb.h:Ljava/lang/String;
dga	lcb.p:Ljava/lang/String;
dga	lcb.s:Ljava/lang/String;
dga	ldb.p:Ljava/lang/String;
dga	lg.d:Ljava/lang/String;
dga	lgb.p:Ljava/lang/String;
dga	lia.c:Ljava/lang/String;
dga	lib.q:Ljava/lang/String;
dga	llb.V:Ljava/lang/String;
dga	lmb.a:Ljava/lang/String;
dga	lna.p:Ljava/lang/String;
dga	lp.a:Ljava/lang/String;
dga	lq.j:Ljava/lang/String;
dga	lr.q:Ljava/lang/String;
dga	lra.o:Ljava/lang/String;
dga	lrb.a:Ljava/lang/String;
dga	ltb.o:Ljava/lang/String;
dga	ltb.q:Ljava/lang/String;
dga	lu.c:Ljava/lang/String;
dga	lv.o:Ljava/lang/String;
dga	lw.e:Ljava/lang/String;
dga	lwa.vb:Ljava/lang/String;
dga	ma.o:Ljava/lang/String;
dga	mab.e:Ljava/lang/String;
dga	mab.h:Ljava/lang/String;
dga	mk.p:Ljava/lang/String;
dga	mla.r:Ljava/lang/String;
dga	mlb.p:Ljava/lang/String;
dga	mmb.e:Ljava/lang/String;
dga	mn.a:Ljava/lang/String;
dga	mo.j:Ljava/lang/String;
dga	moa.n:Ljava/lang/String;
dga	mpb.k:Ljava/lang/String;
dga	mpb.l:[Ljava/lang/String;
dga	mr.J:Ljava/lang/String;
dga	mr.L:Ljava/lang/String;
dga	msa.p:Ljava/lang/String;
dga	msa.r:Ljava/lang/String;
dga	mtb.q:Ljava/lang/String;
dga	mw.d:Ljava/lang/String;
dga	na.o:Ljava/lang/String;
dga	nd.o:Ljava/lang/String;
dga	nd.q:Ljava/lang/String;
dga	nda.o:Ljava/lang/String;
dga	neb.p:Ljava/lang/String;
dga	nf.b:Ljava/lang/String;
dga	nga.a:Ljava/lang/String;
dga	nga.c:Ljava/lang/String;
dga	nh.o:Ljava/lang/String;
dga	nha.p:Ljava/lang/String;
dga	nl.j:Ljava/lang/String;
dga	nna.D:Ljava/lang/String;
dga	nna.F:Ljava/lang/String;
dga	nnb.d:Ljava/lang/String;
dga	nra.a:Ljava/lang/String;
dga	nrb.a:Ljava/lang/String;
dga	ns.a:Ljava/lang/String;
dga	nt.p:Ljava/lang/String;
dga	nv.p:Ljava/lang/String;
dga	nva.D:Ljava/lang/String;
dga	oba.p:Ljava/lang/String;
dga	ocb.g:Ljava/lang/String;
dga	ocb.j:Ljava/lang/String;
dga	oda.t:Ljava/lang/String;
dga	og.o:Ljava/lang/String;
dga	og.p:Ljava/lang/String;
dga	og.s:Ljava/lang/String;
dga	oha.p:Ljava/lang/String;
dga	oja.o:Ljava/lang/String;
dga	oma.c:Ljava/lang/String;
dga	ona.l:Ljava/lang/String;
dga	ooa.zb:Ljava/lang/String;
dga	opb.p:Ljava/lang/String;
dga	oqb.k:Ljava/lang/String;
dga	oqb.n:Ljava/lang/String;
dga	osb.a:Ljava/lang/String;
dga	ot.a:Ljava/lang/String;
dga	ot.c:Ljava/lang/String;
dga	otb.o:Ljava/lang/String;
dga	otb.p:Ljava/lang/String;
dga	ou.p:Ljava/lang/String;
dga	owa.j:Ljava/lang/String;
dga	pea.c:Ljava/lang/String;
dga	pf.Yb:[Ljava/lang/String;
dga	pga.o:Ljava/lang/String;
dga	pgb.l:Ljava/lang/String;
dga	pha.q:Ljava/lang/String;
dga	pha.r:[Ljava/lang/String;
dga	pma.q:Ljava/lang/String;
dga	po.p:Ljava/lang/String;
dga	pp.p:Ljava/lang/String;
dga	pp.q:Ljava/lang/String;
dga	pqa.p:Ljava/lang/String;
dga	pua.o:Ljava/lang/String;
dga	pva.e:Ljava/lang/String;
dga	qab.a:Ljava/lang/String;
dga	qdb.e:Ljava/lang/String;
dga	qh.N:Ljava/lang/String;
dga	qi.o:Ljava/lang/String;
dga	qia.o:Ljava/lang/String;
dga	qia.p:Ljava/lang/String;
dga	qna.o:Ljava/lang/String;
dga	qpa.b:Ljava/lang/String;
dga	qs.b:Ljava/lang/String;
dga	qtb.q:[Ljava/lang/String;
dga	r.m:Ljava/lang/String;
dga	raa.q:Ljava/lang/String;
dga	rc.a:Ljava/lang/String;
dga	rdb.f:Ljava/lang/String;
dga	rg.a:Ljava/lang/String;
dga	rhb.o:Ljava/lang/String;
dga	rib.o:Ljava/lang/String;
dga	rja.o:Ljava/lang/String;
dga	rnb.o:Ljava/lang/String;
dga	rq.G:Ljava/lang/String;
dga	rta.q:Ljava/lang/String;
dga	rv.b:Ljava/lang/String;
dga	sc.b:Ljava/lang/String;
dga	sha.x:Ljava/lang/String;
dga	shb.m:Ljava/lang/String;
dga	sja.d:Ljava/lang/String;
dga	sja.j:Ljava/lang/String;
dga	ska.n:[Ljava/lang/String;
dga	skb.q:[Ljava/lang/String;
dga	sla.o:Ljava/lang/String;
dga	so.d:Ljava/lang/String;
dga	spb.a:Ljava/lang/String;
dga	sta.o:Ljava/lang/String;
dga	t.e:Ljava/lang/String;
dga	tda.M:Ljava/lang/String;
dga	tda.O:Ljava/lang/String;
dga	tea.c:Ljava/lang/String;
dga	tg.r:Ljava/lang/String;
dga	ti.g:Ljava/lang/String;
dga	tia.G:Ljava/lang/String;
dga	tia.K:Ljava/lang/String;
dga	tj.r:Ljava/lang/String;
dga	tja.b:Ljava/lang/String;
dga	tjb.Cb:Ljava/lang/String;
dga	tl.o:Ljava/lang/String;
dga	tla.h:Ljava/lang/String;
dga	tm.p:Ljava/lang/String;
dga	tma.o:Ljava/lang/String;
dga	tn.b:Ljava/lang/String;
dga	tnb.p:Ljava/lang/String;
dga	tr.b:Ljava/lang/String;
dga	ts.a:Ljava/lang/String;
dga	tsb.p:Ljava/lang/String;
dga	tt.a:Ljava/lang/String;
dga	tta.o:Ljava/lang/String;
dga	ttb.B:C
dga	ttb.z:Ljava/lang/String;
dga	tua.b:Ljava/lang/String;
dga	u.s:Ljava/lang/String;
dga	uaa.p:Ljava/lang/String;
dga	uab.a:Ljava/lang/String;
dga	ub.g:Ljava/lang/String;
dga	ub.h:Ljava/lang/String;
dga	uc.a:Ljava/lang/String;
dga	uca.D:Ljava/lang/String;
dga	uda.a:Ljava/lang/String;
dga	uda.c:Ljava/lang/String;
dga	ue.c:Ljava/lang/String;
dga	uea.p:Ljava/lang/String;
dga	ueb.o:Ljava/lang/String;
dga	ufb.d:[Ljava/lang/String;
dga	uh.o:Ljava/lang/String;
dga	uj.c:Ljava/lang/String;
dga	ujb.d:Ljava/lang/String;
dga	uk.a:Ljava/lang/String;
dga	ukb.q:Ljava/lang/String;
dga	ula.o:Ljava/lang/String;
dga	una.f:Ljava/lang/String;
dga	uob.f:Ljava/lang/String;
dga	up.p:Ljava/lang/String;
dga	upb.b:Ljava/lang/String;
dga	ut.a:Ljava/lang/String;
dga	uta.o:Ljava/lang/String;
dga	uta.p:Ljava/lang/String;
dga	uv.f:Ljava/lang/String;
dga	vaa.o:Ljava/lang/String;
dga	vab.a:Ljava/lang/String;
dga	vda.p:Ljava/lang/String;
dga	vda.q:Ljava/lang/String;
dga	vfb.a:Ljava/lang/String;
dga	vgb.q:Ljava/lang/String;
dga	vj.p:Ljava/lang/String;
dga	vjb.c:Ljava/lang/String;
dga	vl.q:Ljava/lang/String;
dga	vnb.o:Ljava/lang/String;
dga	vo.o:Ljava/lang/String;
dga	vpb.o:Ljava/lang/String;
dga	vq.w:Ljava/lang/String;
dga	vq.y:Ljava/lang/String;
dga	vqa.j:Ljava/lang/String;
dga	vsa.s:Ljava/lang/String;
dga	vv.a:Ljava/lang/String;
dga	vwa.o:Ljava/lang/String;
dga	waa.w:[Ljava/lang/String;
dga	waa.y:Ljava/lang/String;
dga	wc.d:Ljava/lang/String;
dga	wea.o:Ljava/lang/String;
dga	web.p:Ljava/lang/String;
dga	wg.o:Ljava/lang/String;
dga	wi.g:Z
dga	wia.b:Ljava/lang/String;
dga	wl.o:Ljava/lang/String;
dga	wl.p:Ljava/lang/String;
dga	wm.b:Ljava/lang/String;
dga	wma.M:Ljava/lang/String;
dga	wna.a:Ljava/lang/String;
dga	wnb.r:Ljava/lang/String;
dga	wpa.o:Ljava/lang/String;
dga	wpb.o:Ljava/lang/String;
dga	wqb.b:Ljava/lang/String;
dga	wrb.r:[Ljava/lang/String;
dga	wt.b:Ljava/lang/String;
dga	wt.c:Ljava/lang/String;
dga	wu.e:Ljava/lang/String;
dga	wv.l:Ljava/lang/String;
dga	wva.a:Ljava/lang/String;
dgb	a:Ljava/lang/String;
dgb	b:Ljava/lang/String;
dgb	z:Ljava/lang/String;
dh	jl.q:Lmab;
dh	o:Lri;
dh	p:I
dh	q:Ljava/lang/String;
dh	r:Lri;
dha	B:[[I
dha	C:[I
dha	D:[B
dha	E:[[I
dha	G:[[B
dha	I:Ljava/lang/String;
dha	d:[I
dha	f:[[I
dha	g:[B
dha	h:[B
dha	i:[B
dha	l:[Z
dha	m:[Z
dha	n:I
dha	q:[Ljava/lang/String;
dha	s:[I
dha	u:Lkka;
dha	y:I
dha	z:[I
dhb	VoidHunters.G:I
dhb	o:Ljava/lang/String;
di	VoidHunters.G:I
di	ae.f:Lpr;
di	d:Lrt;
di	f:Lgab;
di	g:Z
di	gab.e:Z
di	gbb.q:I
di	hob.d:I
di	i:Ljra;
di	j:Ljava/lang/String;
di	k:Ljava/lang/String;
di	l:Lkda;
di	m:Ljava/lang/String;
di	n:Z
di	o:Z
di	p:I
di	rt.g:Z
di	vu.Fb:Ljava/lang/String;
di	wf.d:I
dia	o:[I
dib	VoidHunters.G:I
dib	a:I
dib	d:I
dib	e:I
dib	f:I
dib	g:I
dib	h:I
dib	i:I
dib	j:Ljava/lang/String;
dib	neb.q:[Ltsa;
dib	tkb.o:Ljava/lang/String;
dj	a:Ljava/lang/String;
dj	b:Ljava/lang/String;
dj	c:Z
djb	VoidHunters.G:I
djb	c:Ljava/lang/String;
djb	gva.b:Ljava/lang/String;
djb	h:Lsoa;
djb	hpa.p:I
djb	kw.Fb:Lllb;
djb	llb.L:I
djb	llb.R:Ljava/lang/String;
djb	llb.lb:Lij;
djb	n:Lno;
djb	nv.r:Ljava/lang/String;
djb	o:Lllb;
djb	ojb.a:I
djb	p:Lkw;
djb	rqa.k:Ljava/lang/String;
djb	rqa.l:Ljava/lang/String;
djb	rqa.n:[Ljava/lang/Class;
djb	s:[[Lima;
djb	soa.wb:Lllb;
djb	t:[Lrqa;
djb	tsa.d:Ljava/lang/String;
djb	tsa.e:I
djb	tsa.g:I
djb	ua.o:I
djb	wdb.vb:I
dk	VoidHunters.G:I
dk	gcb.u:Ljava/lang/String;
dka	a:I
dkb	a:Ljava/lang/String;
dla	VoidHunters.G:I
dla	a:I
dla	b:Llta;
dla	boa.c:[I
dla	c:I
dla	cd.c:I
dla	d:I
dla	e:Lllb;
dla	emb.o:[I
dla	es.b:Lkc;
dla	f:Lpe;
dla	fmb.o:[I
dla	fv.o:[I
dla	hga.o:[I
dla	hma.d:[I
dla	ip.p:Ljava/awt/Dimension;
dla	java/awt/Dimension.height:I
dla	java/awt/Dimension.width:I
dla	kc.d:I
dla	kc.f:Lboa;
dla	kca.a:Ljava/lang/String;
dla	lta.d:I
dla	lta.e:I
dla	nbb.k:Lml;
dla	noa.q:I
dla	pk.o:I
dla	sg.k:Lml;
dla	unb.p:I
dlb	fbb.i:I
dlb	hla.a:[I
dlb	iib.e:[I
dlb	nhb.o:[I
dlb	rlb.d:[I
dlb	sg.H:I
dlb	sh.a:[[B
dlb	so.f:[I
dm	ana.f:I
dm	awa.q:I
dm	b:Z
dm	dca.o:I
dm	de.q:I
dm	khb.c:I
dm	oq.l:I
dm	oq.m:I
dm	re.n:Lwdb;
dm	rta.p:I
dm	wda.s:I
dm	wdb.yb:Lllb;
dm	wkb.a:I
dma	a:I
dma	b:[I
dma	c:I
dma	d:I
dma	e:[I
dma	f:I
dma	g:I
dma	h:[I
dma	i:[I
dma	j:I
dma	k:[I
dma	l:[I
dmb	b:Lri;
dn	VoidHunters.G:I
dn	o:[F
dn	q:I
dn	r:Ldfa;
dna	a:[Lcom/ms/directX/DSBufferDesc;
dna	b:[Lcom/ms/directX/DSCursors;
dnb	VoidHunters.G:I
dnb	bk.w:Lfaa;
dnb	e:[B
dnb	faa.e:I
dnb	gva.a:Ldja;
dob	o:Ljava/lang/String;
dob	p:Ljava/lang/String;
dob	q:Ljava/lang/String;
dp	a:Lllb;
dp	b:Ldja;
dp	z:Ljava/lang/String;
dpa	o:Ljava/lang/String;
dpa	p:Lfaa;
dpa	q:Ljava/lang/String;
dpb	VoidHunters.G:I
dpb	bib.e:Ljava/lang/String;
dpb	cqb.e:Z
dpb	ejb.o:Ljava/lang/String;
dpb	pgb.a:I
dpb	pgb.c:I
dpb	pgb.e:Ljava/lang/String;
dpb	pgb.f:I
dpb	pgb.h:I
dpb	pgb.k:Z
dpb	pgb.o:Ljava/lang/String;
dpb	tia.G:Ljava/lang/String;
dpb	vla.E:Ljava/lang/String;
dpb	wt.b:Ljava/lang/String;
dq	VoidHunters.G:I
dq	a:I
dq	b:I
dq	bsa.q:Lllb;
dq	c:I
dq	cab.q:Ljava/lang/String;
dq	ci.a:Ljava/lang/String;
dq	cka.o:Lhqb;
dq	d:I
dq	dsa.o:Ljava/lang/String;
dq	e:[I
dq	f:[I
dq	hqb.i:Law;
dq	iqb.o:Lphb;
dq	iwa.b:I
dq	llb.G:I
dq	llb.M:I
dq	llb.O:Z
dq	llb.R:Ljava/lang/String;
dq	llb.eb:Lno;
dq	llb.hb:I
dq	llb.lb:Lij;
dq	llb.o:I
dq	llb.qb:I
dq	llb.tb:Lphb;
dq	llb.u:I
dq	lob.a:Ljava/lang/String;
dq	msa.o:Lllb;
dq	mw.d:Ljava/lang/String;
dq	nna.w:I
dq	ola.p:Lqka;
dq	oq.H:I
dq	phb.m:I
dq	qc.q:Lllb;
dq	qg.a:Lsoa;
dq	qs.a:I
dq	rc.b:I
dq	soa.xb:Lllb;
dq	vra.b:Lwdb;
dq	vu.Bb:Lllb;
dq	vu.Cb:Ljava/lang/String;
dq	vu.E:I
dq	vu.Fb:Ljava/lang/String;
dq	vu.G:I
dq	vu.hb:I
dq	vu.lb:Lij;
dq	vu.o:I
dq	vu.vb:Ljava/lang/String;
dq	vu.wb:Lllb;
dq	wdb.wb:Lllb;
dq	wdb.xb:Lsoa;
dq	wdb.y:Z
dq	wdb.yb:Lllb;
dq	wdb.zb:Lllb;
dqa	VoidHunters.G:I
dqa	bib.g:Ljava/math/BigInteger;
dqa	bua.o:Z
dqa	dpa.p:Lfaa;
dqa	ds.e:I
dqa	faa.e:I
dqa	fk.c:I
dqa	g:I
dqa	iqb.p:J
dqa	jeb.b:Ljava/util/Random;
dqa	jnb.p:Ljava/math/BigInteger;
dqa	js.q:Z
dqa	nfa.e:[I
dqa	q:Lwwa;
dqa	r:I
dqa	rda.o:J
dqa	si.o:[Z
dqa	ss.p:Lds;
dqa	t:Lij;
dqa	u:Ljava/lang/String;
dqa	vda.o:Ljava/lang/String;
dqb	VoidHunters.G:I
dqb	a:[B
dqb	b:[I
dqb	c:Ljava/lang/String;
dqb	cja.j:Lasb;
dqb	d:[I
dr	a:I
dr	awa.p:Ljava/lang/StringBuilder;
dr	ow.b:I
dr	z:Ljava/lang/String;
dra	VoidHunters.G:I
dra	h:I
dra	i:Z
dra	j:Lhbb;
dra	k:Lhbb;
dra	l:Lhbb;
dra	lla.b:I
dra	lla.e:I
dra	m:Lkka;
dra	n:Lhbb;
dra	o:Lkka;
dra	p:[I
dra	q:Z
dra	r:[I
dra	s:I
dra	t:I
dra	u:I
dra	v:[Lphb;
dra	vka.r:Z
dra	w:Lkka;
drb	cnb.q:Lij;
drb	f:Lgab;
drb	gab.e:Z
drb	hob.d:I
drb	i:I
drb	j:I
drb	k:Ljava/lang/String;
ds	VoidHunters.G:I
ds	d:I
ds	e:I
ds	f:Ljava/lang/String;
ds	g:I
ds	h:[B
dsa	o:Ljava/lang/String;
dsa	p:Ljava/lang/String;
dsa	q:Lqrb;
dsb	o:Ljava/lang/String;
dsb	p:Lngb;
dt	VoidHunters.G:I
dt	es.b:Lkc;
dt	o:Lasb;
dt	qd.a:[Z
dt	vob.o:[Z
dtb	VoidHunters.G:I
dtb	a:Ljava/lang/String;
dtb	fm.a:I
dtb	fm.c:I
dtb	fm.d:I
dtb	fm.e:I
dtb	mob.d:Ljava/lang/Object;
dtb	mob.f:I
du	d:I
du	e:I
du	f:[I
du	g:Ljava/awt/Rectangle;
du	h:Ljava/awt/Image;
du	i:Ljava/awt/Canvas;
du	j:Ljava/awt/Shape;
du	java/awt/Rectangle.height:I
du	java/awt/Rectangle.width:I
du	java/awt/Rectangle.x:I
du	java/awt/Rectangle.y:I
dua	am.p:Ljava/lang/String;
dua	btb.b:Lasb;
dua	drb.k:Ljava/lang/String;
dua	dt.o:Lasb;
dua	ef.z:I
dua	gdb.i:Lasb;
dua	lo.d:Ljava/lang/String;
dua	ltb.q:Ljava/lang/String;
dua	lwa.vb:Ljava/lang/String;
dua	neb.p:Ljava/lang/String;
dua	o:Z
dua	ocb.i:Ljava/lang/String;
dua	p:Lkhb;
dua	ppb.a:Lasb;
dua	tdb.p:Ljava/lang/String;
dua	wea.o:Ljava/lang/String;
dua	wqb.b:Ljava/lang/String;
dv	a:Z
dv	b:Ljava/lang/Object;
dv	c:Lij;
dv	d:Ljava/lang/String;
dv	e:I
dv	java/lang/System.out:Ljava/io/PrintStream;
dva	o:Z
dva	p:J
dw	a:[I
dw	b:I
dw	c:Ldfa;
dw	htb.u:Z
dw	phb.m:I
dw	phb.n:I
dw	ps.a:[Lphb;
dw	shb.f:I
dw	shb.g:I
dw	shb.h:I
dw	shb.r:I
dwa	o:Ljava/lang/String;
dxVertexLayout	b:Ljagdx/IDirect3DVertexDeclaration;
dxVertexLayout	nla.Mc:Ljagdx/IDirect3DDevice;
dxVertexLayout	nla.Sc:Ljaclib/peer/tqb;
dxVertexLayout	pb.b:Lpb;
dxVertexLayout	pb.d:Lpb;
dxVertexLayout	pb.e:Lpb;
dxVertexLayout	pb.g:Lpb;
dxVertexLayout	pb.h:Lpb;
dxVertexLayout	pb.i:I
dxVertexLayout	pb.k:Lpb;
dxVertexLayout	pb.l:Lpb;
ea	j:I
ea	k:[Ljava/lang/String;
eaa	dpa.p:Lfaa;
eaa	faa.e:I
eaa	o:Ljava/lang/String;
eaa	p:Lri;
eaa	q:I
eab	a:Ljava/lang/Object;
eab	b:I
eab	c:Ljava/lang/Object;
eab	d:Lau;
eab	e:Ltlb;
eab	f:Lmob;
eab	g:Z
eab	h:J
eab	i:Ljava/lang/String;
eab	j:Z
eab	java/awt/Point.x:I
eab	java/awt/Point.y:I
eab	java/lang/Boolean.TYPE:Ljava/lang/Class;
eab	java/lang/Integer.TYPE:Ljava/lang/Class;
eab	k:Z
eab	l:[Lau;
eab	m:Ljava/lang/String;
eab	mob.a:I
eab	mob.b:Ljava/lang/Object;
eab	mob.c:I
eab	mob.d:Ljava/lang/Object;
eab	mob.e:I
eab	mob.f:I
eab	mob.g:Lmob;
eab	n:Ljava/awt/EventQueue;
eab	o:Lau;
eab	p:Ljava/lang/Thread;
eab	q:Ljava/lang/reflect/Method;
eab	r:Ljava/lang/String;
eab	s:Ljava/lang/String;
eab	t:Lau;
eab	u:Lmob;
eab	v:Ljava/lang/String;
eab	w:Ljava/lang/String;
eab	x:Leea;
eba	bta.q:I
eba	mtb.p:I
eba	mua.d:I
ebb	a:Ldja;
ebb	b:Z
ebb	ola.p:Lqka;
eca	c:Luf;
eca	d:Ljava/lang/String;
eca	e:I
eca	uf.j:Ljava/lang/String;
ecb	a:[I
ed	o:I
ed	p:I
edb	hb.a:I
edb	o:[I
ee	o:[I
ee	p:I
ee	q:[[Ljava/lang/String;
ee	r:Ljava/lang/String;
eea	a:[I
eea	b:Lcom/ms/directX/DirectDraw;
eea	c:I
eea	com/ms/directX/DDSurfaceDesc.height:I
eea	com/ms/directX/DDSurfaceDesc.refreshRate:I
eea	com/ms/directX/DDSurfaceDesc.rgbBitCount:I
eea	com/ms/directX/DDSurfaceDesc.width:I
ef	A:Ljava/lang/String;
ef	B:Z
ef	C:I
ef	D:I
ef	E:Z
ef	VoidHunters.G:I
ef	f:I
ef	g:I
ef	h:I
ef	htb.x:Z
ef	kc.b:I
ef	l:Lsba;
ef	lb.p:Lef;
ef	n:I
ef	r:I
ef	t:Lshb;
ef	uia.b:I
ef	v:Z
ef	w:I
ef	x:I
ef	y:Larb;
efb	a:Lllb;
efb	b:Lvfa;
efb	c:Lri;
eg	VoidHunters.G:I
eg	es.b:Lkc;
eg	kc.f:Lboa;
eg	o:I
eg	ola.o:[I
eg	p:Lrbb;
eg	phb.m:I
eg	phb.n:I
ega	o:[I
ega	p:Ljava/lang/String;
egb	o:[Ljava/lang/String;
eh	o:Ljava/lang/String;
eh	p:I
eha	o:[Lwma;
eha	p:Ljava/lang/String;
eha	q:I
ehb	VoidHunters.G:I
ehb	a:I
ehb	b:Lfh;
ehb	c:Lvga;
ehb	d:Lgnb;
ehb	e:I
ehb	f:Ljava/lang/Boolean;
ei	a:I
ei	ata.B:I
ei	ata.D:I
ei	ata.E:I
ei	ata.F:I
ei	ata.I:I
ei	ata.J:I
ei	b:I
ei	c:Lae;
ei	d:I
ei	e:Ljava/lang/String;
ei	f:Ljava/lang/String;
ei	g:I
ei	h:I
ei	i:[Ljava/lang/String;
ei	j:Lno;
ei	k:I
ei	l:I
ei	m:I
ei	shb.f:I
ei	shb.g:I
ei	shb.h:I
ei	shb.j:Ljava/lang/String;
ei	shb.r:I
eia	o:[Lphb;
eia	p:Ljava/lang/String;
eia	q:Lkla;
eia	r:Ljava/lang/String;
eib	VoidHunters.G:I
eib	dma.g:I
eib	dma.i:[I
eib	dma.j:I
eib	fa.d:[Lgd;
eib	fbb.j:[I
eib	jia.o:I
eib	jp.Jc:Ljava/util/Random;
eib	kba.a:Llta;
eib	ms.y:Lij;
eib	o:I
eib	qw.f:I
eib	qw.i:I
eib	qw.k:Lana;
eib	qw.m:Z
ej	a:Lllb;
ej	b:Ljava/lang/String;
ej	c:Lno;
eja	bea.e:I
eja	emb.o:[I
eja	fmb.o:[I
eja	fv.o:[I
eja	hb.d:[I
eja	hga.o:[I
eja	hma.d:[I
eja	lfa.j:Z
eja	npa.d:I
eja	o:[I
eja	p:Ljava/lang/String;
eja	pn.b:I
eja	qbb.a:I
eja	rha.d:I
eja	sv.f:[I
eja	uj.a:[Z
ejb	VoidHunters.G:I
ejb	dda.d:[Lmka;
ejb	faa.e:I
ejb	hga.p:Lij;
ejb	ifa.i:I
ejb	kca.a:Ljava/lang/String;
ejb	md.j:Lij;
ejb	mka.a:Ljava/lang/String;
ejb	mka.b:Ljava/lang/String;
ejb	mka.c:Z
ejb	o:Ljava/lang/String;
ejb	p:I
ejb	qga.b:Lfaa;
ejb	qn.e:I
ejb	qn.g:I
ejb	qn.i:I
ek	o:I
ek	wia.a:Z
eka	a:Ljava/lang/String;
eka	b:Z
ela	VoidHunters.G:I
ela	o:I
ela	p:I
ela	q:I
elb	VoidHunters.G:I
elb	a:I
elb	b:I
elb	c:[S
elb	d:[S
elb	e:I
elb	f:Lbob;
elb	g:I
elb	h:I
elb	ocb.h:[I
em	o:Z
ema	lcb.o:Z
ema	o:[Lmfb;
ema	p:Ldja;
ema	q:Ljava/lang/String;
ema	r:Ljava/lang/String;
emb	VoidHunters.G:I
emb	bfb.a:I
emb	bfb.g:[I
emb	bfb.h:I
emb	dma.g:I
emb	o:[I
emb	p:I
ena	VoidHunters.G:I
ena	lfa.j:Z
ena	li.i:Z
ena	o:[Ljava/lang/String;
ena	og.r:Lha;
ena	p:Ldja;
ena	q:I
ena	r:Ljava/lang/String;
enb	a:Ljava/lang/String;
enb	c:I
enb	z:Ljava/lang/String;
eo	hba.o:I
eo	mgb.o:Z
eo	o:[I
eo	wba.o:[I
eoa	a:Llta;
eob	o:Ldqb;
eob	p:[I
ep	VoidHunters.G:I
ep	hab.i:I
ep	lua.c:I
ep	mt.o:I
ep	o:Lkb;
ep	ob.j:I
ep	rba.b:[[I
epa	o:Lllb;
epb	VoidHunters.G:I
epb	b:F
epb	c:F
epb	d:F
epb	e:F
epb	f:F
epb	g:F
epb	h:F
epb	i:F
epb	j:F
epb	k:F
epb	kn.o:[F
epb	kn.r:[F
epb	l:F
epb	m:Lphb;
epb	n:F
epb	tra.p:[F
eq	nc.b:Ljava/lang/Object;
eq	o:Ljava/lang/String;
eqa	o:I
eqa	ofb.o:Z
eqb	VoidHunters.G:I
eqb	a:[C
er	o:Z
era	o:Ljra;
era	p:I
era	q:Ljava/lang/String;
era	s:Ljava/lang/String;
erb	o:Lri;
erb	p:Z
erb	pab.m:I
es	VoidHunters.G:I
es	a:Ljava/lang/String;
es	b:Lkc;
es	hg.c:I
es	jua.a:I
es	mna.b:I
es	pja.o:Ljava/lang/String;
es	rua.o:I
esa	o:Ljava/lang/String;
esb	VoidHunters.G:I
esb	d:Ljp;
esb	i:B
esb	j:Lasb;
esb	jp.Vc:Ljaggl/MapBuffer;
et	VoidHunters.G:I
et	a:I
et	asb.a:Lllb;
et	b:I
et	c:Laba;
et	cab.o:Lpjb;
et	cwa.c:Lllb;
et	ef.y:Larb;
et	fqb.o:[Ljava/lang/String;
et	gjb.p:Lllb;
et	gpa.f:Ljava/lang/String;
et	iga.o:Lllb;
et	iv.p:Ljava/lang/String;
et	java/lang/System.out:Ljava/io/PrintStream;
et	mla.q:Lllb;
et	pmb.o:[Lphb;
et	pp.q:Ljava/lang/String;
et	pva.d:Lllb;
et	qc.q:Lllb;
et	rh.o:Larb;
et	vlb.a:Lllb;
eta	VoidHunters.G:I
eta	a:Ljava/awt/Dimension;
eta	b:I
eta	kja.E:Lij;
etb	a:Ljava/lang/String;
etb	b:Ljava/lang/String;
etb	ira.c:Ljava/awt/Frame;
etb	jpa.a:Z
eu	VoidHunters.G:I
eu	d:I
eu	eab.j:Z
eu	ef.z:I
eu	f:I
eu	fjb.a:Ljava/lang/String;
eu	fjb.b:Ljava/lang/String;
eu	g:I
eu	h:Llpb;
eu	i:Lfcb;
eu	j:I
eu	k:I
eu	kra.a:[I
eu	nwa.c:Leab;
eu	oea.p:Ljava/lang/String;
eu	qmb.q:I
eu	tba.q:Lasb;
eua	a:Ljava/lang/String;
eua	z:Ljava/lang/String;
ev	a:I
ev	b:Ljava/lang/String;
ev	c:Ljava/lang/String;
ev	d:I
ev	e:I
eva	VoidHunters.G:I
eva	br.e:I
eva	dpa.p:Lfaa;
eva	hva.a:Ljava/lang/String;
eva	hva.b:Ljava/lang/Throwable;
eva	o:Lgl;
ew	VoidHunters.G:I
ew	hab.i:I
ew	lua.c:I
ew	mt.o:I
ew	o:Z
ew	ob.j:I
ew	p:Ldra;
ew	vla.E:Ljava/lang/String;
ewa	bhb.g:I
ewa	o:Ljava/lang/String;
f	e:Z
fa	d:[Lgd;
fa	e:[Ljava/lang/String;
fa	hwa.o:Los;
fa	klb.r:Lida;
fa	kmb.c:Z
fa	rg.b:Z
fa	tla.c:Z
fa	vob.r:Lno;
faa	VoidHunters.G:I
faa	e:I
faa	h:[B
faa	i:I
faa	j:Ldq;
faa	k:I
faa	lp.b:[I
faa	uta.q:[I
fab	VoidHunters.G:I
fab	a:Ld;
fab	akb.a:Lasb;
fab	b:Ljava/lang/String;
fab	bm.o:Leab;
fab	bra.a:Ljava/awt/Canvas;
fab	bra.b:Lfs;
fab	bra.e:J
fab	bra.g:Lha;
fab	bt.a:Lds;
fab	c:[Lfs;
fab	d:Z
fab	ds.e:I
fab	ds.h:[B
fab	e:Lbra;
fab	es.b:Lkc;
fab	fs.a:I
fab	fs.b:Z
fab	fs.c:I
fab	jo.a:Ljava/security/SecureRandom;
fab	jpa.c:Ldja;
fab	kc.d:I
fab	kc.f:Lboa;
fab	lwa.xb:Lasb;
fab	pha.o:Lds;
fb	VoidHunters.G:I
fb	klb.q:Lij;
fb	oaa.k:Lij;
fb	p:Ljava/lang/String;
fb	qga.b:Lfaa;
fba	VoidHunters.G:I
fba	a:[Lcda;
fba	ah.o:[I
fba	b:I
fba	bs.c:I
fba	c:Ljava/lang/String;
fba	fha.p:I
fba	java/lang/System.out:Ljava/io/PrintStream;
fba	jo.b:I
fba	jo.f:I
fba	jo.h:I
fba	kpb.s:[Ljo;
fba	mjb.c:Ldja;
fba	ppb.b:Lcda;
fba	sl.c:[Lcda;
fbb	VoidHunters.G:I
fbb	a:I
fbb	b:Lla;
fbb	c:I
fbb	d:[Lqg;
fbb	e:Ljjb;
fbb	f:[I
fbb	g:I
fbb	h:Lqfa;
fbb	hab.g:[Lwfb;
fbb	j:[I
fbb	wfb.f:Z
fc	hbb.z:I
fc	kra.a:[I
fc	o:Ljava/lang/String;
fca	A:[F
fca	B:I
fca	C:[B
fca	D:[F
fca	E:I
fca	F:Z
fca	G:[[B
fca	H:[I
fca	I:[F
fca	J:I
fca	K:[F
fca	d:[Lwsa;
fca	e:Z
fca	f:I
fca	g:I
fca	h:[F
fca	i:[Luha;
fca	j:Z
fca	k:[F
fca	l:I
fca	m:I
fca	n:[F
fca	o:[I
fca	p:[Z
fca	q:[I
fca	r:[F
fca	s:[Lcr;
fca	t:I
fca	u:I
fca	uha.a:I
fca	uha.b:I
fca	uha.c:[I
fca	uha.d:[I
fca	v:I
fca	w:I
fca	x:I
fca	y:[B
fca	z:[Lota;
fcb	VoidHunters.G:I
fcb	a:Lasb;
fcb	am.p:Ljava/lang/String;
fcb	b:Lasb;
fcb	bm.o:Leab;
fcb	bpb.p:[[Lphb;
fcb	bva.e:Ljava/lang/String;
fcb	c:Lbmb;
fcb	cga.o:[Ljava/lang/String;
fcb	ck.o:[Lphb;
fcb	d:Lasb;
fcb	dra.k:Lhbb;
fcb	dra.v:[Lphb;
fcb	drb.k:Ljava/lang/String;
fcb	dsb.p:Lngb;
fcb	e:Lasb;
fcb	eaa.q:I
fcb	ee.q:[[Ljava/lang/String;
fcb	ei.i:[Ljava/lang/String;
fcb	esb.j:Lasb;
fcb	eva.o:Lgl;
fcb	ew.p:Ldra;
fcb	f:Lasb;
fcb	fa.d:[Lgd;
fcb	fab.e:Lbra;
fcb	fbb.j:[I
fcb	fha.o:[[Ljava/lang/String;
fcb	g:Ljava/lang/String;
fcb	gab.j:[Ljava/lang/String;
fcb	gl.a:I
fcb	gn.k:Lgl;
fcb	h:Lasb;
fcb	hab.i:I
fcb	i:Lasb;
fcb	ipa.p:Ljava/lang/String;
fcb	j:Lasb;
fcb	jca.p:Ljava/lang/String;
fcb	jl.q:Lmab;
fcb	jmb.o:Ljava/lang/String;
fcb	jta.r:Lasb;
fcb	k:Lasb;
fcb	kl.c:Lphb;
fcb	ko.e:[Lphb;
fcb	koa.k:Ljava/lang/String;
fcb	kua.a:Lphb;
fcb	kwa.o:Lasb;
fcb	l:Lasb;
fcb	lhb.a:Lno;
fcb	lo.c:[Lphb;
fcb	ltb.q:Ljava/lang/String;
fcb	lua.c:I
fcb	lwa.vb:Ljava/lang/String;
fcb	m:Lasb;
fcb	mab.a:LVoidHunters;
fcb	ms.A:[I
fcb	mt.o:I
fcb	nna.C:Ldjb;
fcb	ob.j:I
fcb	ou.p:Ljava/lang/String;
fcb	pab.k:[Lkka;
fcb	pp.p:Ljava/lang/String;
fcb	qi.o:Ljava/lang/String;
fcb	rab.m:Lwsb;
fcb	rba.g:[B
fcb	shb.o:[B
fcb	sl.b:Z
fcb	ttb.z:Ljava/lang/String;
fcb	ub.d:[Ljava/lang/String;
fcb	ubb.j:Lphb;
fcb	vfa.d:[Lphb;
fcb	vfb.a:Ljava/lang/String;
fcb	vq.x:Lfab;
fcb	wea.o:Ljava/lang/String;
fcb	wnb.r:Ljava/lang/String;
fcb	wqb.b:Ljava/lang/String;
fcb	wu.h:Lphb;
fd	nkb.q:I
fd	o:Ljava/lang/String;
fd	p:I
fd	pkb.o:J
fd	r:I
fda	cgb.a:Z
fda	p:Ljava/awt/Font;
fdb	J:[I
fdb	P:Z
fdb	Q:I
fdb	R:[I
fdb	S:Ljava/lang/String;
fdb	T:Ljava/lang/String;
fdb	U:Lcl;
fdb	VoidHunters.G:I
fdb	bqa.d:Lllb;
fdb	bs.a:Looa;
fdb	bv.d:Z
fdb	cl.a:[I
fdb	dd.o:Lllb;
fdb	gcb.t:Ljava/lang/String;
fdb	gha.p:Lllb;
fdb	gmb.c:Lllb;
fdb	go.p:I
fdb	hcb.o:I
fdb	ieb.o:[I
fdb	lc.b:Lbs;
fdb	llb.R:Ljava/lang/String;
fdb	llb.o:I
fdb	lqa.o:Lmm;
fdb	nna.v:Lllb;
fdb	nwa.d:Z
fdb	ohb.o:Lmm;
fdb	oib.a:Lllb;
fdb	sha.w:I
fdb	si.o:[Z
fdb	ss.o:Lllb;
fdb	tb.a:Lllb;
fdb	tg.q:I
fdb	ufa.o:Z
fdb	vka.s:I
fdb	vva.u:[B
fe	o:[I
fe	p:I
fea	ejb.p:I
fea	fkb.m:Ltjb;
fea	jnb.o:I
fea	ow.b:I
fea	uga.d:Z
feb	VoidHunters.G:I
feb	a:Laba;
feb	b:[I
feb	eia.q:Lkla;
feb	fgb.k:Lgnb;
feb	ha.b:I
feb	nsa.p:Lha;
feb	qgb.d:Lkla;
feb	qgb.e:Lha;
ff	o:Lona;
ff	p:Ljava/lang/String;
ff	rw.n:F
ffa	a:I
ffa	b:I
ffa	wia.a:Z
ffa	z:Ljava/lang/String;
ffb	VoidHunters.G:I
ffb	a:Ljava/lang/String;
ffb	b:Ljava/lang/String;
ffb	c:Ljava/lang/String;
ffb	d:Ljava/lang/String;
ffb	e:Ljava/lang/String;
ffb	hab.i:I
ffb	lua.c:I
ffb	mt.o:I
ffb	ob.j:I
ffb	rba.b:[[I
fg	VoidHunters.G:I
fg	a:Ljava/lang/String;
fg	li.i:Z
fg	ne.v:Z
fg	og.r:Lha;
fga	g:Ldl;
fga	gd.e:Z
fga	gd.f:I
fga	gd.g:I
fga	gd.h:I
fga	gd.i:[B
fga	h:I
fga	i:I
fga	j:I
fga	k:I
fga	l:I
fga	m:I
fga	n:I
fga	o:Z
fga	p:I
fga	q:I
fga	r:I
fga	s:I
fga	t:I
fga	u:I
fga	v:I
fga	vka.r:Z
fga	vka.s:I
fgb	dpa.p:Lfaa;
fgb	k:Lgnb;
fgb	l:Lllb;
fgb	lsa.d:I
fgb	lsa.g:I
fgb	m:[J
fh	d:Lfh;
fh	e:Lfh;
fh	f:Lllb;
fh	g:Lllb;
fh	h:Ljava/lang/String;
fh	i:J
fh	j:Ljava/lang/String;
fha	jib.o:Z
fha	js.r:I
fha	nua.o:I
fha	o:[[Ljava/lang/String;
fha	od.a:I
fha	p:I
fha	q:Ljava/lang/String;
fha	rfa.o:Ljava/lang/String;
fha	tmb.o:I
fhb	o:Ljava/lang/String;
fhb	q:Lllb;
fi	o:Lfdb;
fi	p:Ldja;
fia	VoidHunters.G:I
fia	a:Ljava/lang/String;
fia	au.c:I
fia	ch.p:I
fia	de.o:F
fia	dia.o:[I
fia	ej.a:Lllb;
fia	fbb.f:[I
fia	fe.p:I
fia	fnb.b:I
fia	fpb.d:[[B
fia	gt.p:F
fia	hab.g:[Lwfb;
fia	hoa.o:I
fia	hw.d:[[I
fia	java/lang/System.out:Ljava/io/PrintStream;
fia	jwa.k:Lllb;
fia	khb.b:Z
fia	lsa.f:J
fia	lta.a:F
fia	lta.b:F
fia	lta.c:F
fia	ml.l:[[[B
fia	nkb.o:Ljava/lang/String;
fia	nma.a:I
fia	noa.q:I
fia	npa.b:[[B
fia	ow.b:I
fia	pk.o:I
fia	ql.o:F
fia	sab.o:I
fia	si.o:[Z
fia	tcb.o:I
fia	ujb.c:I
fia	uob.g:[[I
fia	vcb.E:[[B
fia	waa.x:Ljava/lang/String;
fia	wdb.Ab:Lllb;
fia	wfb.v:[I
fib	VoidHunters.G:I
fib	d:Lpf;
fib	e:Z
fib	f:Libb;
fib	g:Lrga;
fib	h:Ljava/lang/String;
fib	i:Z
fib	ibb.b:J
fib	j:Lwaa;
fib	jp.Mc:Z
fib	jp.Qc:Z
fib	pf.Sb:F
fib	pf.pc:I
fib	pf.u:F
fib	pf.wc:[F
fib	pf.x:F
fib	rga.e:Lgf;
fj	VoidHunters.G:I
fj	a:Ljava/lang/String;
fj	b:I
fj	c:Ljava/lang/String;
fj	d:[J
fj	e:I
fj	f:[B
fj	g:I
fj	gp.o:[J
fj	gp.r:[[J
fj	h:[J
fj	i:[J
fj	j:[J
fj	k:[B
fj	l:[J
fj	uga.d:Z
fja	VoidHunters.G:I
fja	o:I
fja	p:Lrq;
fja	pca.i:[Luj;
fja	q:[Lcaa;
fja	r:Ljava/lang/String;
fjb	VoidHunters.G:I
fjb	a:Ljava/lang/String;
fjb	b:Ljava/lang/String;
fjb	c:Lkob;
fjb	nc.a:Z
fjb	nc.b:Ljava/lang/Object;
fk	d:Ljava/lang/String;
fk	klb.r:Lida;
fka	VoidHunters.G:I
fka	alb.a:Ljava/lang/String;
fka	bd.a:Ljava/lang/String;
fka	bs.a:Looa;
fka	cp.g:Ljava/lang/String;
fka	crb.w:[[I
fka	cu.o:Ljava/lang/String;
fka	d:Lml;
fka	dhb.o:Ljava/lang/String;
fka	e:I
fka	ef.A:Ljava/lang/String;
fka	f:Lml;
fka	fmb.p:Ljava/lang/String;
fka	go.p:I
fka	hia.o:[[I
fka	hja.p:Ljava/lang/String;
fka	hra.o:Lbs;
fka	hva.c:[Ljava/lang/String;
fka	jfb.o:Lllb;
fka	jk.Ab:I
fka	jk.Bb:I
fka	jk.Gb:I
fka	jk.Lb:Z
fka	jra.b:Ljava/lang/String;
fka	ko.d:Ljava/lang/String;
fka	kob.e:Ljava/lang/String;
fka	llb.G:I
fka	llb.Q:Z
fka	llb.R:Ljava/lang/String;
fka	llb.gb:[Lphb;
fka	llb.hb:I
fka	llb.lb:Lij;
fka	llb.mb:[Lphb;
fka	llb.o:I
fka	llb.y:Z
fka	lob.a:Ljava/lang/String;
fka	lqa.o:Lmm;
fka	ls.o:I
fka	mia.a:[Z
fka	mm.Fb:I
fka	mm.Pb:[B
fka	mm.Vb:Ljava/lang/String;
fka	mm.zb:I
fka	ncb.a:[[I
fka	nd.o:Ljava/lang/String;
fka	nha.p:Ljava/lang/String;
fka	nt.q:Lllb;
fka	ocb.l:I
fka	ooa.Ab:I
fka	pga.o:Ljava/lang/String;
fka	qcb.o:[[Z
fka	qcb.p:Lllb;
fka	qea.p:I
fka	qga.a:J
fka	qi.p:Lllb;
fka	qsa.b:Lllb;
fka	qu.o:Z
fka	rga.f:Lsoa;
fka	rga.g:Lllb;
fka	rja.o:Ljava/lang/String;
fka	rlb.a:Lllb;
fka	rob.q:Lllb;
fka	si.o:[Z
fka	soa.wb:Lllb;
fka	tab.p:[[I
fka	tba.p:I
fka	tib.i:[B
fka	tma.o:Ljava/lang/String;
fka	ub.h:Ljava/lang/String;
fka	ufa.o:Z
fka	ukb.o:Lllb;
fka	ukb.q:Ljava/lang/String;
fka	vva.r:Lllb;
fka	vw.a:Lllb;
fka	wo.o:Z
fka	wt.b:Ljava/lang/String;
fkb	VoidHunters.G:I
fkb	dn.p:I
fkb	fm.b:[J
fkb	g:Lcja;
fkb	j:Lfga;
fkb	li.i:Z
fkb	m:Ltjb;
fkb	n:Lsd;
fkb	no.A:I
fkb	omb.p:Lhrb;
fkb	sga.o:[J
fkb	sw.e:I
fkb	y:Lgd;
fkb	z:Ljava/lang/String;
fl	VoidHunters.G:I
fl	hab.i:I
fl	lua.c:I
fl	mt.o:I
fl	ob.j:I
fla	o:Ljava/lang/String;
flb	bpa.c:Lllb;
flb	fgb.l:Lllb;
flb	llb.L:I
flb	llb.R:Ljava/lang/String;
flb	llb.Y:I
flb	llb.hb:I
flb	llb.s:Ljava/lang/String;
flb	o:Lvka;
fm	b:[J
fm	z:Ljava/lang/String;
fma	b:Ljava/lang/String;
fma	bba.a:I
fma	bib.e:Ljava/lang/String;
fma	bn.a:I
fma	bs.a:Looa;
fma	bv.e:I
fma	c:Ljava/lang/String;
fma	cqa.p:I
fma	ea.j:I
fma	fh.f:Lllb;
fma	gmb.c:Lllb;
fma	hrb.a:I
fma	lc.b:Lbs;
fma	ll.o:Z
fma	lw.i:Lllb;
fma	nna.v:Lllb;
fma	qab.d:I
fma	qca.yb:I
fma	tb.a:Lllb;
fma	uab.b:I
fma	wja.b:I
fmb	ah.o:[I
fmb	o:[I
fmb	p:Ljava/lang/String;
fmb	q:Ljava/lang/String;
fmb	r:I
fn	asa.b:Lim;
fn	c:Z
fn	d:Lbt;
fn	e:Lim;
fn	f:Lqfa;
fn	im.m:I
fn	im.n:F
fn	im.o:F
fn	im.p:I
fn	ima.a:[B
fn	ima.b:[I
fn	ima.c:I
fn	ima.e:I
fn	ima.f:I
fn	ima.g:I
fn	ima.h:[B
fna	o:I
fna	p:I
fnb	VoidHunters.G:I
fnb	a:I
fnb	b:I
fnb	c:Ljava/util/Hashtable;
fnb	fa.d:[Lgd;
fnb	fbb.j:[I
fnb	jia.o:I
fnb	jp.Jc:Ljava/util/Random;
fnb	kba.a:Llta;
fnb	ms.y:Lij;
fnb	qw.d:I
fnb	qw.f:I
fnb	qw.h:I
fnb	qw.i:I
fnb	qw.k:Lana;
fnb	qw.m:Z
fnb	tj.q:I
fo	VoidHunters.G:I
fo	a:I
fo	b:Lgdb;
fo	c:Lgdb;
fo	d:I
fo	hbb.N:[B
foa	o:I
foa	p:I
foa	q:I
fob	a:I
fob	b:Ljava/lang/String;
fob	c:I
fob	d:Ljava/lang/String;
fpa	VoidHunters.G:I
fpa	d:Ljava/lang/String;
fpa	li.i:Z
fpa	og.r:Lha;
fpa	oq.t:I
fpa	ve.p:I
fpb	VoidHunters.G:I
fpb	adb.a:I
fpb	aea.a:I
fpb	b:Ljava/lang/String;
fpb	c:Ljava/lang/String;
fpb	d:[[B
fpb	dca.q:[I
fpb	dn.r:Ldfa;
fpb	dw.c:Ldfa;
fpb	fd.p:I
fpb	hab.k:I
fpb	ht.h:Ljava/lang/String;
fpb	ls.p:I
fpb	mqb.x:Ljava/lang/String;
fpb	nrb.b:[Lpgb;
fpb	oq.x:I
fpb	ou.q:I
fpb	pgb.a:I
fpb	qca.wb:I
fpb	sbb.p:I
fpb	sib.i:I
fpb	ujb.h:I
fq	iva.p:I
fq	o:[I
fq	p:Ljava/lang/String;
fq	q:Ljava/lang/String;
fqb	VoidHunters.G:I
fqb	o:[Ljava/lang/String;
fqb	p:Ljava/lang/String;
fr	VoidHunters.G:I
fr	au.c:I
fr	fe.p:I
fr	ip.p:Ljava/awt/Dimension;
fr	java/awt/Dimension.width:I
fr	lsb.a:I
fr	lsb.b:I
fr	lsb.c:I
fr	lta.a:F
fr	wfb.b:I
fr	wfb.i:I
fr	wfb.o:[Llsb;
fr	wfb.v:[I
fra	VoidHunters.G:I
fra	a:I
fra	b:I
fra	c:Ljava/lang/String;
frb	rsb.f:Ltr;
frb	tr.a:[I
frb	uca.m:Loma;
frb	vqa.g:Luca;
fs	a:I
fs	b:Z
fs	c:I
fsa	o:Lkba;
fsb	VoidHunters.G:I
fsb	bta.q:I
fsb	d:I
fsb	e:I
fsb	f:I
fsb	g:F
fsb	h:I
fsb	i:I
fsb	kdb.o:I
fsb	lta.a:F
fsb	og.r:Lha;
ft	VoidHunters.G:I
ft	kt.l:I
ft	t:I
ft	u:[B
fta	asa.a:Laba;
fta	d:Lpf;
fta	df.o:Laba;
fta	e:Ljagdx/IDirect3DVertexShader;
fta	et.c:Laba;
fta	f:Z
fta	g:Ljagdx/IDirect3DVertexShader;
fta	h:Ljagdx/IDirect3DVertexShader;
fta	i:Ljagdx/IDirect3DVertexShader;
fta	j:Z
fta	jagdx/D3DCAPS.VertexShaderVersion:I
fta	k:[F
fta	l:Ljagdx/IDirect3DVertexShader;
fta	m:Lnla;
fta	n:Z
fta	nla.Hc:Ljagdx/D3DCAPS;
fta	nla.Mc:Ljagdx/IDirect3DDevice;
fta	o:Leb;
fta	p:[F
fta	pea.d:Lslb;
fta	pf.Q:Lura;
fta	pf.Rb:F
fta	pf.Sb:F
fta	pf.cb:[F
fta	pf.oc:F
fta	pf.p:F
fta	pf.r:F
fta	pf.tc:F
fta	pf.u:F
fta	pf.wc:[F
fta	pf.x:F
fta	pja.l:Lslb;
fta	qcb.q:Lslb;
ftb	o:I
fu	ef.z:I
fu	ew.o:Z
fu	jl.p:I
fu	o:Ljra;
fua	o:Z
fua	q:I
fv	jra.c:I
fv	o:[I
fv	p:Ljava/lang/String;
fv	q:Ljava/lang/String;
fva	VoidHunters.G:I
fva	o:I
fva	p:Z
fwa	VoidHunters.G:I
fwa	a:Lllb;
fwa	b:Ljava/math/BigInteger;
fwa	c:Lds;
fwa	d:Lkm;
fwa	ds.e:I
fwa	ds.h:[B
fwa	e:Ljava/math/BigInteger;
fwa	f:[Lga;
fwa	g:Lcoa;
fwa	h:I
fwa	i:Lpfa;
fwa	j:Lona;
fwa	km.n:Z
g	erb.p:Z
g	gl.a:I
g	hb.c:Z
g	java/lang/System.out:Ljava/io/PrintStream;
g	qga.b:Lfaa;
g	wd.o:Lgl;
ga	VoidHunters.G:I
ga	d:[B
ga	e:J
ga	f:Lpfa;
ga	g:Lona;
ga	gkb.p:Ljava/util/zip/CRC32;
ga	h:I
ga	i:Lij;
ga	j:Lfo;
ga	jtb.k:Z
ga	jtb.l:Z
ga	jtb.n:Z
ga	k:[B
ga	ksa.b:J
ga	l:Lfo;
ga	li.i:Z
ga	m:Z
ga	n:I
ga	ne.v:Z
ga	o:Z
ga	og.r:Lha;
ga	ona.g:I
ga	ona.k:I
ga	p:I
ga	pfa.e:I
ga	q:Z
ga	qp.c:[[B
ga	qp.d:[I
ga	qp.e:I
ga	qp.h:[I
ga	qp.j:[I
ga	qp.l:I
ga	r:Ljtb;
ga	s:Lllb;
ga	t:Lqp;
ga	u:Lgnb;
ga	v:Lij;
ga	w:I
gaa	p:I
gaa	sn.Y:Z
gab	VoidHunters.G:I
gab	a:[Losa;
gab	b:Lsfa;
gab	c:I
gab	d:I
gab	e:Z
gab	f:I
gab	g:I
gab	h:[[I
gab	hgb.o:Losa;
gab	i:Lij;
gab	j:[Ljava/lang/String;
gab	osa.d:I
gab	osa.f:I
gb	jq.o:I
gba	jk.Cb:I
gba	nna.w:I
gba	o:Ljava/lang/String;
gba	p:Lllb;
gba	phb.m:I
gba	pmb.o:[Lphb;
gba	q:I
gba	qs.c:I
gba	r:I
gba	rba.a:I
gbb	fh.d:Lfh;
gbb	fh.e:Lfh;
gbb	fva.p:Z
gbb	o:I
gbb	p:Ljava/lang/String;
gbb	pma.o:I
gbb	q:I
gbb	uga.d:Z
gbb	wga.a:Llwa;
gca	VoidHunters.G:I
gca	cab.p:I
gca	o:Ljava/lang/String;
gca	p:Ljava/lang/String;
gca	q:[C
gca	r:Llkb;
gca	sg.d:I
gca	sg.e:I
gca	sja.c:I
gcb	jnb.o:I
gcb	o:Ljava/lang/String;
gcb	p:Z
gcb	q:Lkba;
gcb	r:Ljava/lang/String;
gcb	s:Ljava/lang/String;
gcb	t:Ljava/lang/String;
gcb	u:Ljava/lang/String;
gd	e:Z
gd	f:I
gd	g:I
gd	h:I
gd	i:[B
gda	d:I
gda	e:I
gda	f:I
gda	g:I
gda	h:Lml;
gda	i:I
gda	j:I
gda	k:Ljava/lang/String;
gda	l:I
gda	m:Lml;
gdb	VoidHunters.G:I
gdb	a:J
gdb	b:J
gdb	c:J
gdb	d:Ljava/lang/String;
gdb	e:J
gdb	f:[B
gdb	g:J
gdb	h:[B
gdb	i:Lasb;
gdb	j:I
gdb	k:J
gdb	l:I
gdb	m:Lau;
ge	a:Ljava/lang/String;
ge	b:Ljava/lang/String;
ge	c:I
ge	d:Z
ge	e:Z
gea	J:I
gea	K:Lshb;
gea	L:Lqpb;
gea	M:I
gea	N:Loe;
gea	O:I
gea	P:I
gea	Q:I
gea	VoidHunters.G:I
gea	gs.e:Loe;
gea	iab.a:Loe;
gea	kk.o:Loe;
gea	qpb.v:I
gea	shb.f:I
gea	shb.h:I
geb	o:Lllb;
geb	ot.b:I
gfb	a:Lllb;
gfb	go.p:I
gfb	nfa.d:I
gg	VoidHunters.G:I
gg	f:Lgab;
gg	gab.e:Z
gg	grb.l:[I
gg	hob.d:I
gg	i:I
gg	j:I
gg	k:I
gg	l:I
gg	qta.o:[I
gg	sj.p:[I
gga	VoidHunters.G:I
gga	ef.l:Lsba;
gga	l:Lsba;
gga	lb.p:Lef;
gga	t:Lshb;
ggb	a:I
gh	o:Ljava/lang/String;
gh	p:Ljava/lang/String;
gha	java/lang/System.out:Ljava/io/PrintStream;
gha	o:I
gha	p:Lllb;
gha	q:Lrrb;
gha	r:Lri;
gha	rm.f:[I
ghb	d:[B
gi	b:I
gia	VoidHunters.G:I
gia	d:Lrt;
gia	gbb.q:I
gia	hob.d:I
gia	i:I
gia	j:Ljava/lang/String;
gia	k:Leab;
gia	l:Z
gia	rpa.b:I
gia	rt.g:Z
gia	wf.d:I
gib	VoidHunters.G:I
gib	a:I
gib	asa.c:J
gib	b:[Ljava/lang/String;
gib	c:Ljava/lang/String;
gib	dua.p:Lkhb;
gib	hab.j:Ljava/lang/String;
gib	klb.r:Lida;
gib	vqa.i:Lgoa;
gj	htb.A:Lgj;
gj	of.a:Lgj;
gj	sp.o:Lgj;
gja	ul.a:I
gjb	o:Ldja;
gjb	p:Lllb;
gjb	rkb.o:I
gk	o:Ljava/lang/String;
gk	p:Z
gka	o:Ldfa;
gka	p:Lkb;
gka	q:I
gkb	o:I
gkb	p:Ljava/util/zip/CRC32;
gkb	q:Ljava/lang/String;
gl	a:I
gl	b:Ljava/lang/String;
gl	c:Ljava/lang/String;
gl	d:I
gla	a:Ljp;
gla	b:Ljava/lang/String;
gla	c:I
glb	VoidHunters.G:I
glb	a:Ljava/lang/String;
glb	b:Lmkb;
glb	c:[Ljava/lang/String;
glb	gtb.d:Lij;
glb	ms.y:Lij;
glb	nl.d:Lana;
glb	nl.f:I
glb	nl.g:Z
glb	nl.h:Z
glb	nl.i:I
glb	qw.k:Lana;
gm	H:Lij;
gm	I:Ljava/lang/String;
gm	J:Ljava/lang/String;
gm	K:I
gm	L:Leeb;
gm	M:[B
gm	N:Lphb;
gm	VoidHunters.G:I
gm	cca.o:Lqrb;
gm	dsa.q:Lqrb;
gm	g:I
gm	j:Ljava/lang/String;
gm	lea.o:Lqrb;
gm	nga.c:Ljava/lang/String;
gm	phb.m:I
gm	phb.n:I
gm	phb.p:I
gm	phb.q:I
gm	ps.a:[Lphb;
gm	q:Lwwa;
gm	rpa.c:Luja;
gm	tea.d:Luja;
gm	tg.p:Lqrb;
gm	tma.p:Luja;
gma	a:Ljagdx/IDirect3DSwapChain;
gma	b:Ljagdx/IDirect3DSurface;
gma	c:Ljagdx/IDirect3DSurface;
gmb	a:Ljava/lang/String;
gmb	b:Ljava/lang/String;
gmb	c:Lllb;
gn	VoidHunters.G:I
gn	b:Lmj;
gn	e:I
gn	f:Lkb;
gn	h:Ljp;
gn	j:I
gn	jp.Nc:I
gn	k:Lgl;
gn	l:I
gn	mj.d:Lmj;
gn	mj.f:Lmj;
gn	qua.d:Lkb;
gna	VoidHunters.G:I
gna	a:I
gna	eab.r:Ljava/lang/String;
gna	eab.w:Ljava/lang/String;
gna	i:[B
gna	j:I
gna	k:[I
gna	ku.d:Ljava/lang/String;
gna	l:I
gna	m:Ljava/lang/String;
gna	mob.d:Ljava/lang/Object;
gna	mob.f:I
gna	qv.p:Ljava/applet/Applet;
gna	tia.C:J
gna	vpa.b:Leab;
gna	w.y:I
gnb	VoidHunters.G:I
gnb	a:I
gnb	b:Lksa;
gnb	c:[Lksa;
gnb	cgb.a:Z
gnb	d:I
gnb	djb.r:Z
gnb	e:Lksa;
gnb	f:Ljava/lang/String;
gnb	g:I
gnb	hg.a:[I
gnb	java/lang/System.out:Ljava/io/PrintStream;
gnb	ksa.a:Lksa;
gnb	ksa.b:J
gnb	ksa.c:Lksa;
gnb	oea.o:I
gnb	qmb.q:I
gnb	ue.d:J
go	o:Lri;
go	q:Lllb;
goa	J:Ljava/lang/String;
goa	K:Ljava/lang/String;
goa	L:Z
goa	M:Z
goa	N:Lttb;
goa	VoidHunters.G:I
goa	h:I
goa	no.k:I
goa	ttb.v:I
goa	ttb.x:Z
goa	vob.r:Lno;
gob	a:[Ljava/lang/String;
gob	b:Ljava/lang/String;
gob	z:Ljava/lang/String;
gp	o:[J
gp	q:[Ljava/lang/String;
gp	r:[[J
gp	wda.q:I
gpa	e:Ljaclib/memory/heap/NativeHeap;
gpa	f:Ljava/lang/String;
gq	o:Ljava/lang/String;
gq	pcb.o:Z
gqa	a:I
gqa	b:Ljava/lang/String;
gqb	a:I
gqb	b:Ljava/lang/String;
gqb	c:I
gqb	java/lang/System.out:Ljava/io/PrintStream;
gqb	ml.a:Laqa;
gqb	sg.k:Lml;
gr	o:Ljava/lang/String;
gra	VoidHunters.G:I
gra	o:I
gra	p:Ljava/lang/String;
grb	VoidHunters.G:I
grb	d:Lrt;
grb	f:Lgab;
grb	g:Z
grb	gab.e:Z
grb	gbb.q:I
grb	hob.d:I
grb	i:Ljava/lang/String;
grb	j:[I
grb	k:I
grb	l:[I
grb	m:I
grb	rt.g:Z
grb	wf.d:I
gs	a:[Lapb;
gs	b:Lllb;
gs	c:I
gs	d:Ljava/lang/String;
gs	e:Loe;
gsa	o:[Ljava/lang/String;
gsa	p:Ljava/lang/String;
gt	o:Lllb;
gt	p:F
gt	q:Z
gtb	a:Ljava/lang/String;
gtb	b:I
gtb	c:I
gtb	d:Lij;
gu	o:Ljava/lang/String;
gu	p:I
gu	q:Ljava/lang/String;
gua	bl.g:I
gua	qn.h:Lida;
gv	be.a:I
gv	be.b:I
gv	dpa.p:Lfaa;
gv	efb.b:Lvfa;
gv	vfa.b:Z
gva	a:Ldja;
gva	b:Ljava/lang/String;
gw	VoidHunters.G:I
gw	f:Lgab;
gw	gab.e:Z
gw	grb.l:[I
gw	hob.d:I
gw	i:[I
gw	j:I
gw	sj.p:[I
gwa	VoidHunters.G:I
gwa	aib.c:D
gwa	bfa.o:Lij;
gwa	cd.c:I
gwa	mlb.q:Lij;
gwa	npa.c:D
gwa	o:Z
gwa	p:Ljava/lang/String;
gwa	rw.q:I
h	ima.c:I
h	ima.e:I
h	ima.f:I
h	ima.g:I
h	ima.h:[B
h	nativeid:J
ha	VoidHunters.G:I
ha	a:Ld;
ha	b:I
ha	bqb.o:[Z
ha	ejb.p:I
ha	fkb.m:Ltjb;
ha	pba.o:I
ha	tjb.M:I
ha	tra.o:Lllb;
ha	uga.d:Z
haa	o:Ljava/lang/String;
haa	p:Ljava/lang/String;
hab	VoidHunters.G:I
hab	asa.a:Laba;
hab	d:Lpf;
hab	df.o:Laba;
hab	e:Ljava/lang/String;
hab	et.c:Laba;
hab	f:Z
hab	g:[Lwfb;
hab	h:I
hab	i:I
hab	j:Ljava/lang/String;
hab	meb.d:Luja;
hab	pea.d:Lslb;
hab	pja.l:Lslb;
hab	qcb.q:Lslb;
hab	tma.p:Luja;
hab	tma.q:Lslb;
hab	wda.o:Lkba;
hb	VoidHunters.G:I
hb	a:I
hb	b:J
hb	d:[I
hb	java/lang/System.out:Ljava/io/PrintStream;
hba	o:I
hbb	A:[I
hbb	B:[I
hbb	C:Lkka;
hbb	D:[I
hbb	E:Lgnb;
hbb	F:I
hbb	G:[I
hbb	H:[[Lfkb;
hbb	I:[I
hbb	K:[I
hbb	L:Z
hbb	M:[I
hbb	N:[B
hbb	O:[[Lfkb;
hbb	VoidHunters.G:I
hbb	cja.a:[B
hbb	cja.b:I
hbb	cja.c:I
hbb	cja.d:I
hbb	cja.e:I
hbb	cja.f:I
hbb	cja.g:I
hbb	cja.h:[B
hbb	cja.i:I
hbb	fkb.d:I
hbb	fkb.e:I
hbb	fkb.f:I
hbb	fkb.g:Lcja;
hbb	fkb.h:I
hbb	fkb.i:I
hbb	fkb.j:Lfga;
hbb	fkb.k:I
hbb	fkb.l:I
hbb	fkb.n:Lsd;
hbb	fkb.o:I
hbb	fkb.p:I
hbb	fkb.q:I
hbb	fkb.r:I
hbb	fkb.s:I
hbb	fkb.t:I
hbb	fkb.u:I
hbb	fkb.v:I
hbb	fkb.w:I
hbb	fkb.x:I
hbb	fkb.y:Lgd;
hbb	gd.e:Z
hbb	gd.f:I
hbb	gd.g:I
hbb	gd.i:[B
hbb	ghb.b:J
hbb	ghb.d:[B
hbb	h:J
hbb	ht.j:Lqkb;
hbb	ht.k:Lij;
hbb	i:J
hbb	j:[I
hbb	k:Lht;
hbb	kka.d:Lgnb;
hbb	kka.e:[B
hbb	l:[I
hbb	m:I
hbb	n:[I
hbb	o:[I
hbb	p:I
hbb	q.b:[I
hbb	q.c:I
hbb	q:I
hbb	r:[I
hbb	s:Z
hbb	sd.d:[Lgd;
hbb	sd.e:[S
hbb	sd.f:[B
hbb	sd.g:[B
hbb	sd.h:[Lcja;
hbb	sd.i:I
hbb	sd.j:[B
hbb	t:[I
hbb	u:Lq;
hbb	v:[I
hbb	vka.s:I
hbb	w:I
hbb	x:[I
hbb	y:[I
hbb	z:I
hc	a:[I
hc	b:[[[I
hc	c:F
hc	d:I
hc	e:[[[I
hc	f:[[I
hc	g:[I
hc	h:[[F
hca	VoidHunters.G:I
hca	ak.o:Z
hca	br.f:Llkb;
hca	es.a:Ljava/lang/String;
hca	ira.b:Llkb;
hca	o:Lllb;
hca	qw.j:Llkb;
hcb	VoidHunters.G:I
hcb	bfb.b:I
hcb	cd.b:I
hcb	ew.o:Z
hcb	li.i:Z
hcb	o:I
hcb	og.r:Lha;
hcb	p:I
hcb	q:Ljava/lang/String;
hcb	qn.f:I
hcb	rb.c:Lij;
hda	a:Z
he	o:I
heb	acb.o:Ljava/lang/String;
heb	ar.a:Ljava/lang/String;
heb	btb.c:Ljava/lang/String;
heb	ddb.o:Ljava/lang/String;
heb	dgb.a:Ljava/lang/String;
heb	eaa.o:Ljava/lang/String;
heb	fpb.b:Ljava/lang/String;
heb	og.s:Ljava/lang/String;
heb	rv.b:Ljava/lang/String;
heb	ub.g:Ljava/lang/String;
heb	wu.e:Ljava/lang/String;
hfa	B:I
hfa	C:I
hfa	D:I
hfa	E:I
hfa	F:[B
hfa	G:[I
hfa	a:I
hfa	b:I
hfa	e:I
hfa	f:I
hfa	g:I
hfa	h:I
hfa	i:I
hfa	j:I
hfa	k:I
hfa	l:I
hfa	m:I
hfa	n:I
hfa	o:I
hfa	p:I
hfa	q:I
hfa	s:I
hfa	sob.A:I
hfa	sob.H:I
hfa	sob.i:I
hfa	sob.k:[I
hfa	sob.n:I
hfa	sob.p:I
hfa	u:I
hfa	v:I
hfa	w:Lsob;
hfa	x:I
hfa	y:I
hfa	z:I
hg	VoidHunters.G:I
hg	a:[I
hg	abb.a:I
hg	b:Laib;
hg	d:I
hg	itb.p:J
hg	nrb.b:[Lpgb;
hg	ou.q:I
hg	pgb.a:I
hg	pgb.d:Ljava/lang/String;
hg	pgb.f:I
hg	pgb.h:I
hg	pgb.i:J
hg	pgb.m:[I
hg	pgb.n:Ljava/lang/String;
hg	rea.d:Ljava/lang/String;
hg	wrb.p:[I
hga	o:[I
hga	p:Lij;
hgb	o:Losa;
hgb	p:Ljava/lang/String;
hh	java/lang/System.out:Ljava/io/PrintStream;
hh	o:I
hha	VoidHunters.G:I
hha	gcb.p:Z
hha	li.i:Z
hha	o:Z
hha	p:Lkhb;
hhb	oq.c:I
hi	VoidHunters.G:I
hi	a:I
hi	b:I
hi	phb.r:[I
hia	o:[[I
hia	vra.b:Lwdb;
hia	wdb.yb:Lllb;
hib	ll.p:Laja;
hj	o:[I
hj	p:Ljava/lang/String;
hj	q:J
hja	mgb.o:Z
hja	o:[[B
hja	p:Ljava/lang/String;
hja	wba.o:[I
hjb	ew.o:Z
hjb	o:Labb;
hk	VoidHunters.G:I
hk	dca.q:[I
hk	f:Lgab;
hk	gab.e:Z
hk	gbb.q:I
hk	hab.k:I
hk	hob.d:I
hk	i:Ljava/lang/String;
hk	j:I
hk	nrb.b:[Lpgb;
hk	ou.q:I
hk	wf.d:I
hka	VoidHunters.G:I
hka	aha.o:Lllb;
hka	aob.o:Z
hka	bnb.q:Ljava/lang/String;
hka	ci.a:Ljava/lang/String;
hka	ci.c:Lllb;
hka	d:[Ljava/lang/String;
hka	ef.z:I
hka	esa.o:Ljava/lang/String;
hka	gg.j:I
hka	iga.o:Lllb;
hka	iqb.o:Lphb;
hka	jj.q:Ljava/lang/String;
hka	kpb.r:Ljava/lang/String;
hka	llb.B:I
hka	llb.F:I
hka	mab.e:Ljava/lang/String;
hka	nf.c:Lllb;
hka	oq.t:I
hka	qc.q:Lllb;
hka	qmb.q:I
hka	qsa.d:Lllb;
hka	rbb.k:Lwdb;
hka	re.n:Lwdb;
hka	rrb.b:Lllb;
hka	rtb.h:Lllb;
hka	sdb.p:Lllb;
hka	soa.xb:Lllb;
hka	vra.b:Lwdb;
hka	wdb.xb:Lsoa;
hka	wpb.p:Ljava/awt/Color;
hkb	VoidHunters.G:I
hkb	a:Lpe;
hkb	ar.d:Z
hkb	java/lang/System.out:Ljava/io/PrintStream;
hkb	qv.o:I
hkb	rsb.g:Lpe;
hkb	tfa.g:Lsg;
hl	d:Lpf;
hl	e:Lnla;
hl	f:[F
hl	g:Ljagdx/IDirect3DVertexShader;
hl	h:Ljagdx/IDirect3DPixelShader;
hl	i:Lrga;
hl	j:Z
hl	jagdx/D3DCAPS.VertexShaderVersion:I
hl	k:Z
hl	nla.Hc:Ljagdx/D3DCAPS;
hl	nla.Mc:Ljagdx/IDirect3DDevice;
hl	pf.Sb:F
hl	pf.j:I
hl	pf.lc:I
hl	pf.p:F
hl	pf.pc:I
hl	pf.r:F
hl	pf.u:F
hl	pf.uc:Z
hl	pf.vb:Z
hl	pf.wc:[F
hl	pf.x:F
hl	rga.e:Lgf;
hla	VoidHunters.G:I
hla	a:[I
hla	b:Ljava/lang/String;
hlb	jk.Cb:I
hlb	nna.w:I
hlb	o:Ljava/lang/String;
hlb	p:I
hlb	qs.c:I
hm	VoidHunters.G:I
hm	faa.h:[B
hm	fd.r:I
hm	foa.o:I
hm	iq.a:I
hm	o:Ljava/lang/String;
hm	ow.a:I
hm	qga.b:Lfaa;
hm	vja.a:I
hma	VoidHunters.G:I
hma	a:I
hma	b:I
hma	c:[I
hma	d:[I
hma	e:Z
hmb	o:Ljava/lang/String;
hn	a:I
hna	VoidHunters.G:I
hna	boa.c:[I
hna	ceb.p:Z
hna	d:Lpwa;
hna	dv.a:Z
hna	dv.e:I
hna	e:I
hna	ena.q:I
hna	fra.a:I
hna	hbb.z:I
hna	java/lang/System.out:Ljava/io/PrintStream;
hna	jnb.o:I
hna	k:I
hna	li.i:Z
hna	lta.a:F
hna	lta.b:F
hna	lta.c:F
hna	lta.d:I
hna	lta.e:I
hna	mmb.d:[Laja;
hna	n:I
hna	o:I
hna	og.r:Lha;
hna	p:I
hna	psb.b:Lufb;
hna	q:I
hna	r:Ltw;
hna	rsb.e:Llbb;
hna	rsb.f:Ltr;
hna	rsb.g:Lpe;
hna	s:I
hna	sg.k:Lml;
hna	sl.a:I
hna	tfa.b:I
hna	tfa.d:I
hna	tfa.e:I
hna	tfa.f:I
hna	tfa.g:Lsg;
hna	tfa.m:I
hna	tkb.p:I
hna	tw.a:Lboa;
hna	tw.b:I
hna	tw.c:Ldv;
hna	tw.d:Lso;
hna	tw.e:Ltwa;
hna	twa.a:I
hna	via.b:I
hnb	J:Z
hnb	K:Z
hnb	L:Lhtb;
hnb	M:Z
hnb	N:[Lfm;
hnb	O:Lhtb;
hnb	P:Lnva;
hnb	Q:Lhtb;
hnb	R:Lhtb;
hnb	S:Lusb;
hnb	T:[Lhtb;
hnb	U:[Lphb;
hnb	V:Lhtb;
hnb	VoidHunters.G:I
hnb	W:Lhtb;
hnb	X:Lllb;
hnb	bkb.a:Ljava/lang/String;
hnb	bm.o:Leab;
hnb	bmb.b:Ljava/lang/String;
hnb	cw.p:[Lcaa;
hnb	efb.b:Lvfa;
hnb	f:I
hnb	fja.q:[Lcaa;
hnb	fm.a:I
hnb	fm.c:I
hnb	fv.q:Ljava/lang/String;
hnb	gk.o:Ljava/lang/String;
hnb	h:I
hnb	hcb.o:I
hnb	htb.e:Z
hnb	htb.f:I
hnb	htb.g:I
hnb	htb.h:I
hnb	htb.q:Lwwa;
hnb	htb.r:I
hnb	htb.u:Z
hnb	htb.x:Z
hnb	jd.p:Ljava/lang/String;
hnb	jdb.a:Ljava/lang/String;
hnb	lib.q:Ljava/lang/String;
hnb	loa.o:Lno;
hnb	nva.e:Z
hnb	psb.b:Lufb;
hnb	qua.a:Ldpb;
hnb	shb.f:I
hnb	shb.g:I
hnb	shb.h:I
hnb	shb.q:Lwwa;
hnb	shb.r:I
hnb	t:Lij;
hnb	tw.f:[Lcaa;
hnb	upb.c:Z
hnb	usb.g:I
hnb	usb.r:I
hnb	usb.w:I
hnb	v:Lida;
hnb	vfa.b:Z
hnb	vfa.e:I
hnb	vfa.q:I
hnb	wv.l:Ljava/lang/String;
hnb	z:Z
ho	a:Lfwa;
ho	z:Ljava/lang/String;
hoa	hp.b:Lllb;
hoa	llb.R:Ljava/lang/String;
hoa	o:I
hoa	p:Ljava/lang/String;
hoa	qw.l:Lllb;
hob	VoidHunters.G:I
hob	cg.o:Lphb;
hob	d:I
hob	e:Ljava/lang/String;
hob	g:I
hob	h:I
hob	i:I
hob	igb.a:Ljava/awt/Canvas;
hob	j:I
hob	k:I
hob	l:Ljava/lang/String;
hob	phb.l:I
hob	phb.p:I
hob	phb.q:I
hob	reb.a:Lphb;
hob	tfb.o:[I
hp	a:Ljava/lang/StringBuilder;
hp	b:Lllb;
hp	ejb.p:I
hp	fkb.m:Ltjb;
hp	tra.o:Lllb;
hpa	cnb.p:I
hpa	o:[Lllb;
hpa	p:I
hpb	VoidHunters.G:I
hpb	cg.q:I
hpb	d:Lrt;
hpb	f:Lgab;
hpb	g:Z
hpb	gab.e:Z
hpb	gbb.q:I
hpb	grb.l:[I
hpb	hob.d:I
hpb	j:Ljava/lang/String;
hpb	k:J
hpb	noa.o:I
hpb	rab.n:I
hpb	rt.g:Z
hpb	sj.p:[I
hpb	wf.d:I
hq	d:I
hq	e:I
hq	f:[I
hq	faa.e:I
hq	faa.h:[B
hq	g:Ljava/awt/image/ImageConsumer;
hq	h:Ljava/awt/image/ColorModel;
hq	i:Ljava/lang/String;
hq	j:Ljava/awt/Image;
hq	k:Ljava/awt/Canvas;
hq	qga.b:Lfaa;
hq	vsa.r:Lgdb;
hqa	cra.o:I
hqa	o:Ljava/lang/String;
hqb	VoidHunters.G:I
hqb	a:Ljava/lang/String;
hqb	aba.a:Law;
hqb	aib.b:Ljava/lang/String;
hqb	amb.a:Ljava/lang/String;
hqb	b:Lllb;
hqb	bga.o:Ljava/lang/String;
hqb	bka.o:Ljava/lang/String;
hqb	c:I
hqb	crb.v:Lbwa;
hqb	d:J
hqb	dfb.o:Ljava/lang/String;
hqb	e:[I
hqb	eha.p:Ljava/lang/String;
hqb	erb.p:Z
hqb	f:I
hqb	fh.g:Lllb;
hqb	fmb.o:[I
hqb	g:Ljava/lang/String;
hqb	gbb.p:Ljava/lang/String;
hqb	h:I
hqb	hb.c:Z
hqb	hga.o:[I
hqb	i:Law;
hqb	ib.o:Ljava/lang/String;
hqb	ica.p:Ljava/lang/String;
hqb	idb.p:I
hqb	iga.o:Lllb;
hqb	ina.o:Ljava/lang/String;
hqb	iwa.b:I
hqb	j:Ljava/lang/String;
hqb	jk.Eb:Z
hqb	jk.Fb:Z
hqb	k:[[Ljava/lang/String;
hqb	kib.d:I
hqb	kma.d:Ljava/lang/String;
hqb	kn.p:Lllb;
hqb	knb.r:Ljava/lang/String;
hqb	lla.h:I
hqb	llb.G:I
hqb	llb.J:Z
hqb	llb.M:I
hqb	llb.hb:I
hqb	llb.u:I
hqb	lo.b:Lllb;
hqb	lqa.o:Lmm;
hqb	lu.c:Ljava/lang/String;
hqb	mm.Fb:I
hqb	mm.Gb:Z
hqb	mm.Qb:Z
hqb	mm.Ub:I
hqb	mm.Vb:Ljava/lang/String;
hqb	mm.ac:Z
hqb	mm.cc:Z
hqb	mm.fc:Z
hqb	mm.zb:I
hqb	nrb.a:Ljava/lang/String;
hqb	ocb.j:Ljava/lang/String;
hqb	ona.l:Ljava/lang/String;
hqb	pgb.a:I
hqb	pgb.k:Z
hqb	qc.q:Lllb;
hqb	qia.o:Ljava/lang/String;
hqb	raa.q:Ljava/lang/String;
hqb	rib.o:Ljava/lang/String;
hqb	sv.f:[I
hqb	t.e:Ljava/lang/String;
hqb	tda.M:Ljava/lang/String;
hqb	ti.g:Ljava/lang/String;
hqb	ts.a:Ljava/lang/String;
hqb	uda.c:Ljava/lang/String;
hqb	ue.c:Ljava/lang/String;
hqb	urb.o:Lqca;
hqb	uta.o:Ljava/lang/String;
hqb	vv.a:Ljava/lang/String;
hqb	wqa.a:J
hr	VoidHunters.G:I
hr	gbb.q:I
hr	grb.l:[I
hr	hob.d:I
hr	java/awt/Dimension.height:I
hr	java/awt/Dimension.width:I
hr	noa.o:I
hr	o:[Ljava/lang/String;
hr	sj.p:[I
hr	tpa.b:I
hr	wf.d:I
hra	kba.a:Llta;
hra	o:Lbs;
hra	oma.i:F
hrb	a:I
hrb	z:Ljava/lang/String;
hs	VoidHunters.G:I
hs	dpa.p:Lfaa;
hs	ea.e:I
hs	ea.f:I
hs	ea.g:I
hs	ea.h:I
hs	ea.i:I
hs	ea.l:I
hs	faa.e:I
hs	li.i:Z
hs	nma.b:[Lda;
hsa	o:Ljava/lang/String;
hsb	a:[Lcbb;
ht	VoidHunters.G:I
ht	fkb.j:Lfga;
ht	fkb.k:I
ht	fkb.n:Lsd;
ht	fkb.o:I
ht	fkb.p:I
ht	fkb.v:I
ht	fkb.x:I
ht	fkb.y:Lgd;
ht	h:Ljava/lang/String;
ht	hbb.j:[I
ht	hbb.l:[I
ht	hbb.v:[I
ht	i:Lhbb;
ht	j:Lqkb;
ht	k:Lij;
ht	sd.e:[S
ht	vka.s:I
hta	VoidHunters.G:I
hta	o:I
hta	tcb.p:B
htb	A:Lgj;
htb	hu.b:I
htb	kc.b:I
htb	l:Lsba;
htb	msa.s:Lrbb;
htb	n:I
htb	q:Lwwa;
htb	rbb.a:Lwwa;
htb	rbb.q:Lwwa;
htb	t:Z
htb	u:Z
htb	uia.b:I
htb	v:Ljava/lang/String;
htb	w:Lllb;
htb	x:Z
htb	y:Z
htb	z:I
hu	b:I
hua	d:I
hua	hg.b:Laib;
hv	o:Ldja;
hv	p:Ljava/lang/String;
hva	a:Ljava/lang/String;
hva	b:Ljava/lang/Throwable;
hva	c:[Ljava/lang/String;
hw	VoidHunters.G:I
hw	a:I
hw	b:I
hw	c:[J
hw	d:[[I
hw	e:Lasb;
hwa	o:Los;
hwa	p:[[Lphb;
hwa	r:[Lima;
i	a:[Lqeb;
i	b:Lya;
i	bqa.a:I
i	bqa.b:I
i	bqa.e:I
i	c:[Ltn;
i	cbb.B:I
i	cbb.C:[I
i	cbb.D:I
i	cbb.E:[B
i	cbb.F:[I
i	cbb.G:[I
i	cbb.H:[S
i	cbb.I:[I
i	cbb.J:[B
i	cbb.K:[S
i	cbb.L:[I
i	cbb.M:[B
i	cbb.a:[I
i	cbb.b:[S
i	cbb.c:[Lqeb;
i	cbb.d:B
i	cbb.e:[B
i	cbb.f:[I
i	cbb.g:[Lbqa;
i	cbb.i:[S
i	cbb.j:I
i	cbb.k:[S
i	cbb.l:[Ltn;
i	cbb.m:[B
i	cbb.n:[B
i	cbb.o:[S
i	cbb.p:[I
i	cbb.r:[B
i	cbb.s:I
i	cbb.t:[S
i	cbb.u:[S
i	cbb.v:[I
i	cbb.w:[S
i	cbb.x:[I
i	cbb.y:[I
i	cbb.z:[S
i	d:Loa;
i	nativeid:J
i	qeb.a:I
i	qeb.b:I
i	qeb.d:I
i	sr.a:Z
i	sr.b:I
i	sr.d:I
i	sr.e:I
i	sr.f:I
i	sr.g:I
i	tn.a:I
iab	a:Loe;
iab	dpa.p:Lfaa;
iab	faa.e:I
iab	iwa.b:I
iab	mq.k:I
iab	mr.L:Ljava/lang/String;
iab	nf.b:Ljava/lang/String;
iab	tjb.Cb:Ljava/lang/String;
ib	o:Ljava/lang/String;
iba	VoidHunters.G:I
iba	ag.p:I
iba	dla.d:I
iba	eh.p:I
iba	ek.o:I
iba	eqa.o:I
iba	fda.o:I
iba	mb.j:I
iba	nda.q:I
iba	qab.b:I
iba	skb.o:Lbc;
ibb	VoidHunters.G:I
ibb	a:I
ibb	b:J
ibb	c:Ljp;
ibb	li.i:Z
ibb	nma.b:[Lda;
ic	fkb.m:Ltjb;
ic	o:Ljava/lang/String;
ic	pma.o:I
ica	o:Ljava/lang/String;
ica	p:Ljava/lang/String;
icb	asb.f:I
icb	o:I
icb	p:Lpr;
ida	VoidHunters.G:I
ida	bl.f:I
ida	bl.h:I
ida	bl.z:Z
ida	faa.e:I
ida	fob.a:I
ida	g:I
ida	lob.a:Ljava/lang/String;
ida	mob.d:Ljava/lang/Object;
ida	mob.f:I
ida	mv.d:I
ida	mv.e:[Lmob;
ida	mv.f:[[[B
ida	mv.g:[Lmob;
ida	mv.h:[I
ida	mv.i:I
ida	mv.j:[I
ida	mv.k:[I
ida	q:Lwwa;
ida	r:I
ida	t:Lshb;
ida	tma.r:Lij;
ida	v:Lij;
ida	vi.p:I
ida	w:Lgj;
ida	x:Lkba;
ie	VoidHunters.G:I
ie	ce.o:[B
ie	cla.b:I
ie	cta.q:Lij;
ie	dsa.p:Ljava/lang/String;
ie	icb.p:Lpr;
ie	ii.h:Z
ie	imb.a:I
ie	jk.Ab:I
ie	jk.Bb:I
ie	jk.Db:I
ie	jk.Eb:Z
ie	jk.Fb:Z
ie	jk.Gb:I
ie	jk.Kb:J
ie	jk.Lb:Z
ie	jk.vb:I
ie	jk.yb:I
ie	kja.E:Lij;
ie	ks.r:Lpr;
ie	ktb.p:I
ie	lqa.o:Lmm;
ie	mea.e:Lij;
ie	mm.Db:I
ie	mm.Qb:Z
ie	mm.Vb:Ljava/lang/String;
ie	mm.ac:Z
ie	mm.ec:I
ie	mm.zb:I
ie	nkb.p:[B
ie	o:Lphb;
ie	ocb.l:I
ie	oha.o:Lpr;
ie	ohb.o:Lmm;
ie	p:I
ie	qd.d:I
ie	qea.p:I
ie	qga.a:J
ie	qga.b:Lfaa;
ie	tg.q:I
ie	wqa.a:J
iea	d:I
ieb	VoidHunters.G:I
ieb	ae.j:I
ieb	aka.o:[I
ieb	alb.b:I
ieb	bl.x:Lno;
ieb	db.o:[Ljava/lang/String;
ieb	ei.c:Lae;
ieb	eqa.o:I
ieb	fda.o:I
ieb	hwa.q:I
ieb	ih.e:I
ieb	kjb.p:I
ieb	klb.r:Lida;
ieb	mab.f:I
ieb	mb.j:I
ieb	msa.s:Lrbb;
ieb	mtb.p:I
ieb	mua.d:I
ieb	nl.m:I
ieb	o:[I
ieb	oja.p:Lno;
ieb	ot.b:I
ieb	pba.r:I
ieb	pva.g:I
ieb	ska.o:Lbc;
ieb	tba.o:I
ieb	vhb.d:Lbc;
ieb	whb.a:I
ifa	d:I
ifa	e:Ljava/lang/String;
ifa	f:[C
ifa	g:[Ljava/lang/String;
ifa	h:Ljava/lang/String;
ifb	df.p:I
ifb	ov.o:Llpb;
ifb	qaa.b:I
ifb	wkb.b:I
ig	hca.o:Lllb;
ig	hi.a:I
ig	icb.o:I
ig	kga.o:I
ig	ldb.o:I
ig	qs.c:I
ig	tb.b:I
ig	uh.p:I
iga	o:Lllb;
igb	VoidHunters.G:I
igb	a:Ljava/awt/Canvas;
igb	b:Ljava/lang/String;
igb	llb.E:I
igb	llb.G:I
igb	llb.K:I
igb	llb.db:I
igb	llb.lb:Lij;
igb	pp.o:[I
igb	r.l:D
ih	VoidHunters.G:I
ih	c:I
ih	d:I
ih	e:I
ih	f:[Ljava/lang/String;
ih	java/lang/System.out:Ljava/io/PrintStream;
ih	so.b:I
iha	bm.o:Leab;
iha	eab.k:Z
iha	o:Ljava/lang/String;
ihb	VoidHunters.G:I
ihb	cs.c:Lehb;
ihb	d:I
ihb	e:I
ihb	pab.l:[B
ii	VoidHunters.G:I
ii	a:Ljava/lang/String;
ii	b:[Lopa;
ii	c:Lasb;
ii	d:Ldja;
ii	e:Lasb;
ii	f:Lehb;
ii	g:Ljava/lang/String;
ii	h:Z
ii	i:I
ii	opa.a:Z
ii	opa.b:B
ii	opa.c:B
ii	opa.d:B
ii	opa.e:Z
ii	opa.f:I
ii	opa.g:B
ii	opa.h:Z
ii	opa.i:Z
ii	opa.j:B
ii	opa.k:Z
ii	opa.l:S
ii	opa.m:Z
ii	opa.n:B
ii	opa.o:I
ii	opa.p:B
ii	opa.q:I
ii	opa.r:Z
ii	opa.s:Z
iia	VoidHunters.G:I
iia	c:Ljava/lang/String;
iia	cq.f:I
iia	cq.g:I
iia	d:I
iia	e:I
iia	java/lang/System.out:Ljava/io/PrintStream;
iib	VoidHunters.G:I
iib	b:Lqfa;
iib	c:Ljjb;
iib	d:Lbt;
iib	e:[I
iib	jjb.c:[Laia;
iib	jjb.d:Z
iib	jjb.g:Lob;
iib	qfa.Mc:I
iib	wk.b:[F
ij	VoidHunters.G:I
ij	a:Lksa;
ij	b:Lksa;
ij	ksa.a:Lksa;
ij	ksa.c:Lksa;
ija	VoidHunters.G:I
ija	ae.f:Lpr;
ija	b:Lmob;
ija	c:Ljava/lang/String;
ija	iwa.b:I
ija	kbb.q:Ljava/lang/String;
ija	mq.k:I
ija	mr.M:Lij;
ija	om.c:Lpr;
ija	st.o:Lij;
ija	vob.p:I
ijb	o:Ljava/lang/String;
ik	adb.a:I
ik	aea.a:I
ik	aea.b:I
ik	ana.f:I
ik	apb.a:I
ik	aq.o:I
ik	as.d:I
ik	asa.e:I
ik	ava.a:I
ik	awa.q:I
ik	bba.a:I
ik	bhb.i:I
ik	bia.c:I
ik	bjb.o:I
ik	bka.p:I
ik	bma.n:I
ik	bn.a:I
ik	bnb.o:I
ik	bpa.a:I
ik	bra.d:I
ik	brb.o:I
ik	bv.e:I
ik	cab.p:I
ik	cca.p:I
ik	cg.r:I
ik	cha.p:I
ik	cia.a:I
ik	clb.a:I
ik	coa.f:I
ik	cp.f:I
ik	cqa.p:I
ik	cva.o:I
ik	db.q:I
ik	dca.o:I
ik	dcb.d:I
ik	dcb.f:I
ik	de.p:I
ik	de.q:I
ik	df.p:I
ik	dfa.a:I
ik	di.p:I
ik	dla.c:I
ik	dr.a:I
ik	ds.d:I
ik	ea.j:I
ik	eca.e:I
ik	ed.o:I
ik	ee.p:I
ik	eg.o:I
ik	eha.q:I
ik	ehb.e:I
ik	ela.q:I
ik	ena.q:I
ik	enb.c:I
ik	era.p:I
ik	eta.b:I
ik	fd.p:I
ik	ffa.b:I
ik	fj.b:I
ik	fja.o:I
ik	fmb.r:I
ik	fna.o:I
ik	fna.p:I
ik	foa.p:I
ik	fob.c:I
ik	fra.a:I
ik	ftb.o:I
ik	fua.q:I
ik	gaa.p:I
ik	gba.r:I
ik	gbb.o:I
ik	gda.d:I
ik	ge.c:I
ik	gib.a:I
ik	gka.q:I
ik	gkb.o:I
ik	gl.d:I
ik	gra.o:I
ik	gs.c:I
ik	gtb.c:I
ik	gu.p:I
ik	hrb.a:I
ik	hw.b:I
ik	ibb.a:I
ik	ie.p:I
ik	iea.d:I
ik	ina.p:I
ik	ioa.p:I
ik	itb.o:I
ik	jga.a:I
ik	jj.o:I
ik	jo.e:I
ik	joa.a:I
ik	js.s:I
ik	jsb.d:I
ik	jt.p:I
ik	jtb.m:I
ik	kcb.o:I
ik	kg.o:I
ik	khb.c:I
ik	klb.p:I
ik	km.o:I
ik	kmb.f:I
ik	ktb.q:I
ik	ku.c:I
ik	kva.g:I
ik	la.k:I
ik	la.m:I
ik	laa.o:I
ik	ldb.q:I
ik	lja.d:I
ik	ljb.o:I
ik	lob.b:I
ik	lr.p:I
ik	lrb.e:I
ik	ls.p:I
ik	ls.r:I
ik	ltb.p:I
ik	m.p:I
ik	mc.u:I
ik	mmb.g:I
ik	mmb.i:I
ik	mp.o:I
ik	mq.j:I
ik	mqa.s:I
ik	mra.o:I
ik	mtb.o:I
ik	nca.o:I
ik	nn.a:I
ik	nnb.e:I
ik	nob.p:I
ik	np.o:I
ik	nra.b:I
ik	nsa.o:I
ik	nu.p:I
ik	nu.q:I
ik	nw.o:I
ik	oga.o:I
ik	ooa.xb:I
ik	op.p:I
ik	opb.o:I
ik	oq.A:I
ik	oq.C:I
ik	oq.G:I
ik	oq.I:I
ik	oq.a:I
ik	oq.e:I
ik	oq.g:I
ik	oq.h:I
ik	oq.j:I
ik	oq.k:I
ik	oq.m:I
ik	oq.n:I
ik	oq.o:I
ik	oq.p:I
ik	oq.q:I
ik	oq.t:I
ik	oq.v:I
ik	oq.w:I
ik	oq.x:I
ik	oq.y:I
ik	oq.z:I
ik	osb.b:I
ik	ou.r:I
ik	pca.m:I
ik	pea.a:I
ik	pea.b:I
ik	pmb.p:I
ik	pt.o:I
ik	pwa.b:I
ik	qaa.b:I
ik	qab.d:I
ik	qca.wb:I
ik	qca.yb:I
ik	qea.o:I
ik	qea.q:I
ik	qh.J:I
ik	qjb.d:I
ik	qmb.p:I
ik	qqb.b:I
ik	qra.o:I
ik	qrb.a:I
ik	qv.o:I
ik	r.k:I
ik	rjb.u:I
ik	rla.x:I
ik	rlb.e:I
ik	rma.b:I
ik	rn.o:I
ik	rta.p:I
ik	sbb.p:I
ik	seb.o:I
ik	sib.i:I
ik	sja.b:I
ik	sja.i:I
ik	sl.a:I
ik	slb.a:I
ik	spa.a:I
ik	tea.b:I
ik	tta.p:I
ik	tua.a:I
ik	uaa.o:I
ik	uab.b:I
ik	uda.b:I
ik	ue.a:I
ik	uh.q:I
ik	uja.b:I
ik	ujb.h:I
ik	upb.a:I
ik	us.f:I
ik	uua.o:I
ik	vc.p:I
ik	vdb.d:I
ik	veb.b:I
ik	vgb.o:I
ik	vha.p:I
ik	voa.b:I
ik	voa.d:I
ik	vqa.k:I
ik	vt.o:I
ik	wda.p:I
ik	wda.s:I
ik	wf.e:I
ik	wha.a:I
ik	wj.o:I
ik	wj.p:I
ik	wja.b:I
ik	wk.a:I
ik	wkb.a:I
ik	wkb.b:I
ik	wob.o:I
ik	wqa.b:I
ik	wr.o:I
ik	wra.p:I
ik	ww.o:I
ika	a:[I
ika	b:I
ika	c:[I
ika	java/lang/System.out:Ljava/io/PrintStream;
ika	rsb.e:Llbb;
ikb	VoidHunters.G:I
ikb	hg.b:Laib;
ikb	java/lang/System.out:Ljava/io/PrintStream;
ikb	o:Ljava/lang/String;
il	VoidHunters.G:I
il	dw.a:[I
il	f:Lgab;
il	gab.e:Z
il	grb.l:[I
il	hob.d:I
il	i:I
il	j:I
il	k:I
il	l:I
il	rba.b:[[I
il	sj.p:[I
ila	VoidHunters.G:I
ila	aq.p:[I
ila	bs.b:[I
ila	ch.o:Z
ila	d:Ljava/lang/String;
ilb	z:Ljava/lang/String;
im	VoidHunters.G:I
im	b:I
im	l:Z
im	m:I
im	n:F
im	o:F
im	p:I
im	q:Lfaa;
ima	a:[B
ima	b:[I
ima	c:I
ima	d:I
ima	ds.e:I
ima	e:I
ima	f:I
ima	g:I
ima	h:[B
ima	i:I
imb	b:Ljava/lang/String;
imb	c:I
imb	d:I
imb	e:I
imb	java/lang/System.out:Ljava/io/PrintStream;
in	a:[I
in	c:I
ina	o:Ljava/lang/String;
ina	p:I
inb	ifa.d:I
inb	o:Ljava/lang/String;
inb	p:Ljava/lang/String;
inb	q:[[Lcna;
io	loa.o:Lno;
io	no.k:I
io	p:I
io	shb.f:I
io	shb.g:I
io	shb.h:I
io	shb.r:I
ioa	VoidHunters.G:I
ioa	ana.e:Lfga;
ioa	fa.d:[Lgd;
ioa	fbb.j:[I
ioa	gtb.d:Lij;
ioa	jp.Jc:Ljava/util/Random;
ioa	kba.a:Llta;
ioa	nl.d:Lana;
ioa	nl.g:Z
ioa	nl.h:Z
ioa	nl.k:I
ioa	nl.l:I
ioa	o:I
ioa	p:I
ioa	q:Ldja;
iob	e:Ljava/lang/String;
iob	f:I
iob	g:I
iob	z:Ljava/lang/String;
ip	o:Ljava/lang/String;
ip	p:Ljava/awt/Dimension;
ipa	o:Ljava/lang/String;
ipa	p:Ljava/lang/String;
ipa	q:Ljava/lang/String;
ipb	VoidHunters.G:I
ipb	a:I
ipb	b:[Ltsa;
iq	VoidHunters.G:I
iq	a:I
iqa	o:Ljava/lang/String;
iqb	o:Lphb;
iqb	p:J
ir	VoidHunters.G:I
ir	boa.c:[I
ir	fva.p:Z
ir	fwa.g:Lcoa;
ir	fwa.h:I
ir	hpa.p:I
ir	io.p:I
ir	lsa.f:J
ir	nkb.o:Ljava/lang/String;
ir	o:Ljava/lang/String;
ir	ow.b:I
ir	qab.b:I
ir	qga.b:Lfaa;
ir	waa.x:Ljava/lang/String;
ira	asa.e:I
ira	b:Llkb;
ira	c:Ljava/awt/Frame;
ira	eg.o:I
ira	fja.o:I
ira	ljb.o:I
ira	lqa.o:Lmm;
ira	mqa.s:I
ira	nob.p:I
ira	qh.J:I
ira	uh.q:I
ira	upb.a:I
ira	vu.Ab:Ljava/lang/String;
irb	epa.o:Lllb;
irb	fh.f:Lllb;
irb	ll.o:Z
irb	llb.G:I
irb	llb.hb:I
irb	me.q:Lllb;
irb	rba.a:I
irb	tja.a:Lsoa;
is	VoidHunters.G:I
is	hab.i:I
is	k:I
is	lua.c:I
is	mt.o:I
is	ob.j:I
is	rba.b:[[I
isa	VoidHunters.G:I
isa	jj.p:F
it	VoidHunters.G:I
it	i:I
it	j:I
it	java/lang/System.out:Ljava/io/PrintStream;
it	k:I
it	l:I
it	m:Ljava/lang/String;
it	oq.l:I
ita	A:Ljava/lang/String;
ita	B:Luf;
ita	C:Luf;
ita	D:Ljava/lang/String;
ita	E:Luf;
ita	F:Z
ita	VoidHunters.G:I
ita	e:Z
ita	g:I
ita	gu.q:Ljava/lang/String;
ita	j:Ljava/lang/String;
ita	jm.o:Ljava/lang/String;
ita	lhb.a:Lno;
ita	p:Ljava/lang/String;
ita	r:I
ita	rta.q:Ljava/lang/String;
ita	shb.g:I
ita	shb.h:I
ita	shb.r:I
ita	uf.j:Ljava/lang/String;
ita	uf.l:Lsba;
ita	uf.q:Lwwa;
ita	web.o:Lno;
itb	VoidHunters.G:I
itb	o:I
itb	ri.a:I
iua	o:Ljava/lang/String;
iua	p:I
iv	o:I
iv	p:Ljava/lang/String;
iva	VoidHunters.G:I
iva	cib.a:Ljava/lang/String;
iva	dob.o:Ljava/lang/String;
iva	gu.o:Ljava/lang/String;
iva	iua.o:Ljava/lang/String;
iva	java/lang/System.out:Ljava/io/PrintStream;
iva	kg.t:Ljava/lang/String;
iva	nia.o:Z
iva	o:I
iva	p:I
iw	B:I
iw	C:I
iw	D:Ljava/lang/String;
iw	E:I
iw	F:[Ljava/lang/String;
iw	G:I
iw	H:I
iw	I:I
iw	VoidHunters.G:I
iw	bea.e:I
iw	dma.c:I
iw	dma.f:I
iw	dma.g:I
iw	dma.i:[I
iw	emb.o:[I
iw	f:I
iw	fa.f:I
iw	fa.g:I
iw	fmb.o:[I
iw	fv.o:[I
iw	gm.H:Lij;
iw	h:I
iw	hma.d:[I
iw	jv.b:I
iw	kca.a:Ljava/lang/String;
iw	oqa.q:[Lphb;
iw	qfb.o:I
iw	qga.b:Lfaa;
iw	sv.f:[I
iw	tsb.o:[Ljava/lang/String;
iw	vga.d:I
iw	vsa.p:[Lphb;
iw	wf.a:Lphb;
iw	wl.q:I
iwa	VoidHunters.G:I
iwa	a:Ljava/lang/String;
iwa	b:I
iwa	c:Ljava/lang/String;
iwa	vfa.p:Lij;
j	nativeid:J
ja	nativeid:J
jab	o:[I
jab	p:I
jaclib	a:I
jaclib	a:Ljaclib/memory/Buffer;
jaclib	a:Ljaclib/peer/PeerReference;
jaclib	a:Z
jaclib	b:I
jaclib	b:J
jaclib	b:Ljava/lang/ref/ReferenceQueue;
jaclib	c:Ljaclib/memory/heap/NativeHeap;
jaclib	c:Ljaclib/peer/PeerReference;
jaclib	c:[B
jaclib	d:I
jaclib	e:I
jaclib	jaclib/peer/PeerReference.a:Ljaclib/peer/PeerReference;
jaclib	jaclib/peer/PeerReference.b:Ljaclib/peer/PeerReference;
jaclib	jaclib/peer/tqb.b:Ljava/lang/ref/ReferenceQueue;
jaclib	peer:J
jaclib	reference:Ljaclib/peer/PeerReference;
jagdx	AutoDepthStencilFormat:I
jagdx	BackBufferCount:I
jagdx	BackBufferFormat:I
jagdx	BackBufferHeight:I
jagdx	BackBufferWidth:I
jagdx	DeviceWindow:Ljava/awt/Canvas;
jagdx	MultiSampleQuality:I
jagdx	MultiSampleType:I
jagdx	PS20Caps:Ljagdx/D3DPSHADERCAPS2_0;
jagdx	PresentationInterval:I
jagdx	SwapEffect:I
jagdx	VS20Caps:Ljagdx/D3DVSHADERCAPS2_0;
jagdx	a:Ljaclib/peer/tqb;
jagdx	a:[F
jagdx	b:Ljaclib/peer/tqb;
jaggl	a:Ljava/lang/Thread;
jaggl	b:Ljava/util/Hashtable;
jaggl	c:I
jaggl	c:Ljava/util/Hashtable;
jb	a:Z
jb	b:Ljava/lang/String;
jb	z:Ljava/lang/String;
jba	VoidHunters.G:I
jba	a:I
jba	b:Lllb;
jba	c:I
jba	d:I
jba	e:I
jba	f:I
jba	g:Lno;
jba	h:Lllb;
jba	i:I
jba	no.H:I
jba	shb.f:I
jba	shb.g:I
jba	shb.h:I
jba	shb.r:I
jba	v.C:I
jba	v.F:I
jba	v.j:Ljava/lang/String;
jba	wfb.B:I
jba	wfb.k:Z
jba	wfb.m:Z
jba	wfb.r:Z
jba	wfb.w:[[I
jc	bra.a:Ljava/awt/Canvas;
jc	bra.b:Lfs;
jc	bra.g:Lha;
jc	cw.o:Lkla;
jc	eaa.q:I
jc	ef.E:Z
jc	fab.e:Lbra;
jc	fs.a:I
jc	java/awt/Dimension.height:I
jc	java/awt/Dimension.width:I
jc	java/lang/System.out:Ljava/io/PrintStream;
jc	nd.r:I
jc	o:Ljava/lang/String;
jc	og.r:Lha;
jc	tha.p:I
jc	vq.x:Lfab;
jca	o:Ljava/lang/String;
jca	p:Ljava/lang/String;
jd	VoidHunters.G:I
jd	o:Ltu;
jd	p:Ljava/lang/String;
jda	o:[Ljava/lang/String;
jda	p:Ljava/lang/String;
jda	tkb.p:I
jdb	VoidHunters.G:I
jdb	a:Ljava/lang/String;
je	VoidHunters.G:I
je	a:Lmkb;
je	b:Lvca;
je	c:Laba;
je	d:Lmkb;
je	pb.d:Lpb;
je	pb.g:Lpb;
je	pb.k:Lpb;
je	pb.l:Lpb;
je	qga.b:Lfaa;
je	vfa.p:Lij;
jea	bm.o:Leab;
jea	kc.b:I
jea	noa.q:I
jea	o:Ljava/lang/String;
jea	p:I
jea	pk.o:I
jea	q:Ljava/lang/String;
jea	stb.p:I
jea	uia.b:I
jea	upa.a:Z
jea	uqb.h:I
jeb	ava.a:I
jeb	b:Ljava/util/Random;
jeb	c:[I
jeb	cp.f:I
jeb	jj.o:I
jeb	m.p:I
jeb	mq.j:I
jeb	oq.a:I
jeb	r.k:I
jeb	rlb.e:I
jf	b:Z
jf	d:Lnla;
jf	f:I
jf	g:Ljagdx/IDirect3DCubeTexture;
jf	mj.f:Lmj;
jf	nla.Jc:Z
jf	nla.Mc:Ljagdx/IDirect3DDevice;
jf	nla.zc:Ljagdx/PixelBuffer;
jf	qua.d:Lkb;
jfa	c:Lsob;
jfa	d:[[B
jfa	e:[I
jfa	f:[I
jfa	g:[I
jfa	h:[I
jfa	i:[I
jfa	ima.b:[I
jfa	ima.c:I
jfa	ima.g:I
jfa	ima.h:[B
jfa	sob.A:I
jfa	sob.H:I
jfa	sob.i:I
jfa	sob.k:[I
jfa	sob.n:I
jfa	sob.p:I
jfa	tka.a:[I
jfa	tka.b:[I
jfb	lfa.j:Z
jfb	o:Lllb;
jg	a:Ljava/awt/Component;
jg	b:Ljava/awt/Robot;
jga	a:I
jga	b:Ljava/lang/String;
jgb	VoidHunters.G:I
jgb	fbb.i:I
jgb	fh.g:Lllb;
jgb	hla.a:[I
jgb	htb.w:Lllb;
jgb	iib.e:[I
jgb	lo.b:Lllb;
jgb	nhb.o:[I
jgb	o:Ljava/lang/String;
jgb	qc.q:Lllb;
jgb	rlb.d:[I
jgb	sg.H:I
jgb	sh.a:[[B
jgb	so.f:[I
jh	o:Ljava/lang/String;
jh	p:Ljava/lang/String;
jha	o:[Ljava/lang/String;
jhb	o:Ljava/lang/String;
ji	VoidHunters.G:I
ji	aaa.b:Lvka;
ji	aab.o:Lhbb;
ji	ana.g:Lksa;
ji	cg.p:Lij;
ji	dha.u:Lkka;
ji	flb.o:Lvka;
ji	m.o:I
ji	o:[I
ji	p:Lqkb;
ji	qd.a:[Z
ji	qua.b:F
ji	rd.o:Lij;
jia	VoidHunters.G:I
jia	ada.b:Lpia;
jia	ama.o:F
jia	bpa.c:Lllb;
jia	esa.p:I
jia	eu.h:Llpb;
jia	fb.o:I
jia	ff.o:Lona;
jia	fgb.l:Lllb;
jia	gob.c:I
jia	hca.o:Lllb;
jia	hpa.o:[Lllb;
jia	idb.p:I
jia	ija.b:Lmob;
jia	jba.b:Lllb;
jia	kea.a:Lllb;
jia	kib.d:I
jia	lla.h:I
jia	llb.G:I
jia	llb.hb:I
jia	lob.c:[Lllb;
jia	nlb.o:Lllb;
jia	o:I
jia	ona.g:I
jia	ona.k:I
jia	soa.G:I
jia	soa.K:I
jia	soa.L:I
jia	soa.hb:I
jia	ul.b:[Lllb;
jia	vea.p:Lsoa;
jia	vh.c:[Lllb;
jia	vwa.p:I
jib	o:Z
jj	VoidHunters.G:I
jj	lfa.j:Z
jj	li.i:Z
jj	o:I
jj	og.r:Lha;
jj	p:F
jj	q:Ljava/lang/String;
jj	r:Ljava/lang/String;
jja	a:Ljava/lang/String;
jja	b:Ljava/lang/String;
jjb	VoidHunters.G:I
jjb	a:Lob;
jjb	b:Lob;
jjb	c:[Laia;
jjb	d:Z
jjb	e:[Laia;
jjb	f:Ljava/lang/String;
jjb	g:Lob;
jjb	lda.o:Ljava/lang/Object;
jjb	li.i:Z
jjb	ne.v:Z
jjb	og.r:Lha;
jjb	pjb.vb:Ljava/lang/Object;
jjb	pra.p:Ljava/lang/Object;
jjb	qfa.tc:Z
jjb	qfa.yb:Lnk;
jk	Cb:I
jk	Eb:Z
jk	Fb:Z
jk	Hb:Ljava/lang/String;
jk	Kb:J
jk	sp.p:[I
jk	xb:Ljava/lang/String;
jk	zb:J
jka	rn.m:[C
jka	rn.n:[I
jl	o:Ljava/lang/String;
jl	q:Lmab;
jl	r:C
jla	B:Ljava/lang/String;
jla	ahb.o:Lij;
jla	msa.s:Lrbb;
jla	q:Lwwa;
jla	rbb.a:Lwwa;
jla	rbb.d:Lwwa;
jla	u:Z
jlb	VoidHunters.G:I
jlb	cka.o:Lhqb;
jlb	crb.v:Lbwa;
jlb	f:Lgab;
jlb	gab.e:Z
jlb	grb.l:[I
jlb	hob.d:I
jlb	i:[[I
jlb	j:I
jlb	k:I
jlb	l:I
jlb	m:I
jlb	n:I
jlb	o:I
jlb	p:I
jlb	q:I
jlb	r:I
jlb	s:I
jlb	sj.p:[I
jlb	t:Ljava/lang/String;
jlb	u:I
jlb	v:[I
jlb	w:[[I
jm	fha.q:Ljava/lang/String;
jm	gwa.p:Ljava/lang/String;
jm	kg.q:Ljava/lang/String;
jm	lra.o:Ljava/lang/String;
jm	mlb.p:Ljava/lang/String;
jm	o:Ljava/lang/String;
jm	qia.p:Ljava/lang/String;
jm	rw.l:Lasb;
jm	sla.o:Ljava/lang/String;
jm	tda.O:Ljava/lang/String;
jm	us.d:Lpfb;
jma	n:Z
jma	p:[B
jma	q:Ljava/util/Hashtable;
jmb	o:Ljava/lang/String;
jmb	p:I
jmb	q:[I
jmb	r:[I
jmb	s:Ljava/lang/String;
jn	a:Lllb;
jn	b:Lfh;
jn	c:Ljava/lang/String;
jn	d:Lfh;
jn	dpa.p:Lfaa;
jn	e:Lvh;
jn	fh.e:Lfh;
jn	igb.a:Ljava/awt/Canvas;
jn	vh.a:Lfh;
jna	o:Lllb;
jnb	VoidHunters.G:I
jnb	kdb.o:I
jnb	mv.d:I
jnb	mv.e:[Lmob;
jnb	mv.f:[[[B
jnb	mv.g:[Lmob;
jnb	mv.h:[I
jnb	mv.i:I
jnb	mv.j:[I
jnb	mv.k:[I
jnb	o:I
jnb	p:Ljava/math/BigInteger;
jnb	tma.r:Lij;
jo	VoidHunters.G:I
jo	a:Ljava/security/SecureRandom;
jo	ada.a:[I
jo	b:I
jo	c:I
jo	d:[I
jo	e:I
jo	f:I
jo	g:Ljava/lang/String;
jo	h:I
jo	java/lang/System.out:Ljava/io/PrintStream;
jo	kgb.a:I
joa	VoidHunters.G:I
joa	a:I
joa	b:[I
job	o:Ljava/lang/String;
job	p:[I
job	q:Ljava/lang/String;
jp	A:[Lkba;
jp	Ab:Lasb;
jp	Ac:Z
jp	Bb:I
jp	Bc:Ljava/lang/String;
jp	Cb:I
jp	Cc:Lij;
jp	Dc:Z
jp	Eb:[Loj;
jp	Ec:Lij;
jp	F:I
jp	Fb:[F
jp	Fc:I
jp	Gc:Lij;
jp	H:I
jp	Hb:Z
jp	Hc:Z
jp	Ic:Lij;
jp	Jc:Ljava/util/Random;
jp	Kb:I
jp	Kc:Z
jp	L:I
jp	Lb:[Lfsb;
jp	Lc:Z
jp	M:Z
jp	Mb:Lrga;
jp	Mc:Z
jp	Nb:I
jp	Nc:I
jp	O:Loj;
jp	Oc:I
jp	Pc:[Lesb;
jp	Qb:I
jp	Qc:Z
jp	Rb:F
jp	Rc:I
jp	Sb:F
jp	Sc:Ljaggl/MapBuffer;
jp	Tc:J
jp	U:[Laba;
jp	Uc:Lij;
jp	Vc:Ljaggl/MapBuffer;
jp	VoidHunters.G:I
jp	Wb:I
jp	Wc:[I
jp	X:Z
jp	Xb:Z
jp	Xc:Z
jp	Y:I
jp	Yc:Z
jp	Zc:Z
jp	ab:I
jp	ac:Z
jp	ad:Ljava/lang/String;
jp	bb:I
jp	bd:Lij;
jp	bk.v:Ljra;
jp	bva.f:[Lqma;
jp	cb:[F
jp	cc:Z
jp	cd:Z
jp	db:I
jp	di.i:Ljra;
jp	eb:Z
jp	ec:Z
jp	era.o:Ljra;
jp	fc:Lclb;
jp	fsa.o:Lkba;
jp	fu.o:Ljra;
jp	g:Z
jp	gb:Loj;
jp	h:I
jp	hua.b:J
jp	hua.d:I
jp	i:I
jp	j:I
jp	jb:I
jp	ksa.b:J
jp	lc:I
jp	lva.o:[F
jp	mb:I
jp	meb.d:Luja;
jp	mj.d:Lmj;
jp	mj.e:Lmj;
jp	mj.f:Lmj;
jp	msa.q:[F
jp	nc:Z
jp	ob:I
jp	oc:F
jp	oj.b:Lclb;
jp	p:F
jp	pb.b:Lpb;
jp	pb.d:Lpb;
jp	pb.e:Lpb;
jp	pb.g:Lpb;
jp	pb.h:Lpb;
jp	pb.i:I
jp	pb.k:Lpb;
jp	pb.l:Lpb;
jp	pb:Lmma;
jp	qb:I
jp	qua.d:Lkb;
jp	r:F
jp	sc:Z
jp	tc:F
jp	tgb.c:[I
jp	to.o:Lclb;
jp	tu.b:Ljra;
jp	u:F
jp	ub.e:Lclb;
jp	ub:Z
jp	uc:Z
jp	vb:Z
jp	wc:[F
jp	x:F
jp	xc:I
jp	yc:Lij;
jp	z:[Laba;
jp	zb:Z
jp	zc:Ljaggl/OpenGL;
jpa	VoidHunters.G:I
jpa	b:I
jpa	c:Ldja;
jpa	d:I
jpa	java/lang/System.out:Ljava/io/PrintStream;
jpa	nkb.q:I
jpa	pkb.o:J
jpa	rsb.e:Llbb;
jq	o:I
jqa	cra.o:I
jqa	o:[Ljava/lang/String;
jqb	VoidHunters.G:I
jqb	fm.a:I
jqb	fm.c:I
jqb	fm.d:I
jqb	fm.e:I
jqb	mob.d:Ljava/lang/Object;
jqb	mob.f:I
jqb	o:[F
jqb	qoa.o:I
jqb	sw.d:I
jqb	sw.e:I
jr	qfa.g:Z
jr	qfa.n:Z
jra	VoidHunters.G:I
jra	a:Ltpa;
jra	b:Ljava/lang/String;
jra	c:I
jra	d:[Z
jra	ola.p:Lqka;
jra	qka.R:Ljava/lang/String;
jra	rc.b:I
jrb	jw.c:Z
jrb	p:Ljava/lang/String;
jrb	rga.f:Lsoa;
jrb	rgb.f:Lsoa;
jrb	soa.wb:Lllb;
js	kc.b:I
js	noa.q:I
js	oq.H:I
js	p:[Ljava/lang/String;
js	pk.o:I
js	qs.a:I
js	r:I
js	s:I
js	uia.b:I
jsb	VoidHunters.G:I
jsb	c:I
jsb	d:I
jsb	e:[Ljava/lang/String;
jsb	java/lang/System.out:Ljava/io/PrintStream;
jsb	sg.D:Z
jsb	so.b:I
jt	VoidHunters.G:I
jt	li.i:Z
jt	mmb.d:[Laja;
jt	o:Lvla;
jt	p:I
jta	o:Lllb;
jta	q:Ljava/lang/String;
jta	r:Lasb;
jtb	cha.o:Z
jtb	cwa.b:Ljava/lang/String;
jtb	gi.a:I
jtb	hb.b:J
jtb	kkb.p:I
jtb	m:I
jtb	n:Z
ju	VoidHunters.G:I
ju	acb.p:Z
ju	ap.o:[B
ju	bia.d:I
ju	bta.r:Ldka;
ju	bua.o:Z
ju	dgb.b:Ljava/lang/String;
ju	dka.a:I
ju	dpa.p:Lfaa;
ju	era.r:Z
ju	erb.p:Z
ju	faa.e:I
ju	fd.o:Ljava/lang/String;
ju	ffb.e:Ljava/lang/String;
ju	go.p:I
ju	hb.c:Z
ju	hcb.o:I
ju	hha.o:Z
ju	hha.p:Lkhb;
ju	htb.A:Lgj;
ju	ida.w:Lgj;
ju	iqb.p:J
ju	jd.p:Ljava/lang/String;
ju	jl.p:I
ju	js.q:Z
ju	kca.a:Ljava/lang/String;
ju	kj.o:Lgj;
ju	kw.xb:Lgj;
ju	nfa.d:I
ju	nfa.e:[I
ju	noa.p:Ldka;
ju	o:Ljava/lang/String;
ju	of.a:Lgj;
ju	om.e:I
ju	ov.o:Llpb;
ju	ow.a:I
ju	pcb.p:I
ju	qga.b:Lfaa;
ju	qva.j:Loib;
ju	sp.o:Lgj;
ju	sta.p:J
ju	tc.c:Lgj;
ju	up.o:Lkhb;
ju	uv.f:Ljava/lang/String;
ju	vda.o:Ljava/lang/String;
ju	vja.a:I
ju	wd.p:Lgj;
jua	a:I
jua	dpa.p:Lfaa;
jv	VoidHunters.G:I
jv	a:Lasb;
jv	b:I
jv	c:Lpfb;
jv	d:Ldja;
jv	dma.g:I
jv	e:Lasb;
jv	f:Ljava/lang/String;
jva	dma.a:I
jva	dma.c:I
jva	dma.d:I
jva	dma.f:I
jva	dma.g:I
jva	dma.i:[I
jva	k:I
jva	l:I
jva	m:I
jva	n:I
jva	p:I
jva	q:I
jva	r:[I
jw	a:Ljava/lang/String;
jw	b:I
jw	c:Z
jw	d:Ljava/lang/String;
jw	z:Ljava/lang/String;
jwa	VoidHunters.G:I
jwa	d:Lrt;
jwa	hob.d:I
jwa	i:I
jwa	j:I
jwa	k:Lllb;
jwa	l:I
jwa	m:I
jwa	rt.g:Z
k	VoidHunters.G:I
k	ae.c:I
k	aka.o:[I
k	alb.b:I
k	coa.d:[I
k	db.o:[Ljava/lang/String;
k	ei.c:Lae;
k	era.q:Ljava/lang/String;
k	ft.t:I
k	hwa.q:I
k	ih.e:I
k	kc.b:I
k	kc.e:[I
k	kg.s:Ljava/lang/String;
k	mtb.p:I
k	mua.d:I
k	nl.m:I
k	o:Ljava/lang/String;
k	oja.p:Lno;
k	oq.c:I
k	ot.b:I
k	p:Ljava/lang/String;
k	pba.r:I
k	pva.g:I
k	q:Ljava/lang/String;
k	r:I
k	rea.e:[Ljava/lang/String;
k	tba.o:I
k	uia.b:I
k	whb.a:I
k	wia.a:Z
k	wm.b:Ljava/lang/String;
ka	cg.p:Lij;
ka	jia.o:I
ka	kpb.q:Lqkb;
kaa	o:[Ljava/lang/String;
kaa	oq.d:I
kab	caa.e:I
kab	caa.h:I
kab	d:Lno;
kab	htb.u:Z
kab	loa.o:Lno;
kab	p:Ljava/lang/String;
kab	q:[Lcaa;
kab	shb.f:I
kab	shb.g:I
kab	shb.h:I
kab	shb.r:I
kb	a:I
kb	b:I
kba	a:Llta;
kbb	VoidHunters.G:I
kbb	d:Lrt;
kbb	djb.s:[[Lima;
kbb	hob.d:I
kbb	i:I
kbb	j:I
kbb	k:I
kbb	l:I
kbb	m:I
kbb	n:I
kbb	o:I
kbb	ok.b:[Lsw;
kbb	po.o:Z
kbb	q:Ljava/lang/String;
kbb	r:I
kbb	rt.g:Z
kbb	s:I
kc	VoidHunters.G:I
kc	a:Ljava/lang/String;
kc	b:I
kc	boa.c:[I
kc	c:[Z
kc	d:I
kc	e:[I
kc	f:Lboa;
kc	java/lang/System.out:Ljava/io/PrintStream;
kca	VoidHunters.G:I
kca	a:Ljava/lang/String;
kca	b:[I
kca	li.i:Z
kca	nma.b:[Lda;
kcb	VoidHunters.G:I
kcb	nda.q:I
kcb	o:I
kcb	p:I
kda	VoidHunters.G:I
kda	a:Z
kda	b:I
kda	bhb.d:[B
kda	bk.w:Lfaa;
kda	c:Lij;
kda	d:I
kda	e:Z
kda	ehb.g:I
kda	ela.p:I
kda	em.o:Z
kda	f:I
kda	fk.e:I
kda	foa.q:I
kda	g:Ljava/lang/String;
kda	h:I
kda	hna.s:I
kda	i:Lij;
kda	iva.o:I
kda	j:Lova;
kda	k:[I
kda	kca.a:Ljava/lang/String;
kda	kha.v:I
kda	l:Z
kda	lla.e:I
kda	lla.f:Lds;
kda	lw.f:Z
kda	m:Lum;
kda	mib.c:I
kda	mib.d:Laf;
kda	mib.f:Lij;
kda	mib.g:I
kda	mib.h:Z
kda	mib.k:Z
kda	mo.i:Ljava/lang/String;
kda	n:I
kda	nia.o:Z
kda	o:Z
kda	osa.e:Z
kda	p:Z
kda	pca.k:I
kda	pka.o:I
kda	pr.d:I
kda	pra.o:I
kda	pwa.c:Z
kda	q:Z
kda	qha.o:I
kda	shb.k:I
kda	umb.e:Z
kda	umb.f:I
kda	umb.g:I
kda	uqb.d:Lpwa;
kda	uqb.e:I
kda	uqb.f:Z
kda	uqb.g:Z
kda	vi.o:I
kda	wc.a:Ldja;
kda	whb.b:Lub;
kda	wsb.f:I
kdb	hab.i:I
kdb	lua.c:I
kdb	mt.o:I
kdb	ob.j:I
kdb	qhb.o:I
ke	java/lang/Byte.TYPE:Ljava/lang/Class;
ke	java/lang/Double.TYPE:Ljava/lang/Class;
ke	java/lang/Float.TYPE:Ljava/lang/Class;
ke	java/lang/Integer.TYPE:Ljava/lang/Class;
ke	java/lang/Long.TYPE:Ljava/lang/Class;
ke	java/lang/Short.TYPE:Ljava/lang/Class;
kea	a:Lllb;
kea	b:Z
kea	fnb.c:Ljava/util/Hashtable;
kea	java/lang/Boolean.FALSE:Ljava/lang/Boolean;
kea	java/lang/Boolean.TRUE:Ljava/lang/Boolean;
kea	java/lang/Boolean.TYPE:Ljava/lang/Class;
kea	jma.q:Ljava/util/Hashtable;
keb	o:Ljava/lang/String;
kfa	uga.d:Z
kfa	wga.a:Llwa;
kfb	tcb.q:I
kg	o:I
kg	p:[I
kg	q:Ljava/lang/String;
kg	r:Ldja;
kg	s:Ljava/lang/String;
kg	t:Ljava/lang/String;
kga	VoidHunters.G:I
kga	adb.a:I
kga	aea.a:I
kga	aea.b:I
kga	ana.f:I
kga	apb.a:I
kga	aq.o:I
kga	as.d:I
kga	asa.e:I
kga	ava.a:I
kga	awa.q:I
kga	bba.a:I
kga	bhb.i:I
kga	bia.c:I
kga	bjb.o:I
kga	bka.p:I
kga	bma.n:I
kga	bn.a:I
kga	bnb.o:I
kga	bpa.a:I
kga	bra.d:I
kga	brb.o:I
kga	bv.e:I
kga	cab.p:I
kga	cca.p:I
kga	cg.r:I
kga	cha.p:I
kga	cia.a:I
kga	clb.a:I
kga	coa.f:I
kga	cp.f:I
kga	cqa.p:I
kga	cva.o:I
kga	db.q:I
kga	dca.o:I
kga	dcb.d:I
kga	dcb.f:I
kga	de.p:I
kga	de.q:I
kga	df.p:I
kga	dfa.a:I
kga	di.p:I
kga	dla.c:I
kga	dr.a:I
kga	ds.d:I
kga	ea.j:I
kga	eca.e:I
kga	ed.o:I
kga	ee.p:I
kga	eg.o:I
kga	eha.q:I
kga	ehb.e:I
kga	ela.q:I
kga	ena.q:I
kga	enb.c:I
kga	era.p:I
kga	eta.b:I
kga	fd.p:I
kga	ffa.b:I
kga	fj.b:I
kga	fja.o:I
kga	fja.p:Lrq;
kga	fmb.r:I
kga	fna.o:I
kga	fna.p:I
kga	foa.p:I
kga	fob.c:I
kga	fra.a:I
kga	ftb.o:I
kga	fua.q:I
kga	gaa.p:I
kga	gba.r:I
kga	gbb.o:I
kga	gda.d:I
kga	ge.c:I
kga	gib.a:I
kga	gka.q:I
kga	gkb.o:I
kga	gl.d:I
kga	gra.o:I
kga	gs.c:I
kga	gtb.c:I
kga	gu.p:I
kga	hrb.a:I
kga	hw.b:I
kga	ibb.a:I
kga	ie.p:I
kga	iea.d:I
kga	ina.p:I
kga	ioa.p:I
kga	itb.o:I
kga	jga.a:I
kga	jj.o:I
kga	jo.e:I
kga	joa.a:I
kga	js.s:I
kga	jsb.d:I
kga	jt.p:I
kga	jtb.m:I
kga	kcb.o:I
kga	kg.o:I
kga	khb.c:I
kga	klb.p:I
kga	km.o:I
kga	kmb.f:I
kga	ktb.q:I
kga	ku.c:I
kga	kva.g:I
kga	la.k:I
kga	la.m:I
kga	laa.o:I
kga	ldb.q:I
kga	lja.d:I
kga	ljb.o:I
kga	lob.b:I
kga	lr.p:I
kga	lrb.e:I
kga	ls.p:I
kga	ls.r:I
kga	ltb.p:I
kga	m.p:I
kga	mc.u:I
kga	mmb.g:I
kga	mmb.i:I
kga	mp.o:I
kga	mq.j:I
kga	mqa.s:I
kga	mra.o:I
kga	mtb.o:I
kga	nca.o:I
kga	nn.a:I
kga	nnb.e:I
kga	nob.p:I
kga	np.o:I
kga	nra.b:I
kga	nsa.o:I
kga	nu.p:I
kga	nu.q:I
kga	nua.p:I
kga	nw.o:I
kga	o:I
kga	oga.o:I
kga	ooa.xb:I
kga	op.p:I
kga	opb.o:I
kga	oq.A:I
kga	oq.C:I
kga	oq.G:I
kga	oq.I:I
kga	oq.a:I
kga	oq.e:I
kga	oq.g:I
kga	oq.h:I
kga	oq.j:I
kga	oq.k:I
kga	oq.m:I
kga	oq.n:I
kga	oq.o:I
kga	oq.p:I
kga	oq.q:I
kga	oq.t:I
kga	oq.v:I
kga	oq.w:I
kga	oq.x:I
kga	oq.y:I
kga	oq.z:I
kga	osb.b:I
kga	ou.r:I
kga	pca.m:I
kga	pea.a:I
kga	pea.b:I
kga	pmb.p:I
kga	pt.o:I
kga	pwa.b:I
kga	qaa.b:I
kga	qab.d:I
kga	qca.wb:I
kga	qca.yb:I
kga	qea.o:I
kga	qea.q:I
kga	qh.J:I
kga	qjb.d:I
kga	qmb.p:I
kga	qqb.b:I
kga	qra.o:I
kga	qrb.a:I
kga	qv.o:I
kga	r.k:I
kga	rjb.u:I
kga	rla.x:I
kga	rlb.e:I
kga	rma.b:I
kga	rn.o:I
kga	rta.p:I
kga	s.o:Lud;
kga	sbb.p:I
kga	seb.o:I
kga	sib.i:I
kga	sja.b:I
kga	sja.i:I
kga	sl.a:I
kga	slb.a:I
kga	spa.a:I
kga	tea.b:I
kga	tta.p:I
kga	tua.a:I
kga	uaa.o:I
kga	uab.b:I
kga	uda.b:I
kga	ue.a:I
kga	uh.q:I
kga	uja.b:I
kga	ujb.h:I
kga	upb.a:I
kga	us.f:I
kga	uua.o:I
kga	vc.p:I
kga	vdb.d:I
kga	veb.b:I
kga	vgb.o:I
kga	vha.p:I
kga	voa.b:I
kga	voa.d:I
kga	vqa.k:I
kga	vt.o:I
kga	wda.p:I
kga	wda.s:I
kga	wf.e:I
kga	wha.a:I
kga	wj.o:I
kga	wj.p:I
kga	wja.b:I
kga	wk.a:I
kga	wkb.a:I
kga	wkb.b:I
kga	wob.o:I
kga	wqa.b:I
kga	wr.o:I
kga	wra.p:I
kga	ww.o:I
kgb	a:I
kgb	b:[I
kh	VoidHunters.G:I
kh	nga.e:Ljava/lang/String;
kha	VoidHunters.G:I
kha	a:Z
kha	b:I
kha	c:Z
kha	d:Ljava/lang/String;
kha	e:Z
kha	f:Z
kha	g:I
kha	h:Lrpa;
kha	i:Lij;
kha	ij.a:Lksa;
kha	j:Z
kha	k:Z
kha	ksa.c:Lksa;
kha	l:[Laia;
kha	m:I
kha	mea.f:Z
kha	n:Lnv;
kha	o:Lrpa;
kha	p:I
kha	q:I
kha	qfa.Kc:I
kha	qfa.Ob:Z
kha	qfa.U:Z
kha	qfa.Y:I
kha	qfa.g:Z
kha	qfa.gb:Z
kha	r:I
kha	s:Lrpa;
kha	t:Lqfa;
kha	u:Lnv;
kha	w:Laia;
khb	a:Ljava/lang/String;
khb	b:Z
khb	c:I
ki	o:I
ki	p:Lllb;
kia	a:Ljava/lang/String;
kia	b:Ljava/lang/String;
kia	hwa.o:Los;
kia	jt.o:Lvla;
kia	klb.r:Lida;
kia	qfa.g:Z
kia	qfa.n:Z
kia	s.o:Lud;
kia	tla.c:Z
kib	oq.e:I
kib	oq.y:I
kib	rrb.a:I
kj	bhb.g:I
kj	o:Lgj;
kj	p:Ljava/lang/String;
kj	q:Ljava/lang/String;
kja	B:Lij;
kja	C:Ljava/lang/String;
kja	D:[Ljava/lang/String;
kja	E:Lij;
kja	F:Lhob;
kja	G:Ljava/lang/String;
kja	VoidHunters.G:I
kja	ar.c:[Ltoa;
kja	e:Z
kja	g:I
kja	hob.f:Lhob;
kja	hob.g:I
kja	hob.h:I
kja	hob.i:I
kja	hob.j:I
kja	hob.k:I
kja	j:Ljava/lang/String;
kja	kc.b:I
kja	l:Lsba;
kja	q:Lwwa;
kja	r:I
kja	toa.a:I
kja	toa.b:I
kja	toa.c:[I
kja	uia.b:I
kjb	o:I
kk	VoidHunters.G:I
kk	o:Loe;
kk	oaa.i:I
kk	p:Ljava/lang/String;
kka	d:Lgnb;
kka	ds.e:I
kka	ds.h:[B
kka	e:[B
kka	ghb.d:[B
kka	q.b:[I
kkb	o:Lfg;
kl	a:Ljava/lang/String;
kl	b:[Luwa;
kl	c:Lphb;
kl	ch.o:Z
kl	d:I
kl	e:Ljava/lang/String;
kl	kkb.o:Lfg;
kla	VoidHunters.G:I
kla	a:Lsja;
kla	b:Ljava/lang/String;
kla	c:Laja;
kla	d:Ldfa;
kla	e:Lsja;
kla	f:Lha;
kla	g:[I
kla	sja.a:I
kla	sja.e:Lsja;
kla	sja.f:I
kla	sja.h:I
kla	sja.k:Laja;
kla	sja.l:I
klb	o:[I
klb	p:I
klb	q:Lij;
klb	r:Lida;
km	VoidHunters.G:I
km	dga.a:Z
km	ds.e:I
km	ds.h:[B
km	eha.o:[Lwma;
km	fva.p:Z
km	gs.a:[Lapb;
km	n:Z
km	o:I
km	ow.b:I
km	p:Lds;
km	q:B
km	qmb.q:I
km	raa.p:[[I
km	s:Ljava/lang/String;
km	wma.B:I
km	wma.a:I
km	wma.d:I
km	wma.q:I
km	wma.s:I
km	wma.u:I
kma	c:Ljava/lang/String;
kma	d:Ljava/lang/String;
kma	ht.h:Ljava/lang/String;
kma	qsb.d:Ljava/lang/String;
kma	uta.p:Ljava/lang/String;
kmb	b:Ljava/lang/String;
kmb	c:Z
kmb	d:Ljava/lang/String;
kmb	di.l:Lkda;
kmb	dpa.p:Lfaa;
kmb	e:Ljava/lang/String;
kmb	f:I
kn	o:[F
kn	p:Lllb;
kn	q:Ldja;
kn	r:[F
kna	rkb.o:I
knb	o:Z
knb	p:Ljava/lang/String;
knb	q:Ljava/lang/String;
knb	r:Ljava/lang/String;
ko	VoidHunters.G:I
ko	d:Ljava/lang/String;
ko	e:[Lphb;
ko	f:[I
ko	g:I
koa	VoidHunters.G:I
koa	d:Lrt;
koa	f:Lgab;
koa	g:Z
koa	gab.e:Z
koa	hob.d:I
koa	i:I
koa	j:I
koa	k:Ljava/lang/String;
koa	l:I
koa	rt.g:Z
kob	VoidHunters.G:I
kob	e:Ljava/lang/String;
kob	ip.p:Ljava/awt/Dimension;
kob	java/awt/Dimension.height:I
kob	java/awt/Dimension.width:I
kob	kdb.o:I
kob	li.i:Z
kp	VoidHunters.G:I
kp	dma.g:I
kp	dma.i:[I
kp	dma.j:I
kp	o:Ljava/lang/String;
kp	og.r:Lha;
kpa	VoidHunters.G:I
kpa	hab.i:I
kpa	lua.c:I
kpa	mt.o:I
kpa	o:Ljava/lang/String;
kpa	ob.j:I
kpb	loa.o:Lno;
kpb	q:Lqkb;
kpb	r:Ljava/lang/String;
kpb	s:[Ljo;
kpb	shb.j:Ljava/lang/String;
kq	VoidHunters.G:I
kq	hbb.z:I
kq	li.i:Z
kq	o:[I
kq	og.r:Lha;
kq	rfa.p:Z
kqb	bv.d:Z
kqb	dd.o:Lllb;
kqb	jl.q:Lmab;
kqb	llb.D:I
kqb	llb.G:I
kqb	llb.R:Ljava/lang/String;
kqb	llb.eb:Lno;
kqb	llb.gb:[Lphb;
kqb	llb.hb:I
kqb	mab.b:I
kqb	mab.d:I
kqb	nbb.y:Lllb;
kqb	ss.o:Lllb;
kr	a:[Ljava/lang/String;
kra	VoidHunters.G:I
kra	a:[I
kra	b:Ljava/lang/String;
kra	bfb.b:I
kra	li.i:Z
kra	og.r:Lha;
krb	n:[B
ks	o:Ljava/lang/String;
ks	p:Ljava/lang/String;
ks	q:[C
ks	r:Lpr;
ksa	a:Lksa;
ksa	bk.w:Lfaa;
ksa	c:Lksa;
ksa	no.A:I
ksa	no.o:I
ksb	VoidHunters.G:I
ksb	d:Lrt;
ksb	f:Lgab;
ksb	g:Z
ksb	gab.e:Z
ksb	hob.d:I
ksb	rt.g:Z
kt	VoidHunters.G:I
kt	ap.p:[I
kt	apb.c:I
kt	aq.p:[I
kt	bva.b:[I
kt	cl.b:[I
kt	gs.a:[Lapb;
kt	i:I
kt	j:I
kt	k:[B
kt	l:I
kt	lf.p:[I
kt	lr.o:[I
kt	m:I
kt	mpa.o:[I
kt	n:I
kt	o:I
kt	p:I
kt	pca.j:I
kt	q:I
kt	r:[I
kt	rua.q:[I
kt	s:I
kt	wma.D:[S
kt	wma.E:[B
kt	wma.G:[S
kt	wma.I:[S
kt	wma.K:[S
kt	wma.L:S
kt	wma.N:[S
kt	wma.j:[S
kt	wma.w:[S
kt	wma.z:B
ktb	o:Ljava/lang/String;
ktb	q:I
ktb	r:I
ku	VoidHunters.G:I
ku	b:Lqfa;
ku	bfa.p:Ljava/lang/String;
ku	c:I
ku	cjb.b:Ltpa;
ku	d:Ljava/lang/String;
ku	dn.r:Ldfa;
ku	dw.c:Ldfa;
ku	iua.p:I
ku	jpa.a:Z
ku	kla.d:Ldfa;
ku	klb.r:Lida;
ku	mqb.x:Ljava/lang/String;
ku	tca.o:Ljava/lang/String;
kua	a:Lphb;
kua	b:[I
kua	c:[[F
kua	d:[I
kua	e:Z
kua	f:[I
kua	idb.p:I
kua	kib.d:I
kua	lla.h:I
kv	VoidHunters.G:I
kv	b:Lqfa;
kv	c:Z
kv	d:Z
kv	e:I
kv	f:[Lrtb;
kv	g:Lbt;
kv	qfa.Dc:I
kv	qfa.S:Z
kv	qfa.qb:Laia;
kva	VoidHunters.G:I
kva	a:I
kva	b:Lmj;
kva	bpa.c:Lllb;
kva	c:Z
kva	cs.a:Ltu;
kva	d:I
kva	dp.a:Lllb;
kva	e:I
kva	ep.o:Lkb;
kva	f:Lkb;
kva	fgb.l:Lllb;
kva	fhb.q:Lllb;
kva	fva.p:Z
kva	g:I
kva	gba.p:Lllb;
kva	gka.p:Lkb;
kva	h:Ljp;
kva	hp.b:Lllb;
kva	i:Ltu;
kva	jp.Nb:I
kva	jp.Nc:I
kva	jp.Wc:[I
kva	kb.a:I
kva	llb.ib:I
kva	llb.qb:I
kva	lsa.e:Lllb;
kva	mj.b:Lmj;
kva	mj.d:Lmj;
kva	mj.f:Lmj;
kva	mj.h:I
kva	nw.p:Lkb;
kva	qf.o:Lkb;
kva	qua.d:Lkb;
kva	qw.l:Lllb;
kva	umb.d:Lllb;
kva	uqa.o:[I
kva	wh.o:Lkb;
kw	Ab:I
kw	Bb:Z
kw	Cb:Lllb;
kw	Db:Leab;
kw	Eb:Ljava/lang/StringBuilder;
kw	Fb:Lllb;
kw	Gb:I
kw	Hb:I
kw	Ib:Lmob;
kw	Jb:Ljava/lang/String;
kw	Kb:Lllb;
kw	M:I
kw	T:Z
kw	VoidHunters.G:I
kw	hu.b:I
kw	java/awt/datatransfer/DataFlavor.stringFlavor:Ljava/awt/datatransfer/DataFlavor;
kw	kc.b:I
kw	lb:Lij;
kw	llb.L:I
kw	llb.R:Ljava/lang/String;
kw	llb.eb:Lno;
kw	llb.s:Ljava/lang/String;
kw	llb.t:I
kw	mob.d:Ljava/lang/Object;
kw	mob.f:I
kw	o:I
kw	pb:Z
kw	si.o:[Z
kw	vb:I
kw	wb:J
kw	xb:Lgj;
kw	yb:I
kw	zb:Z
kwa	o:Lasb;
kwa	pja.o:Ljava/lang/String;
la	VoidHunters.G:I
la	b:Lqfa;
la	c:Lvab;
la	d:Lvab;
la	dn.o:[F
la	e:Z
la	f:Z
la	g:Lvab;
la	h:Laia;
la	i:Lvab;
la	j:Z
la	k:I
la	l:Z
la	m:I
la	qfa.F:Lepb;
la	qfa.Fc:I
la	qfa.Hc:I
la	qfa.M:I
la	qfa.V:I
la	qfa.Zb:Z
la	qfa.qb:Laia;
la	vab.b:I
laa	o:I
lab	unb.o:Z
lb	o:Ljava/lang/String;
lb	p:Lef;
lba	dn.r:Ldfa;
lba	kla.d:Ldfa;
lba	lrb.b:Ldfa;
lba	o:Ljava/lang/String;
lba	rg.b:Z
lba	tla.c:Z
lba	wkb.c:I
lbb	VoidHunters.G:I
lbb	a:I
lbb	b:I
lbb	bea.c:[I
lbb	bea.d:I
lbb	bha.a:Z
lbb	c:Ljava/lang/String;
lbb	d:I
lbb	dcb.f:I
lbb	e:I
lbb	ena.q:I
lbb	et.a:I
lbb	f:Lqqb;
lbb	foa.p:I
lbb	g:[Let;
lbb	h:Ljava/lang/String;
lbb	i:Lqdb;
lbb	ih.f:[Ljava/lang/String;
lbb	j:[I
lbb	java/lang/System.out:Ljava/io/PrintStream;
lbb	mja.p:Ldja;
lbb	oq.h:I
lbb	oq.j:I
lbb	oq.l:I
lbb	oq.z:I
lbb	qdb.b:I
lbb	qdb.c:[I
lbb	qdb.d:I
lbb	qdb.f:I
lbb	qrb.a:I
lbb	qv.o:I
lbb	rsb.c:[Lbha;
lbb	rsb.e:Llbb;
lbb	rsb.g:Lpe;
lbb	sl.a:I
lbb	tfa.a:Z
lbb	tfa.b:I
lbb	tfa.c:I
lbb	tfa.g:Lsg;
lbb	tfa.h:I
lbb	tfa.i:[I
lbb	tfa.k:[I
lbb	tfa.n:I
lbb	unb.o:Z
lbb	unb.p:I
lbb	wna.b:I
lbb	wna.d:I
lc	a:I
lc	b:Lbs;
lc	c:Ljava/util/Hashtable;
lc	jqa.o:[Ljava/lang/String;
lcb	VoidHunters.G:I
lcb	ecb.a:[I
lcb	o:Z
lcb	p:Ljava/lang/String;
lcb	q:[Lml;
lcb	r:Lllb;
lcb	s:Ljava/lang/String;
lcb	t:[Lphb;
ld	lua.d:I
lda	o:Ljava/lang/Object;
ldb	o:I
ldb	p:Ljava/lang/String;
ldb	q:I
ldb	r:J
le	VoidHunters.G:I
le	d:Lrt;
le	e:[Lle;
le	f:Lgab;
le	g:Z
le	h:I
lea	nua.p:I
lea	o:Lqrb;
leb	o:Ldja;
leb	tkb.p:I
lf	o:Z
lf	p:[I
lf	qaa.a:F
lfa	VoidHunters.G:I
lfa	d:Lrt;
lfa	hob.d:I
lfa	i:I
lfa	j:Z
lfa	k:I
lfa	l:I
lfa	rt.g:Z
lfa	wga.a:Llwa;
lfb	a:Ljava/util/Hashtable;
lfb	b:Ljava/lang/String;
lfb	c:I
lfb	d:Z
lfb	e:Ljava/lang/String;
lg	cbb.h:I
lg	d:Ljava/lang/String;
lg	oq.a:I
lga	aea.b:I
lga	oq.l:I
lga	wha.a:I
lgb	p:Ljava/lang/String;
lh	a:Ljava/lang/String;
lh	b:Ljava/lang/String;
lha	fa.d:[Lgd;
lha	he.o:I
lha	lo.a:[Lwf;
lha	pob.b:I
lha	wgb.f:I
lhb	VoidHunters.G:I
lhb	a:Lno;
lhb	dla.d:I
lhb	ek.o:I
lhb	fwa.h:I
lhb	hpa.p:I
lhb	io.p:I
lhb	ipb.a:I
lhb	jwa.l:I
lhb	tsa.e:I
lhb	tsa.f:Lij;
lhb	tsa.g:I
lhb	ua.o:I
lhb	wdb.vb:I
li	b:I
li	d:I
li	g:Lqfa;
li	h:I
li	i:Z
lia	VoidHunters.G:I
lia	c:Ljava/lang/String;
lib	o:Ljava/util/Calendar;
lib	p:Ljava/lang/String;
lib	q:Ljava/lang/String;
lja	VoidHunters.G:I
lja	a:I
lja	anb.f:I
lja	anb.h:I
lja	anb.k:Lml;
lja	anb.l:I
lja	b:I
lja	bfa.p:Ljava/lang/String;
lja	bhb.i:I
lja	bia.c:I
lja	c:Ljava/lang/String;
lja	d:I
lja	dla.c:I
lja	ds.d:I
lja	e:I
lja	fra.a:I
lja	g:I
lja	h:I
lja	java/lang/System.out:Ljava/io/PrintStream;
lja	joa.a:I
lja	ldb.q:I
lja	ls.r:I
lja	ml.b:I
lja	ml.n:I
lja	ml.r:I
lja	mqb.f:I
lja	mqb.h:I
lja	mqb.k:Lml;
lja	mqb.l:I
lja	nra.b:I
lja	pca.i:[Luj;
lja	uua.o:I
lja	wfb.p:I
lja	wfb.v:[I
ljb	o:I
ljb	p:Ljava/lang/String;
lk	mbb.b:Z
lka	a:[I
lkb	a:[I
lkb	br.f:Llkb;
lkb	dma.j:I
lkb	gca.r:Llkb;
lkb	gp.p:I
lkb	ldb.o:I
lkb	rga.g:Lllb;
lkb	vva.r:Lllb;
ll	VoidHunters.G:I
ll	ae.j:I
ll	ao.o:I
ll	ata.L:Ljava/lang/String;
ll	ff.o:Lona;
ll	gt.q:Z
ll	ho.a:Lfwa;
ll	kc.b:I
ll	lqa.p:[Lphb;
ll	nna.z:Lae;
ll	o:Z
ll	oq.H:I
ll	otb.q:I
ll	p:Laja;
ll	pa.b:I
ll	pba.o:I
ll	phb.n:I
ll	phb.p:I
ll	phb.q:I
ll	pma.o:I
ll	qs.a:I
ll	si.p:I
ll	si.r:I
ll	si.s:I
ll	so.e:Lphb;
ll	uia.b:I
ll	via.a:[Lphb;
ll	wqb.e:Ljava/util/Hashtable;
lla	VoidHunters.G:I
lla	a:Ljava/util/zip/CRC32;
lla	b:I
lla	c:I
lla	d:I
lla	ds.e:I
lla	ds.h:[B
lla	e:I
lla	f:Lds;
lla	g:I
lla	h:I
lla	i:Ljava/util/zip/Deflater;
lla	j:Ljava/util/zip/Inflater;
lla	java/lang/System.out:Ljava/io/PrintStream;
lla	pb.f:[B
llb	A:[Lphb;
llb	B:I
llb	C:I
llb	D:I
llb	E:I
llb	F:I
llb	G:I
llb	H:Ljava/lang/String;
llb	I:I
llb	J:Z
llb	K:I
llb	L:I
llb	M:I
llb	N:Z
llb	O:Z
llb	P:I
llb	Q:Z
llb	R:Ljava/lang/String;
llb	S:Z
llb	T:Z
llb	U:I
llb	V:Ljava/lang/String;
llb	VoidHunters.G:I
llb	W:Z
llb	X:I
llb	Y:I
llb	Z:Z
llb	ab:I
llb	b:J
llb	bb:I
llb	cb:Lphb;
llb	db:I
llb	dca.p:Z
llb	dma.a:I
llb	dma.c:I
llb	dma.d:I
llb	dma.f:I
llb	dma.g:I
llb	dma.j:I
llb	eb:Lno;
llb	fb:I
llb	gb:[Lphb;
llb	hb:I
llb	hu.b:I
llb	ib:I
llb	jb:I
llb	kb:Ljava/lang/String;
llb	kc.b:I
llb	lb:Lij;
llb	mb:[Lphb;
llb	n:I
llb	nb:[Lphb;
llb	no.A:I
llb	no.k:I
llb	o:I
llb	ob:Lphb;
llb	oq.H:I
llb	p:I
llb	pb:Z
llb	pba.o:I
llb	phb.m:I
llb	phb.n:I
llb	q:Lphb;
llb	qb:I
llb	qs.a:I
llb	r:I
llb	rb:I
llb	ru.o:Z
llb	s:Ljava/lang/String;
llb	sb:I
llb	t:I
llb	tb:Lphb;
llb	u:I
llb	ub:[Lphb;
llb	uia.b:I
llb	v:I
llb	w:I
llb	x:I
llb	y:Z
llb	z:Lphb;
lm	a:Ljava/lang/String;
lm	b:Ldja;
lm	nd.r:I
lma	dma.j:I
lma	z:Ljava/lang/String;
lmb	a:Ljava/lang/String;
lmb	hb.c:Z
lna	lda.o:Ljava/lang/Object;
lna	o:[Z
lna	p:Ljava/lang/String;
lna	pjb.vb:Ljava/lang/Object;
lna	pra.p:Ljava/lang/Object;
lna	qfa.yb:Lnk;
lnb	VoidHunters.G:I
lnb	bgb.o:J
lnb	cka.o:Lhqb;
lnb	d:Lrt;
lnb	dpa.p:Lfaa;
lnb	f:Lgab;
lnb	faa.e:I
lnb	faa.h:[B
lnb	gab.e:Z
lnb	hob.d:I
lnb	hqb.b:Lllb;
lnb	i:Ljv;
lnb	j:I
lnb	k:I
lnb	llb.J:Z
lnb	noa.o:I
lnb	ov.o:Llpb;
lnb	qg.a:Lsoa;
lnb	rt.g:Z
lnb	sp.o:Lgj;
lnb	tc.c:Lgj;
lo	VoidHunters.G:I
lo	a:[Lwf;
lo	b:Lllb;
lo	c:[Lphb;
lo	d:Ljava/lang/String;
lo	ip.p:Ljava/awt/Dimension;
lo	java/awt/Dimension.height:I
lo	java/awt/Dimension.width:I
loa	o:Lno;
lob	VoidHunters.G:I
lob	a:Ljava/lang/String;
lob	ae.f:Lpr;
lob	b:I
lob	c:[Lllb;
lob	hab.i:I
lob	iwa.b:I
lob	kbb.q:Ljava/lang/String;
lob	lua.c:I
lob	mq.k:I
lob	mr.M:Lij;
lob	mt.o:I
lob	ob.j:I
lob	om.c:Lpr;
lob	qga.b:Lfaa;
lob	rba.b:[[I
lob	st.o:Lij;
lob	vob.p:I
lob	vu.Ab:Ljava/lang/String;
lob	vu.Cb:Ljava/lang/String;
lob	vu.Fb:Ljava/lang/String;
lob	vu.vb:Ljava/lang/String;
lob	vu.yb:I
lp	a:Ljava/lang/String;
lp	b:[I
lpb	VoidHunters.G:I
lpb	a:[B
lpb	b:Ljava/io/InputStream;
lpb	c:Z
lpb	d:I
lpb	e:Leab;
lpb	f:Z
lpb	g:Lmob;
lpb	h:Ljava/net/Socket;
lpb	hla.a:[I
lpb	i:I
lpb	iib.e:[I
lpb	j:Ljava/io/OutputStream;
lpb	k:I
lpb	mob.d:Ljava/lang/Object;
lpb	mob.f:I
lpb	nhb.o:[I
lpb	rlb.d:[I
lpb	sh.a:[[B
lpb	so.f:[I
lq	VoidHunters.G:I
lq	f:Lgab;
lq	gab.e:Z
lq	grb.l:[I
lq	hob.d:I
lq	i:Ldja;
lq	j:Ljava/lang/String;
lq	sj.p:[I
lqa	o:Lmm;
lqa	p:[Lphb;
lqb	VoidHunters.G:I
lqb	o:[[I
lr	o:[I
lr	p:I
lr	q:Ljava/lang/String;
lr	uta.p:Ljava/lang/String;
lra	VoidHunters.G:I
lra	dbb.o:I
lra	k:Lle;
lra	l:[I
lra	le.e:[Lle;
lra	le.g:Z
lra	m:Lle;
lra	n:[I
lra	nl.e:Ld;
lra	o:Ljava/lang/String;
lra	p:Lle;
lra	pp.o:[I
lra	q:[Lle;
lra	qnb.o:Lasb;
lrb	VoidHunters.G:I
lrb	a:Ljava/lang/String;
lrb	b:Ldfa;
lrb	c:I
lrb	d:I
lrb	e:I
lrb	fw.a:I
lrb	java/lang/System.out:Ljava/io/PrintStream;
lrb	rsb.c:[Lbha;
lrb	rsb.g:Lpe;
lrb	tfa.h:I
lrb	tg.o:I
ls	VoidHunters.G:I
ls	db.p:Lphb;
ls	nd.r:I
ls	p:I
ls	q:Z
ls	r:I
lsa	bl.x:Lno;
lsa	e:Lllb;
lsa	f:J
lsa	oja.p:Lno;
lsb	a:I
lsb	b:I
lsb	c:I
lta	a:F
lta	b:F
lta	c:F
lta	d:I
lta	e:I
lta	f:[I
ltb	ceb.p:Z
ltb	o:Ljava/lang/String;
ltb	p:I
ltb	q:Ljava/lang/String;
lu	a:Ljava/lang/String;
lu	b:Lml;
lu	c:Ljava/lang/String;
lu	e:I
lu	f:[I
lu	g:I
lua	VoidHunters.G:I
lua	a:I
lua	b:[Lqob;
lua	bjb.p:[Lqsa;
lua	c:I
lua	d:I
lua	hcb.p:I
lua	java/lang/System.out:Ljava/io/PrintStream;
lua	rma.c:Ldja;
lua	sja.g:I
lv	o:Ljava/lang/String;
lva	al.a:Ljava/lang/String;
lva	amb.b:Ljava/lang/String;
lva	dmb.c:I
lva	fja.r:Ljava/lang/String;
lva	inb.p:Ljava/lang/String;
lva	kda.g:Ljava/lang/String;
lva	msa.r:Ljava/lang/String;
lva	o:[F
lva	p:I
lva	qn.h:Lida;
lva	vda.p:Ljava/lang/String;
lva	wua.k:I
lw	d:I
lw	e:Ljava/lang/String;
lw	eo.o:[I
lw	f:Z
lw	g:I
lw	i:Lllb;
lw	j:I
lw	k:I
lw	l:I
lw	pca.i:[Luj;
lwa	G:I
lwa	L:I
lwa	VoidHunters.G:I
lwa	cu.p:Ljava/lang/String;
lwa	hb:I
lwa	kw.Jb:Ljava/lang/String;
lwa	llb.F:I
lwa	llb.G:I
lwa	llb.eb:Lno;
lwa	llb.gb:[Lphb;
lwa	llb.hb:I
lwa	llb.o:I
lwa	mw.e:I
lwa	o:I
lwa	pba.o:I
lwa	pha.r:[Ljava/lang/String;
lwa	skb.q:[Ljava/lang/String;
lwa	ub.f:[I
lwa	vb:Ljava/lang/String;
lwa	wb:Lllb;
lwa	xb:Lasb;
m	bg.o:Z
m	dma.g:I
m	dma.j:I
m	dpa.p:Lfaa;
m	es.b:Lkc;
m	idb.o:Z
m	ip.p:Ljava/awt/Dimension;
m	java/awt/Dimension.height:I
m	java/awt/Dimension.width:I
m	kl.c:Lphb;
m	lgb.o:I
m	lqa.o:Lmm;
m	lrb.f:Z
m	mm.zb:I
m	nhb.p:Z
m	nwa.d:Z
m	o:I
m	p:I
m	phb.k:I
m	phb.l:I
m	qd.a:[Z
m	qu.o:Z
m	tcb.o:I
m	vob.o:[Z
ma	o:Ljava/lang/String;
maa	ip.p:Ljava/awt/Dimension;
maa	java/awt/Dimension.height:I
maa	java/awt/Dimension.width:I
maa	o:I
mab	a:LVoidHunters;
mab	b:I
mab	c:[I
mab	d:I
mab	e:Ljava/lang/String;
mab	h:Ljava/lang/String;
mb	VoidHunters.G:I
mb	e:I
mb	h:[B
mb	i:Z
mb	k:[Ljava/lang/String;
mba	a:Lae;
mba	b:I
mba	ls.q:Z
mbb	a:Ljava/lang/String;
mbb	b:Z
mbb	c:I
mbb	d:Ljava/lang/String;
mc	VoidHunters.G:I
mc	bv.d:Z
mc	dd.o:Lllb;
mc	dma.g:I
mc	g:I
mc	hca.o:Lllb;
mc	jfb.o:Lllb;
mc	lia.b:I
mc	llb.u:I
mc	nf.a:I
mc	q:Lwwa;
mc	r:I
mc	si.o:[Z
mc	t:Lshb;
mc	tba.p:I
mc	u:I
mc	wo.o:Z
mca	VoidHunters.G:I
mcb	bja.p:[I
mcb	hta.o:I
mcb	oq.m:I
md	VoidHunters.G:I
md	ca.p:Lij;
md	d:Lrt;
md	ev.d:I
md	ev.e:I
md	f:Lgab;
md	g:Z
md	gab.e:Z
md	gbb.q:I
md	hob.d:I
md	i:[Lev;
md	j:Lij;
md	mhb.o:Lij;
md	noa.o:I
md	rt.g:Z
md	wf.d:I
mdb	fua.o:Z
mdb	o:I
me	VoidHunters.G:I
me	ar.b:I
me	atb.b:[Lphb;
me	awa.o:[[Ljava/lang/String;
me	bna.m:Ljava/lang/String;
me	bsa.q:Lllb;
me	d:Lrt;
me	dda.c:Ljava/lang/String;
me	di.j:Ljava/lang/String;
me	eib.o:I
me	fg.a:Ljava/lang/String;
me	gda.k:Ljava/lang/String;
me	geb.o:Lllb;
me	gib.c:Ljava/lang/String;
me	glb.a:Ljava/lang/String;
me	hgb.p:Ljava/lang/String;
me	hi.a:I
me	hnb.U:[Lphb;
me	hob.d:I
me	hva.c:[Ljava/lang/String;
me	hwa.p:[[Lphb;
me	iga.o:Lllb;
me	ija.c:Ljava/lang/String;
me	ir.o:Ljava/lang/String;
me	j:I
me	jba.h:Lllb;
me	jca.o:Ljava/lang/String;
me	jja.b:Ljava/lang/String;
me	k:[I
me	kb.b:I
me	ktb.p:I
me	lcb.t:[Lphb;
me	ll.o:Z
me	llb.B:I
me	llb.F:I
me	llb.G:I
me	llb.I:I
me	llb.L:I
me	llb.O:Z
me	llb.R:Ljava/lang/String;
me	llb.eb:Lno;
me	llb.hb:I
me	llb.lb:Lij;
me	llb.o:I
me	llb.tb:Lphb;
me	llb.w:I
me	lob.a:Ljava/lang/String;
me	mm.Ab:Lllb;
me	mm.Bb:I
me	mm.Cb:I
me	mm.Db:I
me	mm.E:I
me	mm.Eb:Lllb;
me	mm.Fb:I
me	mm.G:I
me	mm.Gb:Z
me	mm.Hb:Lllb;
me	mm.Ib:[Ljava/lang/String;
me	mm.Jb:Lllb;
me	mm.Kb:I
me	mm.Lb:Lllb;
me	mm.Mb:Lllb;
me	mm.Ob:J
me	mm.Pb:[B
me	mm.Qb:Z
me	mm.Rb:Lllb;
me	mm.Sb:Lllb;
me	mm.Tb:Lllb;
me	mm.Ub:I
me	mm.Vb:Ljava/lang/String;
me	mm.Wb:Lllb;
me	mm.Xb:Z
me	mm.Yb:Lllb;
me	mm.Zb:[Lllb;
me	mm.ac:Z
me	mm.bc:Lllb;
me	mm.cc:Z
me	mm.dc:Lllb;
me	mm.ec:I
me	mm.fc:Z
me	mm.hb:I
me	mm.lb:Lij;
me	mm.o:I
me	mm.vb:Lllb;
me	mm.wb:Lllb;
me	mm.xb:Z
me	mm.yb:Lllb;
me	mm.zb:I
me	nna.w:I
me	nt.o:I
me	obb.o:[Ljava/lang/String;
me	ocb.l:I
me	og.o:Ljava/lang/String;
me	og.p:Ljava/lang/String;
me	p:I
me	pa.c:Ljava/lang/String;
me	phb.m:I
me	q:Lllb;
me	qc.q:Lllb;
me	qg.a:Lsoa;
me	qs.c:I
me	r:Z
me	rdb.f:Ljava/lang/String;
me	rgb.f:Lsoa;
me	rt.g:Z
me	s:Lllb;
me	soa.wb:Lllb;
me	sqb.o:[Lphb;
me	sta.o:Ljava/lang/String;
me	tla.h:Ljava/lang/String;
me	ujb.g:I
me	uka.p:[Ljava/lang/String;
me	vq.w:Ljava/lang/String;
me	wfb.a:I
me	wt.c:Ljava/lang/String;
mea	VoidHunters.G:I
mea	d:Lqfa;
mea	e:Lij;
mea	ebb.b:Z
mea	f:Z
mea	idb.p:I
mea	kib.d:I
mea	lla.h:I
mea	qga.b:Lfaa;
meb	VoidHunters.G:I
meb	a:I
meb	b:Lno;
meb	c:[F
meb	d:Luja;
meb	e:I
meb	ks.r:Lpr;
meb	loa.o:Lno;
meb	no.A:I
meb	no.k:I
meb	shb.e:Z
meb	shb.f:I
meb	shb.g:I
meb	shb.h:I
meb	shb.j:Ljava/lang/String;
meb	shb.r:I
mf	VoidHunters.G:I
mf	hab.i:I
mf	lua.c:I
mf	mt.o:I
mf	ob.j:I
mf	z:Ljava/lang/String;
mfb	a:Z
mfb	fib.j:Lwaa;
mfb	fja.p:Lrq;
mfb	lob.b:I
mfb	oq.x:I
mfb	rq.C:Lrcb;
mfb	waa.v:Lrcb;
mg	VoidHunters.G:I
mg	cta.q:Lij;
mg	jk.Db:I
mg	jk.yb:I
mg	kja.E:Lij;
mg	mea.e:Lij;
mg	mm.Db:I
mg	mm.ec:I
mg	o:[[Lphb;
mg	pob.b:I
mga	a:I
mga	b:B
mga	c:I
mga	d:Z
mga	e:Z
mga	f:Ljagdx/IDirect3DVertexBuffer;
mga	g:Lnla;
mga	nla.Kc:Ljagdx/GeometryBuffer;
mga	nla.Mc:Ljagdx/IDirect3DDevice;
mgb	o:Z
mgb	p:[I
mgb	q:I
mh	li.i:Z
mh	mbb.c:I
mh	mmb.d:[Laja;
mha	VoidHunters.E:[I
mhb	caa.a:I
mhb	caa.d:I
mhb	caa.e:I
mhb	caa.f:I
mhb	caa.g:I
mhb	caa.h:I
mhb	caa.i:[I
mhb	caa.j:[B
mhb	o:Lij;
mi	VoidHunters.G:I
mi	aab.o:Lhbb;
mi	dha.u:Lkka;
mi	ew.p:Ldra;
mi	flb.o:Lvka;
mi	hlb.p:I
mi	o:Lphb;
mia	VoidHunters.G:I
mia	a:[Z
mia	b:[Lvka;
mia	c:Z
mia	d:Leab;
mia	dpa.p:Lfaa;
mia	e:Z
mia	ks.r:Lpr;
mia	mm.Ib:[Ljava/lang/String;
mia	paa.q:I
mia	tu.c:[C
mib	VoidHunters.G:I
mib	a:[Ltja;
mib	b:Z
mib	bma.o:I
mib	bnb.p:I
mib	c:I
mib	d:Laf;
mib	e:Z
mib	ela.p:I
mib	f:Lij;
mib	fjb.b:Ljava/lang/String;
mib	g:I
mib	gva.a:Ldja;
mib	h:Z
mib	i:I
mib	iob.g:I
mib	j:Ljava/lang/String;
mib	java/lang/System.out:Ljava/io/PrintStream;
mib	k:Z
mib	ko.g:I
mib	l:Lmfa;
mib	lla.b:I
mib	ndb.c:I
mib	nia.o:Z
mib	nv.o:I
mib	osa.e:Z
mib	pba.p:I
mib	poa.o:Z
mib	pwa.c:Z
mib	tga.N:Z
mib	ujb.j:Z
mib	uqb.d:Lpwa;
mib	uqb.e:I
mib	uqb.f:Z
mib	uqb.g:Z
mib	wc.a:Ldja;
mib	wsb.b:I
mj	a:Lmj;
mj	b:Lmj;
mj	c:Lmj;
mj	d:Lmj;
mj	e:Lmj;
mj	f:Lmj;
mj	g:Lmj;
mj	h:I
mj	i:Lmj;
mja	o:Z
mja	p:Ldja;
mjb	VoidHunters.G:I
mjb	a:Z
mjb	b:Z
mjb	c:Ldja;
mjb	ce.o:[B
mjb	cs.a:Ltu;
mjb	d:I
mjb	dpa.p:Lfaa;
mjb	e:Z
mjb	ep.o:Lkb;
mjb	f:I
mjb	faa.e:I
mjb	g:I
mjb	h:Lpf;
mjb	i:Z
mjb	imb.a:I
mjb	j:Z
mjb	jd.o:Ltu;
mjb	k:Z
mjb	l:I
mjb	m:I
mjb	mj.f:Lmj;
mjb	n:I
mjb	nkb.p:[B
mjb	o:Leb;
mjb	pea.d:Lslb;
mjb	pja.l:Lslb;
mjb	qd.d:I
mjb	qua.d:Lkb;
mjb	vf.a:Lkba;
mk	o:[Z
mk	p:Ljava/lang/String;
ml	VoidHunters.G:I
ml	a:Laqa;
ml	anb.f:I
ml	anb.h:I
ml	anb.k:Lml;
ml	anb.o:I
ml	anb.p:I
ml	anb.t:I
ml	ara.d:I
ml	ara.e:I
ml	ara.f:I
ml	ara.h:I
ml	asb.f:I
ml	b:I
ml	c:Lqjb;
ml	d:[Limb;
ml	e:I
ml	f:[Lml;
ml	feb.b:[I
ml	fka.d:Lml;
ml	fka.e:I
ml	fka.f:Lml;
ml	fra.a:I
ml	g:[I
ml	gaa.o:I
ml	h:Leka;
ml	hab.g:[Lwfb;
ml	i:I
ml	ii.d:Ldja;
ml	imb.c:I
ml	imb.d:I
ml	imb.e:I
ml	j:I
ml	java/lang/System.out:Ljava/io/PrintStream;
ml	js.s:I
ml	k:Llja;
ml	kdb.o:I
ml	kg.p:[I
ml	ki.o:I
ml	kmb.f:I
ml	l:[[[B
ml	lcb.q:[Lml;
ml	li.i:Z
ml	lja.e:I
ml	lja.g:I
ml	lrb.e:I
ml	lsb.a:I
ml	lsb.b:I
ml	lsb.c:I
ml	lta.a:F
ml	lu.b:Lml;
ml	lu.e:I
ml	lu.g:I
ml	m:I
ml	mmb.d:[Laja;
ml	n:I
ml	nbb.d:I
ml	nbb.e:I
ml	nbb.f:I
ml	nbb.h:I
ml	o:I
ml	odb.a:I
ml	odb.c:I
ml	odb.d:I
ml	ou.r:I
ml	p:I
ml	pmb.p:I
ml	pua.p:I
ml	q:I
ml	qjb.b:I
ml	r:I
ml	sg.d:I
ml	sg.e:I
ml	ta.a:Ldja;
ml	tj.d:I
ml	tj.e:I
ml	tpb.a:I
ml	tpb.b:Lml;
ml	wfb.A:[[I
ml	wfb.B:I
ml	wfb.a:I
ml	wfb.b:I
ml	wfb.c:Lqjb;
ml	wfb.d:I
ml	wfb.e:Lkma;
ml	wfb.g:Lmua;
ml	wfb.h:I
ml	wfb.i:I
ml	wfb.k:Z
ml	wfb.l:I
ml	wfb.m:Z
ml	wfb.n:I
ml	wfb.o:[Llsb;
ml	wfb.p:I
ml	wfb.t:Laqa;
ml	wfb.u:I
ml	wfb.v:[I
ml	wfb.w:[[I
ml	wfb.x:Llja;
ml	wfb.y:I
ml	wfb.z:I
ml	wkb.c:I
ml	wnb.o:[Lphb;
ml	wr.o:I
mla	btb.d:[Lgdb;
mla	cba.e:Lgdb;
mla	ds.e:I
mla	ds.h:[B
mla	eab.d:Lau;
mla	eab.l:[Lau;
mla	eab.t:Lau;
mla	eob.o:Ldqb;
mla	gia.k:Leab;
mla	ho.a:Lfwa;
mla	o:Ljava/lang/String;
mla	oq.E:I
mla	p:[F
mla	q:Lllb;
mla	r:Ljava/lang/String;
mla	s:[F
mlb	p:Ljava/lang/String;
mlb	q:Lij;
mlb	r:I
mm	Bb:I
mm	Cb:I
mm	Gb:Z
mm	Ob:J
mm	Pb:[B
mm	ac:Z
mm	cc:Z
mm	ec:I
mm	fc:Z
mma	a:I
mma	pia.x:Lmma;
mma	tib.h:Lmma;
mmb	b:Ljava/lang/String;
mmb	d:[Laja;
mmb	e:Ljava/lang/String;
mmb	g:I
mmb	i:I
mmb	z:Ljava/lang/String;
mn	VoidHunters.G:I
mn	a:Ljava/lang/String;
mn	ada.b:Lpia;
mn	crb.v:Lbwa;
mn	erb.p:Z
mn	fh.g:Lllb;
mn	fqb.o:[Ljava/lang/String;
mn	hca.o:Lllb;
mn	iga.o:Lllb;
mn	jl.q:Lmab;
mn	kga.o:I
mn	kn.p:Lllb;
mn	ldb.o:I
mn	llb.G:I
mn	llb.M:I
mn	llb.R:Ljava/lang/String;
mn	llb.hb:I
mn	llb.o:I
mn	llb.tb:Lphb;
mn	llb.u:I
mn	lo.b:Lllb;
mn	lob.a:Ljava/lang/String;
mn	lob.c:[Lllb;
mn	mab.b:I
mn	nlb.o:Lllb;
mn	nna.w:I
mn	pmb.o:[Lphb;
mn	qc.q:Lllb;
mn	qs.c:I
mn	tb.b:I
mn	uh.p:I
mn	ul.b:[Lllb;
mn	urb.o:Lqca;
mn	vh.c:[Lllb;
mna	ao.o:I
mna	b:I
mna	c:Ljava/lang/String;
mna	cia.a:I
mna	dfa.a:I
mna	gu.p:I
mna	kc.b:I
mna	la.m:I
mna	lr.p:I
mna	mtb.o:I
mna	nna.z:Lae;
mna	otb.q:I
mna	pa.b:I
mna	rn.o:I
mna	si.p:I
mna	tta.p:I
mna	uia.b:I
mna	ww.o:I
mnb	VoidHunters.G:I
mnb	a:Z
mnb	b:I
mnb	c:Lqfa;
mnb	cta.q:Lij;
mnb	d:Z
mnb	e:Z
mnb	f:I
mnb	g:Ljava/lang/String;
mnb	qfa.mc:I
mnb	qra.p:[I
mo	i:Ljava/lang/String;
mo	j:Ljava/lang/String;
moa	VoidHunters.G:I
moa	bqa.d:Lllb;
moa	dma.j:I
moa	f:Lgab;
moa	gab.e:Z
moa	gp.p:I
moa	grb.l:[I
moa	hob.d:I
moa	i:[I
moa	j:[I
moa	k:I
moa	l:I
moa	ldb.o:I
moa	lia.b:I
moa	m:I
moa	n:Ljava/lang/String;
moa	sj.p:[I
moa	tb.a:Lllb;
mob	f:I
mp	o:I
mp	p:Lqrb;
mpa	o:[I
mpa	p:[F
mpb	VoidHunters.G:I
mpb	d:Lqfa;
mpb	g:Lof;
mpb	h:[I
mpb	i:Laia;
mpb	j:Lrpa;
mpb	k:Ljava/lang/String;
mpb	l:[Ljava/lang/String;
mpb	m:Lof;
mpb	mqa.o:F
mpb	n:Lof;
mpb	o:I
mpb	of.c:J
mpb	p:[Laia;
mpb	pba.q:F
mpb	q:I
mpb	qfa.B:Z
mpb	qfa.I:Z
mpb	qfa.U:Z
mpb	r:I
mpb	s:Lrpa;
mpb	t:Laia;
mpb	u.q:F
mpb	u:I
mpb	v:Lof;
mq	d:Ljp;
mq	i:Lmj;
mq	j:I
mq	jp.Sc:Ljaggl/MapBuffer;
mq	k:I
mq	mj.h:I
mqa	VoidHunters.G:I
mqa	br.f:Llkb;
mqa	ira.b:Llkb;
mqa	o:F
mqa	p:Ljava/lang/String;
mqa	qw.j:Llkb;
mqa	r:Lgl;
mqa	s:I
mqa	tea.a:Ljava/lang/String;
mqb	A:I
mqb	B:I
mqb	C:Lllb;
mqb	java/lang/System.out:Ljava/io/PrintStream;
mqb	k:Lml;
mqb	u:I
mqb	v:I
mqb	w:I
mqb	wfb.p:I
mqb	x:Ljava/lang/String;
mqb	y:I
mqb	z:Z
mr	J:Ljava/lang/String;
mr	K:Lhtb;
mr	L:Ljava/lang/String;
mr	M:Lij;
mr	bca.a:Ldpb;
mr	f:I
mr	h:I
mr	htb.q:Lwwa;
mr	jga.b:Ljava/lang/String;
mr	job.o:Ljava/lang/String;
mr	jt.o:Lvla;
mr	oca.a:Ldpb;
mr	oda.t:Ljava/lang/String;
mr	qua.a:Ldpb;
mr	r.m:Ljava/lang/String;
mr	shb.f:I
mr	shb.g:I
mr	shb.h:I
mr	shb.q:Lwwa;
mr	shb.r:I
mr	tl.o:Ljava/lang/String;
mr	web.o:Lno;
mr	wm.b:Ljava/lang/String;
mr	z:Z
mra	VoidHunters.G:I
mra	aib.c:D
mra	o:I
mra	phb.r:[I
mrb	VoidHunters.G:I
mrb	bpa.c:Lllb;
mrb	dp.a:Lllb;
mrb	fgb.l:Lllb;
mrb	fhb.q:Lllb;
mrb	gba.p:Lllb;
mrb	hp.b:Lllb;
mrb	llb.G:I
mrb	llb.R:Ljava/lang/String;
mrb	llb.gb:[Lphb;
mrb	llb.hb:I
mrb	me.s:Lllb;
mrb	nh.o:Ljava/lang/String;
mrb	ow.b:I
mrb	pgb.l:Ljava/lang/String;
mrb	qw.l:Lllb;
ms	A:[I
ms	VoidHunters.G:I
ms	ahb.p:I
ms	al.f:Lgl;
ms	aw.Bb:Lgl;
ms	bm.o:Leab;
ms	btb.b:Lasb;
ms	bua.o:Z
ms	c:Z
ms	ca.o:Ljava/lang/String;
ms	cgb.a:Z
ms	cna.wb:Ljava/lang/String;
ms	cp.q:Lgl;
ms	dga.a:Z
ms	dgb.b:Ljava/lang/String;
ms	djb.r:Z
ms	dmb.a:I
ms	dpa.p:Lfaa;
ms	ds.e:I
ms	ds.h:[B
ms	dsa.o:Ljava/lang/String;
ms	dt.o:Lasb;
ms	ef.z:I
ms	efb.b:Lvfa;
ms	esb.j:Lasb;
ms	gdb.i:Lasb;
ms	gl.a:I
ms	gob.a:[Ljava/lang/String;
ms	gtb.a:Ljava/lang/String;
ms	gwa.o:Z
ms	hw.e:Lasb;
ms	igb.a:Ljava/awt/Canvas;
ms	it.j:I
ms	java/awt/Color.black:Ljava/awt/Color;
ms	java/awt/Dimension.height:I
ms	java/awt/Dimension.width:I
ms	jb.a:Z
ms	jc.o:Ljava/lang/String;
ms	ji.p:Lqkb;
ms	jta.p:I
ms	jta.r:Lasb;
ms	kkb.o:Lfg;
ms	kwa.o:Lasb;
ms	lba.o:Ljava/lang/String;
ms	lja.f:I
ms	lna.o:[Z
ms	lo.d:Ljava/lang/String;
ms	mlb.o:Z
ms	mnb.g:Ljava/lang/String;
ms	mqa.r:Lgl;
ms	o:I
ms	ocb.i:Ljava/lang/String;
ms	ow.a:I
ms	p:I
ms	pgb.b:Lgl;
ms	ppb.a:Lasb;
ms	psb.b:Lufb;
ms	q:I
ms	qga.b:Lfaa;
ms	qmb.q:I
ms	r:I
ms	rab.m:Lwsb;
ms	rda.q:Z
ms	ru.p:I
ms	s:Z
ms	ska.p:J
ms	sta.p:J
ms	t:J
ms	ta.b:[I
ms	tc.a:Z
ms	tcb.o:I
ms	tia.C:J
ms	tk.p:Lbi;
ms	tl.p:I
ms	tsb.q:Z
ms	u:Ljava/lang/String;
ms	una.f:Ljava/lang/String;
ms	v:I
ms	vc.o:I
ms	vja.a:I
ms	w:I
ms	wna.a:Ljava/lang/String;
ms	wsb.a:Ljava/lang/String;
ms	wsb.g:F
ms	x:Z
ms	y:Lij;
ms	z:Z
msa	VoidHunters.G:I
msa	o:Lllb;
msa	p:Ljava/lang/String;
msa	q:[F
msa	r:Ljava/lang/String;
msa	s:Lrbb;
msb	jra.c:I
mt	o:I
mta	a:[[Ljava/lang/String;
mta	dv.b:Ljava/lang/Object;
mta	fda.p:Ljava/awt/Font;
mta	nda.p:Ljava/awt/Image;
mta	wpa.q:Ljava/lang/Object;
mtb	o:I
mtb	p:I
mtb	q:Ljava/lang/String;
mu	B:Lshb;
mua	c:Z
mua	ccb.a:Lkl;
mua	d:I
mua	e:I
mua	eha.q:I
mua	f:I
mua	java/lang/System.out:Ljava/io/PrintStream;
mua	rjb.u:I
mv	gha.q:Lrrb;
mva	wqb.e:Ljava/util/Hashtable;
mw	b:Lqfa;
mw	c:Lof;
mw	cbb.q:J
mw	d:Ljava/lang/String;
mw	e:I
mw	f:Z
mw	g:Ljjb;
mw	h:Z
mw	jjb.a:Lob;
mw	of.c:J
mw	qfa.B:Z
mw	qfa.Eb:[F
mw	qfa.Mc:I
mw	qfa.bc:Z
mw	qfa.i:F
mw	qfa.nb:F
mw	qfa.nc:F
mwa	o:Ljava/lang/String;
mwa	p:Ljra;
mwa	si.q:[I
n	ima.b:[I
n	ima.c:I
n	ima.e:I
n	ima.f:I
n	ima.g:I
n	ima.h:[B
n	nativeid:J
na	o:Ljava/lang/String;
na	p:[Lka;
na	q:I
na	tu.d:I
nb	VoidHunters.G:I
nb	au.c:I
nb	cgb.a:Z
nb	de.o:F
nb	fe.p:I
nb	fnb.b:I
nb	gt.p:F
nb	hab.g:[Lwfb;
nb	hw.d:[[I
nb	ip.p:Ljava/awt/Dimension;
nb	java/awt/Dimension.width:I
nb	lta.a:F
nb	lta.b:F
nb	lta.c:F
nb	o:Ljava/lang/String;
nb	obb.o:[Ljava/lang/String;
nb	og.r:Lha;
nb	ql.o:F
nb	qmb.q:I
nb	uob.g:[[I
nb	wfb.k:Z
nb	wfb.v:[I
nbb	VoidHunters.G:I
nbb	gha.o:I
nbb	java/lang/System.out:Ljava/io/PrintStream;
nbb	k:Lml;
nbb	ml.b:I
nbb	ml.n:I
nbb	ml.r:I
nbb	o:I
nbb	p:I
nbb	t:I
nbb	u:Z
nbb	v:Z
nbb	vc.p:I
nbb	w:I
nbb	x:Z
nbb	y:Lllb;
nc	VoidHunters.G:I
nc	a:Z
nc	b:Ljava/lang/Object;
nc	hab.i:I
nc	hh.o:I
nc	ls.q:Z
nc	lua.c:I
nc	mt.o:I
nc	ob.j:I
nc	osa.e:Z
nc	sga.p:Z
nc	ug.o:[Ljava/lang/Object;
nca	o:I
ncb	a:[[I
ncb	b:I
ncb	z:Ljava/lang/String;
nd	o:Ljava/lang/String;
nd	p:I
nd	q:Ljava/lang/String;
nd	s:Ldja;
nda	bqa.d:Lllb;
nda	bv.d:Z
nda	dma.g:I
nda	dma.j:I
nda	kl.c:Lphb;
nda	lia.b:I
nda	llb.L:I
nda	nf.a:I
nda	o:Ljava/lang/String;
nda	p:Ljava/awt/Image;
nda	q:I
nda	rga.g:Lllb;
nda	tb.a:Lllb;
nda	tba.p:I
nda	vva.r:Lllb;
nda	wo.o:Z
ndb	a:Luca;
ndb	b:Ljava/lang/String;
ndb	c:I
ndb	ee.o:[I
ne	A:[S
ne	B:I
ne	C:S
ne	D:[Luia;
ne	E:[S
ne	F:[I
ne	G:[S
ne	H:[I
ne	I:[S
ne	J:[F
ne	K:[[I
ne	VoidHunters.G:I
ne	a:[I
ne	apa.p:I
ne	b:[S
ne	bea.f:[F
ne	beb.a:I
ne	bgb.o:J
ne	bqa.b:I
ne	bqa.c:I
ne	bqa.e:I
ne	c:[S
ne	cbb.C:[I
ne	cbb.D:I
ne	cbb.E:[B
ne	cbb.F:[I
ne	cbb.G:[I
ne	cbb.H:[S
ne	cbb.I:[I
ne	cbb.K:[S
ne	cbb.L:[I
ne	cbb.M:[B
ne	cbb.a:[I
ne	cbb.b:[S
ne	cbb.e:[B
ne	cbb.f:[I
ne	cbb.g:[Lbqa;
ne	cbb.i:[S
ne	cbb.j:I
ne	cbb.k:[S
ne	cbb.m:[B
ne	cbb.n:[B
ne	cbb.o:[S
ne	cbb.p:[I
ne	cbb.q:J
ne	cbb.r:[B
ne	cbb.t:[S
ne	cbb.u:[S
ne	cbb.v:[I
ne	cbb.w:[S
ne	cbb.x:[I
ne	cbb.y:[I
ne	cp.n:Leab;
ne	cta.p:Ljava/lang/String;
ne	d:I
ne	dea.a:I
ne	dea.b:I
ne	dea.c:I
ne	dpa.p:Lfaa;
ne	e:S
ne	f:I
ne	faa.e:I
ne	fd.r:I
ne	ff.p:Ljava/lang/String;
ne	fgb.m:[J
ne	foa.o:I
ne	g:[S
ne	h:[S
ne	i:Lod;
ne	iq.a:I
ne	j:S
ne	k:[F
ne	klb.o:[I
ne	kua.b:[I
ne	kua.c:[[F
ne	kua.d:[I
ne	kua.f:[I
ne	l:[S
ne	lmb.b:I
ne	m:Ljava/lang/String;
ne	mmb.a:I
ne	mmb.c:I
ne	mmb.f:I
ne	mmb.h:I
ne	mob.d:Ljava/lang/Object;
ne	mob.f:I
ne	n:[S
ne	nga.e:Ljava/lang/String;
ne	o:I
ne	opa.c:B
ne	opa.d:B
ne	opa.m:Z
ne	opa.n:B
ne	opa.p:B
ne	opa.q:I
ne	opa.r:Z
ne	ov.o:Llpb;
ne	p:Z
ne	pcb.p:I
ne	pqa.o:Lmob;
ne	q:[B
ne	qfa.a:Ld;
ne	qga.b:Lfaa;
ne	r:[Ldga;
ne	rta.o:Lgj;
ne	s:[I
ne	sr.a:Z
ne	sr.b:I
ne	sr.c:Z
ne	sr.d:I
ne	sr.e:I
ne	sr.f:I
ne	sr.g:I
ne	t:S
ne	tc.c:Lgj;
ne	u:I
ne	v:Z
ne	w:I
ne	wd.p:Lgj;
ne	x:I
ne	y:[I
ne	z:[B
neb	o:Lllb;
neb	p:Ljava/lang/String;
neb	q:[Ltsa;
nf	VoidHunters.G:I
nf	a:I
nf	b:Ljava/lang/String;
nf	c:Lllb;
nf	om.c:Lpr;
nf	vu.Fb:Ljava/lang/String;
nf	wj.q:Lswa;
nfa	d:I
nfa	e:[I
nfa	oq.t:I
nfa	tnb.o:I
nfb	a:Lllb;
ng	a:Ljava/lang/String;
nga	VoidHunters.G:I
nga	a:Ljava/lang/String;
nga	b:Lksa;
nga	c:Ljava/lang/String;
nga	d:I
nga	e:Ljava/lang/String;
nga	f:I
nga	g:Lksa;
nga	h:[Lksa;
nga	ksa.a:Lksa;
nga	ksa.b:J
nga	ksa.c:Lksa;
ngb	I:[[B
ngb	dma.a:I
ngb	dma.c:I
ngb	dma.d:I
ngb	dma.f:I
ngb	dma.g:I
ngb	dma.i:[I
nh	nl.n:F
nh	o:Ljava/lang/String;
nha	o:Ldja;
nha	p:Ljava/lang/String;
nha	rfa.p:Z
nhb	o:[I
nia	VoidHunters.G:I
nia	idb.o:Z
nia	oma.j:I
nia	oma.l:Lmib;
nia	uca.m:Loma;
nj	VoidHunters.G:I
nj	a:Lpfa;
nk	VoidHunters.G:I
nk	a:Lof;
nk	b:Lqfa;
nk	ob.h:I
nk	ob.i:I
nk	ob.k:I
nk	of.c:J
nk	qfa.B:Z
nk	qfa.U:Z
nk	qfa.pb:Lrpa;
nkb	cjb.b:Ltpa;
nkb	dn.r:Ldfa;
nkb	gka.o:Ldfa;
nkb	java/lang/System.out:Ljava/io/PrintStream;
nkb	kla.d:Ldfa;
nkb	o:Ljava/lang/String;
nkb	p:[B
nkb	q:I
nkb	wba.p:Lge;
nl	VoidHunters.G:I
nl	ana.d:I
nl	ana.e:Lfga;
nl	ana.g:Lksa;
nl	cg.p:Lij;
nl	e:Ld;
nl	j:Ljava/lang/String;
nl	kt.l:I
nl	n:F
nl	rd.o:Lij;
nla	A:[Lkba;
nla	Ab:Lasb;
nla	Ac:Ljagdx/D3DLIGHT;
nla	Bb:I
nla	Bc:[F
nla	Cb:I
nla	Cc:[I
nla	Dc:Ljagdx/D3DLIGHT;
nla	Eb:[Loj;
nla	Ec:I
nla	F:I
nla	Fb:[F
nla	Fc:Ljagdx/D3DLIGHT;
nla	Gc:I
nla	H:I
nla	Hb:Z
nla	Hc:Ljagdx/D3DCAPS;
nla	Ic:Ljagdx/IDirect3D;
nla	Jc:Z
nla	Kb:I
nla	Kc:Ljagdx/GeometryBuffer;
nla	L:I
nla	Lb:[Lfsb;
nla	Lc:[Z
nla	M:Z
nla	Mb:Lrga;
nla	Mc:Ljagdx/IDirect3DDevice;
nla	Nc:Z
nla	O:Loj;
nla	Oc:I
nla	Pc:[I
nla	Qb:I
nla	Qc:Z
nla	Rb:F
nla	Rc:[Z
nla	Sb:F
nla	Sc:Ljaclib/peer/tqb;
nla	Tc:Ljagdx/IDirect3DVertexShader;
nla	U:[Laba;
nla	Uc:Lgma;
nla	Vc:[Z
nla	Wb:I
nla	Wc:[Ltu;
nla	X:Z
nla	Xb:Z
nla	Xc:[I
nla	Y:I
nla	Yc:Ljagdx/D3DPRESENT_PARAMETERS;
nla	Zc:Z
nla	ab:I
nla	ac:Z
nla	asa.a:Laba;
nla	bb:I
nla	bk.v:Ljra;
nla	cb:[F
nla	cc:Z
nla	cs.a:Ltu;
nla	db:I
nla	df.o:Laba;
nla	di.i:Ljra;
nla	dxVertexLayout.b:Ljagdx/IDirect3DVertexDeclaration;
nla	eb:Z
nla	ec:Z
nla	ep.o:Lkb;
nla	era.o:Ljra;
nla	et.c:Laba;
nla	fc:Lclb;
nla	feb.a:Laba;
nla	fsa.o:Lkba;
nla	fu.o:Ljra;
nla	g:Z
nla	gb:Loj;
nla	gcb.q:Lkba;
nla	gka.p:Lkb;
nla	h:I
nla	i:I
nla	ida.x:Lkba;
nla	j:I
nla	jagdx/D3DCAPS.DestBlendCaps:I
nla	jagdx/D3DCAPS.DevCaps:I
nla	jagdx/D3DCAPS.MaxActiveLights:I
nla	jagdx/D3DCAPS.MaxSimultaneousTextures:I
nla	jagdx/D3DCAPS.MaxStreams:I
nla	jagdx/D3DCAPS.RasterCaps:I
nla	jagdx/D3DCAPS.SrcBlendCaps:I
nla	jagdx/D3DCAPS.TextureCaps:I
nla	jagdx/D3DCAPS.TextureOpCaps:I
nla	jagdx/D3DDISPLAYMODE.Format:I
nla	jagdx/D3DPRESENT_PARAMETERS.AutoDepthStencilFormat:I
nla	jagdx/D3DPRESENT_PARAMETERS.BackBufferFormat:I
nla	jagdx/D3DPRESENT_PARAMETERS.BackBufferHeight:I
nla	jagdx/D3DPRESENT_PARAMETERS.BackBufferWidth:I
nla	jagdx/D3DPRESENT_PARAMETERS.EnableAutoDepthStencil:Z
nla	jagdx/D3DPRESENT_PARAMETERS.MultiSampleQuality:I
nla	jagdx/D3DPRESENT_PARAMETERS.MultiSampleType:I
nla	jagdx/D3DPRESENT_PARAMETERS.PresentationInterval:I
nla	jagdx/D3DPRESENT_PARAMETERS.Windowed:Z
nla	jb:I
nla	jd.o:Ltu;
nla	je.c:Laba;
nla	lc:I
nla	mga.f:Ljagdx/IDirect3DVertexBuffer;
nla	mj.e:Lmj;
nla	mj.f:Lmj;
nla	mwa.p:Ljra;
nla	nc:Z
nla	nw.p:Lkb;
nla	oc:F
nla	oj.b:Lclb;
nla	ora.b:Z
nla	ora.e:Ltu;
nla	p:F
nla	pb:Lmma;
nla	pea.d:Lslb;
nla	pja.l:Lslb;
nla	qb:I
nla	qc:Ljava/lang/Object;
nla	qcb.q:Lslb;
nla	qf.o:Lkb;
nla	ql.p:Lkba;
nla	qua.d:Lkb;
nla	r:F
nla	rc:I
nla	rpa.c:Luja;
nla	sb.f:Z
nla	sb.g:Z
nla	sc:Z
nla	tc:F
nla	tea.d:Luja;
nla	tma.p:Luja;
nla	tma.q:Lslb;
nla	to.o:Lclb;
nla	tu.b:Ljra;
nla	u:F
nla	ub.e:Lclb;
nla	ub:Z
nla	uc:Z
nla	vb:Z
nla	vf.a:Lkba;
nla	wc:[F
nla	wda.o:Lkba;
nla	wh.o:Lkb;
nla	x:F
nla	xc:I
nla	yc:[Z
nla	z:[Laba;
nla	zb:Z
nla	zc:Ljagdx/PixelBuffer;
nlb	o:Lllb;
nlb	p:I
nma	a:I
nma	b:[Lda;
nmb	VoidHunters.G:I
nmb	ana.e:Lfga;
nmb	c:I
nmb	d:J
nmb	e:J
nmb	f:[J
nmb	g:J
nmb	gha.q:Lrrb;
nmb	h:I
nmb	kpb.q:Lqkb;
nmb	lqa.o:Lmm;
nmb	mm.Nb:J
nmb	wqa.a:J
nn	VoidHunters.G:I
nn	a:I
nn	b:I
nn	kdb.o:I
nn	rba.b:[[I
nna	A:I
nna	B:Los;
nna	C:Ldjb;
nna	D:Ljava/lang/String;
nna	E:[I
nna	F:Ljava/lang/String;
nna	H:Lno;
nna	VoidHunters.G:I
nna	f:I
nna	g:I
nna	h:I
nna	htb.q:Lwwa;
nna	no.k:I
nna	r:I
nna	v:Lllb;
nna	x:Ljava/lang/String;
nna	y:[Lhtb;
nna	z:Lae;
nnb	d:Ljava/lang/String;
nnb	e:I
nnb	f:Ljava/lang/String;
nnb	oq.o:I
nnb	wpa.p:I
no	A:I
no	B:I
no	C:[I
no	D:I
no	E:I
no	F:[I
no	G:I
no	H:I
no	ija.a:I
no	ija.g:I
no	k:I
no	l:[Lija;
no	m:[I
no	n:I
no	o:I
no	p:[Ljava/lang/String;
no	q:I
no	r:I
no	s:Ljava/lang/StringBuilder;
no	t:[I
no	u:[B
no	v:[I
no	w:I
no	x:I
no	y:[I
no	z:I
noa	p:Ldka;
nob	gnb.a:I
nob	o:Lphb;
nob	p:I
np	o:I
npa	VoidHunters.G:I
npa	a:[I
npa	b:[[B
npa	c:D
npa	dh.q:Ljava/lang/String;
npa	dma.c:I
npa	dma.f:I
npa	dma.g:I
npa	dma.i:[I
npa	dpa.p:Lfaa;
npa	ei.e:Ljava/lang/String;
npa	faa.e:I
npa	iwa.b:I
npa	mr.M:Lij;
npa	tjb.Cb:Ljava/lang/String;
npa	vob.p:I
npa	vu.yb:I
npb	VoidHunters.G:I
npb	a:I
npb	b:Z
npb	c:Z
npb	d:I
npb	e:I
npb	f:I
npb	fa.d:[Lgd;
npb	g:Z
npb	oq.l:I
npb	rsb.g:Lpe;
nq	VoidHunters.G:I
nq	vsa.r:Lgdb;
nqa	VoidHunters.G:I
nqa	a:Z
nqa	b:[[Z
nqa	c:Z
nqa	ls.q:Z
nr	dma.g:I
nr	dma.i:[I
nr	dma.j:I
nr	ip.p:Ljava/awt/Dimension;
nr	java/awt/Dimension.height:I
nr	java/awt/Dimension.width:I
nr	o:Ljava/lang/String;
nr	og.r:Lha;
nra	VoidHunters.G:I
nra	a:Ljava/lang/String;
nra	abb.b:Ljava/lang/String;
nra	acb.q:Ljava/lang/String;
nra	ad.o:Ljava/lang/String;
nra	aj.p:Ljava/lang/String;
nra	ap.q:Ljava/lang/String;
nra	aqa.a:[Ljava/lang/String;
nra	ara.g:Ljava/lang/String;
nra	asa.d:Ljava/lang/String;
nra	ata.G:Ljava/lang/String;
nra	b:I
nra	bab.a:Ljava/lang/String;
nra	bab.b:Ljava/lang/String;
nra	bb.o:Ljava/lang/String;
nra	bba.f:Ljava/lang/String;
nra	bc.a:Ljava/lang/String;
nra	bi.g:Ljava/lang/String;
nra	bja.o:Ljava/lang/String;
nra	bl.y:Ljava/lang/String;
nra	boa.b:Ljava/lang/String;
nra	bob.l:Ljava/lang/String;
nra	bqb.p:Ljava/lang/String;
nra	bsa.p:Ljava/lang/String;
nra	bta.o:Ljava/lang/String;
nra	bw.a:Ljava/lang/String;
nra	cd.a:Ljava/lang/String;
nra	cha.r:Ljava/lang/String;
nra	cqa.o:Ljava/lang/String;
nra	cs.b:Ljava/lang/String;
nra	db.r:Ljava/lang/String;
nra	dfa.c:Ljava/lang/String;
nra	di.m:Ljava/lang/String;
nra	dob.q:Ljava/lang/String;
nra	dqb.c:Ljava/lang/String;
nra	dsb.o:Ljava/lang/String;
nra	dtb.a:Ljava/lang/String;
nra	dwa.o:Ljava/lang/String;
nra	eca.d:Ljava/lang/String;
nra	eh.o:Ljava/lang/String;
nra	ej.b:Ljava/lang/String;
nra	eja.p:Ljava/lang/String;
nra	ena.r:Ljava/lang/String;
nra	enb.a:Ljava/lang/String;
nra	eq.o:Ljava/lang/String;
nra	era.q:Ljava/lang/String;
nra	era.s:Ljava/lang/String;
nra	etb.a:Ljava/lang/String;
nra	etb.b:Ljava/lang/String;
nra	ev.c:Ljava/lang/String;
nra	fb.p:Ljava/lang/String;
nra	fdb.S:Ljava/lang/String;
nra	ffb.a:Ljava/lang/String;
nra	ffb.b:Ljava/lang/String;
nra	fh.h:Ljava/lang/String;
nra	fia.a:Ljava/lang/String;
nra	fib.h:Ljava/lang/String;
nra	fj.c:Ljava/lang/String;
nra	fkb.z:Ljava/lang/String;
nra	fla.o:Ljava/lang/String;
nra	fma.b:Ljava/lang/String;
nra	fmb.q:Ljava/lang/String;
nra	fob.b:Ljava/lang/String;
nra	fpa.d:Ljava/lang/String;
nra	fpb.c:Ljava/lang/String;
nra	fq.p:Ljava/lang/String;
nra	fv.p:Ljava/lang/String;
nra	gba.o:Ljava/lang/String;
nra	gca.o:Ljava/lang/String;
nra	gcb.r:Ljava/lang/String;
nra	gcb.s:Ljava/lang/String;
nra	gia.j:Ljava/lang/String;
nra	gl.c:Ljava/lang/String;
nra	gm.I:Ljava/lang/String;
nra	gmb.b:Ljava/lang/String;
nra	grb.i:Ljava/lang/String;
nra	hab.e:Ljava/lang/String;
nra	hj.p:Ljava/lang/String;
nra	hla.b:Ljava/lang/String;
nra	hlb.o:Ljava/lang/String;
nra	hob.e:Ljava/lang/String;
nra	hq.i:Ljava/lang/String;
nra	hqa.o:Ljava/lang/String;
nra	hr.o:[Ljava/lang/String;
nra	hv.p:Ljava/lang/String;
nra	ic.o:Ljava/lang/String;
nra	ifa.e:Ljava/lang/String;
nra	ifa.g:[Ljava/lang/String;
nra	ifa.h:Ljava/lang/String;
nra	igb.b:Ljava/lang/String;
nra	ih.f:[Ljava/lang/String;
nra	ii.a:Ljava/lang/String;
nra	ii.g:Ljava/lang/String;
nra	imb.b:Ljava/lang/String;
nra	inb.o:Ljava/lang/String;
nra	iob.e:Ljava/lang/String;
nra	ip.o:Ljava/lang/String;
nra	ita.D:Ljava/lang/String;
nra	iwa.a:Ljava/lang/String;
nra	jb.b:Ljava/lang/String;
nra	jda.p:Ljava/lang/String;
nra	jea.q:Ljava/lang/String;
nra	jgb.o:Ljava/lang/String;
nra	jjb.f:Ljava/lang/String;
nra	jl.o:Ljava/lang/String;
nra	jo.g:Ljava/lang/String;
nra	job.q:Ljava/lang/String;
nra	jsb.e:[Ljava/lang/String;
nra	jw.a:Ljava/lang/String;
nra	jw.d:Ljava/lang/String;
nra	k.o:Ljava/lang/String;
nra	kaa.o:[Ljava/lang/String;
nra	kab.p:Ljava/lang/String;
nra	kc.a:Ljava/lang/String;
nra	kha.d:Ljava/lang/String;
nra	kj.q:Ljava/lang/String;
nra	kja.G:Ljava/lang/String;
nra	kk.p:Ljava/lang/String;
nra	kl.a:Ljava/lang/String;
nra	kl.e:Ljava/lang/String;
nra	kla.b:Ljava/lang/String;
nra	kma.c:Ljava/lang/String;
nra	kmb.b:Ljava/lang/String;
nra	kmb.e:Ljava/lang/String;
nra	kr.a:[Ljava/lang/String;
nra	ktb.o:Ljava/lang/String;
nra	lb.o:Ljava/lang/String;
nra	lbb.c:Ljava/lang/String;
nra	lh.b:Ljava/lang/String;
nra	lib.p:Ljava/lang/String;
nra	lja.c:Ljava/lang/String;
nra	llb.V:Ljava/lang/String;
nra	llb.kb:Ljava/lang/String;
nra	lm.a:Ljava/lang/String;
nra	ltb.o:Ljava/lang/String;
nra	mbb.a:Ljava/lang/String;
nra	mla.o:Ljava/lang/String;
nra	mo.j:Ljava/lang/String;
nra	mqa.p:Ljava/lang/String;
nra	nd.q:Ljava/lang/String;
nra	ne.m:Ljava/lang/String;
nra	ng.a:Ljava/lang/String;
nra	nna.D:Ljava/lang/String;
nra	nnb.f:Ljava/lang/String;
nra	nu.o:Ljava/lang/String;
nra	nva.I:Ljava/lang/String;
nra	ob.m:Ljava/lang/String;
nra	obb.o:[Ljava/lang/String;
nra	ocb.m:[Ljava/lang/String;
nra	oe.a:Ljava/lang/String;
nra	oh.o:Ljava/lang/String;
nra	oib.b:Ljava/lang/String;
nra	ola.q:Ljava/lang/String;
nra	oma.b:Ljava/lang/String;
nra	omb.o:Ljava/lang/String;
nra	paa.o:Ljava/lang/String;
nra	pb.n:Ljava/lang/String;
nra	pca.l:Ljava/lang/String;
nra	pe.d:Ljava/lang/String;
nra	pfa.a:Ljava/lang/String;
nra	pgb.p:Ljava/lang/String;
nra	pjb.Db:Ljava/lang/String;
nra	pl.e:Ljava/lang/String;
nra	plb.o:Ljava/lang/String;
nra	pma.p:Ljava/lang/String;
nra	pn.a:Ljava/lang/String;
nra	ppa.o:Ljava/lang/String;
nra	ppa.q:Ljava/lang/String;
nra	ppb.d:Ljava/lang/String;
nra	ptb.f:Ljava/lang/String;
nra	pwa.a:Ljava/lang/String;
nra	qa.p:Ljava/lang/String;
nra	qeb.c:Ljava/lang/String;
nra	qh.L:Ljava/lang/String;
nra	qhb.p:Ljava/lang/String;
nra	qja.o:Ljava/lang/String;
nra	qmb.o:Ljava/lang/String;
nra	qn.d:Ljava/lang/String;
nra	qpa.a:Ljava/lang/String;
nra	qt.o:Ljava/lang/String;
nra	qwa.o:Ljava/lang/String;
nra	ra.q:Ljava/lang/String;
nra	raa.o:Ljava/lang/String;
nra	rf.o:Ljava/lang/String;
nra	rf.p:Ljava/lang/String;
nra	rg.c:Ljava/lang/String;
nra	ri.b:Ljava/lang/String;
nra	ro.b:Ljava/lang/String;
nra	sdb.o:Ljava/lang/String;
nra	seb.p:Ljava/lang/String;
nra	skb.p:Ljava/lang/String;
nra	ssa.b:Ljava/lang/String;
nra	stb.o:Ljava/lang/String;
nra	tg.s:Ljava/lang/String;
nra	tgb.d:Ljava/lang/String;
nra	thb.o:Ljava/lang/String;
nra	ti.i:Ljava/lang/String;
nra	ti.k:Ljava/lang/String;
nra	tl.q:Ljava/lang/String;
nra	tla.k:Ljava/lang/String;
nra	tob.l:Ljava/lang/String;
nra	tq.o:[Ljava/lang/String;
nra	tua.b:Ljava/lang/String;
nra	u.o:Ljava/lang/String;
nra	ubb.k:Ljava/lang/String;
nra	ufb.c:Ljava/lang/String;
nra	uh.r:Ljava/lang/String;
nra	uhb.o:Ljava/lang/String;
nra	ujb.d:Ljava/lang/String;
nra	ukb.p:Ljava/lang/String;
nra	urb.p:Ljava/lang/String;
nra	uu.c:Ljava/lang/String;
nra	uua.p:Ljava/lang/String;
nra	veb.c:Ljava/lang/String;
nra	vj.o:Ljava/lang/String;
nra	vjb.a:Z
nra	vla.C:Ljava/lang/String;
nra	vn.i:Ljava/lang/String;
nra	vob.q:Ljava/lang/String;
nra	vqa.f:Ljava/lang/String;
nra	wca.c:Ljava/lang/String;
nra	wda.r:Ljava/lang/String;
nra	wgb.h:Ljava/lang/String;
nra	wnb.p:Ljava/lang/String;
nra	woa.e:Ljava/lang/String;
nra	wra.o:Ljava/lang/String;
nra	wrb.o:Ljava/lang/String;
nra	ws.o:Ljava/lang/String;
nra	wsb.c:Ljava/lang/String;
nrb	a:Ljava/lang/String;
nrb	b:[Lpgb;
ns	a:Ljava/lang/String;
nsa	VoidHunters.G:I
nsa	o:I
nsa	p:Lha;
nsb	a:I
nt	VoidHunters.G:I
nt	hab.i:I
nt	lua.c:I
nt	mt.o:I
nt	o:I
nt	ob.j:I
nt	p:Ljava/lang/String;
nt	q:Lllb;
nu	o:Ljava/lang/String;
nu	ola.p:Lqka;
nu	p:I
nu	q:I
nua	li.i:Z
nua	nma.b:[Lda;
nua	o:I
nua	p:I
nv	VoidHunters.G:I
nv	aqa.a:[Ljava/lang/String;
nv	csa.a:Ljava/lang/String;
nv	cta.r:Ljava/lang/String;
nv	dnb.d:I
nv	dnb.e:[B
nv	dpa.p:Lfaa;
nv	faa.e:I
nv	fcb.g:Ljava/lang/String;
nv	fdb.T:Ljava/lang/String;
nv	ipa.q:Ljava/lang/String;
nv	jlb.t:Ljava/lang/String;
nv	job.p:[I
nv	k:I
nv	l:I
nv	m:I
nv	n:Z
nv	o:I
nv	p:Ljava/lang/String;
nv	pbb.a:Ljava/lang/String;
nv	q:I
nv	r:Ljava/lang/String;
nv	rba.b:[[I
nv	s:I
nv	t:Lqfa;
nv	u:I
nv	unb.p:I
nv	v:I
nv	vm.q:Ljava/lang/String;
nv	w:I
nva	A:Lhtb;
nva	B:I
nva	D:Ljava/lang/String;
nva	E:Ljava/lang/String;
nva	G:Lsha;
nva	H:Z
nva	I:Ljava/lang/String;
nva	VoidHunters.G:I
nva	bk.f:I
nva	bk.t:Lshb;
nva	e:Z
nva	eqa.o:I
nva	f:I
nva	fda.o:I
nva	g:I
nva	h:I
nva	htb.l:Lsba;
nva	htb.q:Lwwa;
nva	l:Lsba;
nva	loa.o:Lno;
nva	mb.j:I
nva	r:I
nva	sha.B:Lvcb;
nva	sha.e:Z
nva	sha.y:Lbk;
nva	shb.r:I
nva	tia.D:I
nva	tia.H:I
nva	tia.I:I
nva	tia.L:[Ljava/lang/Object;
nva	tia.f:I
nva	tia.l:Lsba;
nva	v:Lno;
nva	vcb.L:I
nva	w:Ltia;
nva	x:Lhtb;
nva	y:I
nva	z:Z
nw	o:I
nw	p:Lkb;
nw	qhb.o:I
nwa	VoidHunters.G:I
nwa	a:I
nwa	b:[Lrha;
nwa	bob.e:Ldja;
nwa	c:Leab;
nwa	cla.a:I
nwa	hb.a:I
nwa	java/lang/System.out:Ljava/io/PrintStream;
nwa	oq.c:I
nwa	rha.a:I
nwa	usa.o:Lvoa;
oa	a.a:Ljava/lang/Runnable;
oa	a:Ld;
oa	c:Lij;
oa	d:I
oa	e:Lp;
oa	f:I
oa	g:[La;
oa	h:Z
oa	i:Lgnb;
oa	ima.a:[B
oa	ima.b:[I
oa	ima.c:I
oa	ima.d:I
oa	ima.e:I
oa	ima.f:I
oa	ima.g:I
oa	ima.h:[B
oa	ima.i:I
oa	j.nativeid:J
oa	j:Lpw;
oa	ja.nativeid:J
oa	java/lang/Boolean.TRUE:Ljava/lang/Boolean;
oa	java/lang/Boolean.TYPE:Ljava/lang/Class;
oa	k:Lya;
oa	l:I
oa	m:Z
oa	nativeid:J
oa	opa.a:Z
oa	opa.b:B
oa	opa.c:B
oa	opa.d:B
oa	opa.e:Z
oa	opa.f:I
oa	opa.g:B
oa	opa.h:Z
oa	opa.i:Z
oa	opa.j:B
oa	opa.k:Z
oa	opa.l:S
oa	opa.m:Z
oa	opa.n:B
oa	opa.o:I
oa	opa.p:B
oa	opa.q:I
oa	opa.r:Z
oa	opa.s:Z
oa	p.e:I
oa	p.f:Ljava/awt/Canvas;
oa	p.g:I
oa	wa.a:Lj;
oa	wa.b:Lxa;
oa	xa.nativeid:J
oaa	c:Lqfa;
oaa	f:I
oaa	h:Llla;
oaa	i:I
oaa	j:Lphb;
oaa	k:Lij;
oaa	npa.c:D
oaa	ola.p:Lqka;
oab	VoidHunters.G:I
oab	o:I
ob	b:I
ob	d:I
ob	g:Lqfa;
ob	h:I
ob	i:I
ob	j:I
ob	k:I
ob	l:[Ljava/lang/String;
ob	m:Ljava/lang/String;
ob	n:I
ob	o:I
ob	ufb.b:Ljava/awt/Frame;
oba	o:Ljava/lang/String;
oba	p:Ljava/lang/String;
obb	VoidHunters.G:I
obb	o:[Ljava/lang/String;
oc	VoidHunters.G:I
oc	lia.b:I
oc	nf.a:I
oc	tba.p:I
oc	via.b:I
oca	a:Ldpb;
oca	rsb.g:Lpe;
ocb	cca.o:Lqrb;
ocb	cqa.q:Ljava/lang/String;
ocb	dma.a:I
ocb	dma.c:I
ocb	dma.d:I
ocb	dma.f:I
ocb	ema.r:Ljava/lang/String;
ocb	emb.p:I
ocb	f:Luf;
ocb	g:Ljava/lang/String;
ocb	gnb.f:Ljava/lang/String;
ocb	h:[I
ocb	i:Ljava/lang/String;
ocb	ipa.o:Ljava/lang/String;
ocb	j:Ljava/lang/String;
ocb	jta.q:Ljava/lang/String;
ocb	k:Luf;
ocb	lea.o:Lqrb;
ocb	llb.A:[Lphb;
ocb	llb.Y:I
ocb	llb.eb:Lno;
ocb	llb.gb:[Lphb;
ocb	llb.mb:[Lphb;
ocb	llb.nb:[Lphb;
ocb	llb.ub:[Lphb;
ocb	lna.p:Ljava/lang/String;
ocb	m:[Ljava/lang/String;
ocb	oqa.o:I
ocb	qab.a:Ljava/lang/String;
ocb	uf.j:Ljava/lang/String;
ocb	wga.a:Llwa;
od	a:I
od	mj.a:Lmj;
od	mj.b:Lmj;
od	mj.c:Lmj;
od	mj.d:Lmj;
od	mj.e:Lmj;
od	mj.f:Lmj;
od	mj.g:Lmj;
od	mj.i:Lmj;
oda	VoidHunters.G:I
oda	g:I
oda	q:Lwwa;
oda	r:I
oda	si.o:[Z
oda	t:Ljava/lang/String;
oda	u:[Lshb;
odb	a:I
odb	b:Lllb;
odb	c:I
odb	d:I
odb	java/lang/System.out:Ljava/io/PrintStream;
oe	a:Ljava/lang/String;
oea	p:Ljava/lang/String;
oea	q:D
oeb	o:I
of	a:Lgj;
of	b:Lqfa;
of	c:J
ofb	VoidHunters.G:I
ofb	br.f:Llkb;
ofb	o:Z
ofb	qw.j:Llkb;
og	btb.a:Z
og	o:Ljava/lang/String;
og	p:Ljava/lang/String;
og	q:I
og	r:Lha;
og	s:Ljava/lang/String;
oga	VoidHunters.G:I
oga	btb.d:[Lgdb;
oga	cba.e:Lgdb;
oga	cka.o:Lhqb;
oga	ff.o:Lona;
oga	nj.a:Lpfa;
oga	o:I
ogb	VoidHunters.G:I
ogb	br.d:[I
ogb	ca.p:Lij;
ogb	ehb.g:I
ogb	faa.e:I
ogb	fk.e:I
ogb	gva.a:Ldja;
ogb	ik.f:I
ogb	ik.g:I
ogb	iva.o:I
ogb	kha.v:I
ogb	mhb.o:Lij;
ogb	nia.o:Z
ogb	o:I
ogb	pka.o:I
ogb	pr.d:I
ogb	pra.o:I
ogb	qga.b:Lfaa;
ogb	qha.o:I
ogb	si.p:I
ogb	si.r:I
ogb	si.s:I
ogb	uqa.q:Ldja;
ogb	vi.o:I
ogb	vja.a:I
ogb	wc.a:Ldja;
oh	o:Ljava/lang/String;
oh	p:I
oha	nl.n:F
oha	o:Lpr;
oha	p:Ljava/lang/String;
ohb	VoidHunters.G:I
ohb	gtb.d:Lij;
ohb	nl.k:I
ohb	nl.l:I
ohb	o:Lmm;
oi	A:I
oi	B:I
oi	C:I
oi	D:I
oi	E:I
oi	a:I
oi	b:I
oi	c:I
oi	d:I
oi	e:I
oi	f:I
oi	g:I
oi	h:I
oi	i:I
oi	j:I
oi	k:I
oi	l:I
oi	m:I
oi	n:I
oi	o:I
oi	p:I
oi	q:I
oi	r:I
oi	s:I
oi	sob.A:I
oi	sob.H:I
oi	sob.i:I
oi	sob.n:I
oi	sob.p:I
oi	t:[I
oi	u:I
oi	v:I
oi	w:Lsob;
oi	x:I
oi	y:I
oi	z:I
oib	a:Lllb;
oib	b:Ljava/lang/String;
oib	c:I
oib	z:Ljava/lang/String;
oj	VoidHunters.G:I
oj	b:Lclb;
oj	bwa.yb:J
oj	c:F
oj	crb.v:Lbwa;
oj	d:F
oj	e:F
oj	f:F
oj	g:F
oj	h:F
oj	i:F
oj	j:F
oj	k:F
oj	l:F
oj	m:F
oj	mla.p:[F
oj	mla.s:[F
oj	n:F
oja	o:Ljava/lang/String;
oja	ofb.o:Z
oja	p:Lno;
ojb	a:I
ojb	z:Ljava/lang/String;
ok	VoidHunters.G:I
ok	a:Ljava/lang/String;
ok	aqb.e:Lllb;
ok	b:[Lsw;
ok	ceb.o:[Lllb;
ok	cna.G:I
ok	cna.hb:I
ok	dma.g:I
ok	dma.j:I
ok	fh.f:Lllb;
ok	gp.p:I
ok	gt.o:Lllb;
ok	hi.a:I
ok	hra.o:Lbs;
ok	ieb.o:[I
ok	inb.q:[[Lcna;
ok	jfb.o:Lllb;
ok	jn.a:Lllb;
ok	jra.d:[Z
ok	ll.o:Z
ok	llb.G:I
ok	llb.gb:[Lphb;
ok	llb.hb:I
ok	neb.o:Lllb;
ok	nf.a:I
ok	nkb.r:I
ok	nna.w:I
ok	nt.q:Lllb;
ok	ocb.l:I
ok	rba.a:I
ok	rga.f:Lsoa;
ok	rga.g:Lllb;
ok	rlb.a:Lllb;
ok	rob.q:Lllb;
ok	rsa.o:Lllb;
ok	sfa.d:Lllb;
ok	tba.p:I
ok	ukb.o:Lllb;
ok	vqb.o:Lllb;
ok	vva.r:Lllb;
ok	wjb.p:I
oka	a:[I
okb	a:Lnla;
okb	b:Lmj;
okb	c:Z
okb	d:Ljagdx/IDirect3DIndexBuffer;
okb	e:Z
okb	f:I
okb	g:I
okb	mj.e:Lmj;
okb	mj.h:I
okb	nla.Kc:Ljagdx/GeometryBuffer;
okb	nla.Mc:Ljagdx/IDirect3DDevice;
ola	VoidHunters.G:I
ola	fbb.i:I
ola	hla.a:[I
ola	iib.e:[I
ola	mma.a:I
ola	n:[B
ola	nhb.o:[I
ola	o:[I
ola	p:Lqka;
ola	q:Ljava/lang/String;
ola	rlb.d:[I
ola	sg.H:I
ola	sh.a:[[B
ola	so.f:[I
olb	VoidHunters.G:I
olb	aeb.a:Z
olb	bg.o:Z
olb	bv.a:[I
olb	d:Lrt;
olb	enb.b:Z
olb	fhb.p:Z
olb	hob.d:I
olb	i:[I
olb	j:I
olb	k:I
olb	l:I
olb	lo.a:[Lwf;
olb	lrb.f:Z
olb	m:I
olb	ndb.a:Luca;
olb	oab.o:I
olb	pob.b:I
olb	qa.o:Lij;
olb	rt.g:Z
olb	ska.m:[I
olb	vqa.g:Luca;
olb	wgb.f:I
om	VoidHunters.G:I
om	c:Lpr;
om	d:I
om	e:I
om	java/lang/System.out:Ljava/io/PrintStream;
om	rba.d:I
om	so.b:I
oma	VoidHunters.G:I
oma	a:I
oma	b:Ljava/lang/String;
oma	bea.d:I
oma	bha.a:Z
oma	c:Ljava/lang/String;
oma	d:I
oma	faa.e:I
oma	faa.h:[B
oma	foa.p:I
oma	g:I
oma	h:[Ljava/lang/String;
oma	i:F
oma	j:I
oma	java/lang/System.out:Ljava/io/PrintStream;
oma	kdb.o:I
oma	l:Lmib;
oma	pr.c:Loma;
oma	rsb.c:[Lbha;
oma	rsb.e:Llbb;
oma	rsb.g:Lpe;
oma	tfa.a:Z
oma	tha.o:Ltjb;
oma	unb.o:Z
omb	o:Ljava/lang/String;
omb	p:Lhrb;
omb	q:I
on	b:I
on	c:[I
on	d:I
on	g:Ljava/awt/Image;
on	i:Ljava/awt/Component;
ona	VoidHunters.G:I
ona	a:Lvga;
ona	c:Lvga;
ona	d:Lvga;
ona	e:Lds;
ona	f:Lvga;
ona	g:I
ona	i:Lds;
ona	j:B
ona	k:I
ona	km.i:J
ona	km.l:Z
ona	km.q:B
ona	l:Ljava/lang/String;
onb	a:I
ooa	Ab:I
ooa	G:I
ooa	K:I
ooa	L:I
ooa	VoidHunters.G:I
ooa	hb:I
ooa	llb.G:I
ooa	llb.J:Z
ooa	llb.K:I
ooa	llb.L:I
ooa	llb.R:Ljava/lang/String;
ooa	llb.hb:I
ooa	llb.o:I
ooa	vb:[Lllb;
ooa	wb:Lllb;
ooa	xb:I
ooa	yb:[Lllb;
ooa	zb:Ljava/lang/String;
op	o:I
op	oq.l:I
op	p:I
opb	VoidHunters.G:I
opb	fua.o:Z
opb	li.i:Z
opb	o:I
opb	og.r:Lha;
opb	p:Ljava/lang/String;
oq	A:I
oq	C:I
oq	D:I
oq	E:I
oq	F:I
oq	G:I
oq	H:I
oq	I:I
oq	VoidHunters.G:I
oq	a:I
oq	b:I
oq	c:I
oq	d:I
oq	e:I
oq	efb.b:Lvfa;
oq	f:I
oq	g:I
oq	h:I
oq	i:I
oq	j:I
oq	java/lang/System.out:Ljava/io/PrintStream;
oq	k:I
oq	l:I
oq	lta.a:F
oq	m:I
oq	n:I
oq	o:I
oq	omb.q:I
oq	p:I
oq	q:I
oq	r:I
oq	s:I
oq	t:I
oq	th.o:I
oq	tk.o:I
oq	u:I
oq	v:I
oq	w:I
oq	x:I
oq	y:I
oq	z:I
oqa	o:I
oqa	p:I
oqa	q:[Lphb;
oqb	VoidHunters.G:I
oqb	f:Lgab;
oqb	gab.e:Z
oqb	grb.l:[I
oqb	hob.d:I
oqb	i:I
oqb	j:I
oqb	jmb.q:[I
oqb	k:Ljava/lang/String;
oqb	l:I
oqb	m:I
oqb	n:Ljava/lang/String;
oqb	o:I
oqb	p:I
oqb	q:I
oqb	sj.p:[I
or	ow.b:I
or	z:Ljava/lang/String;
ora	a:Lmj;
ora	b:Z
ora	c:Lkb;
ora	cs.a:Ltu;
ora	d:Lnla;
ora	e:Ltu;
orb	o:Ljava/lang/String;
os	R:Lttb;
os	S:Z
os	T:Lno;
os	U:Z
os	V:Z
os	VoidHunters.G:I
os	W:Z
os	eia.p:Ljava/lang/String;
os	fma.c:Ljava/lang/String;
os	keb.o:Ljava/lang/String;
os	kj.p:Ljava/lang/String;
os	lia.c:Ljava/lang/String;
os	mab.h:Ljava/lang/String;
os	nna.D:Ljava/lang/String;
os	ttb.x:Z
os	vaa.o:Ljava/lang/String;
os	vab.a:Ljava/lang/String;
os	vda.q:Ljava/lang/String;
os	z:Z
osa	d:I
osa	e:Z
osa	f:I
osa	z:Ljava/lang/String;
osb	a:Ljava/lang/String;
osb	b:I
ot	a:Ljava/lang/String;
ot	c:Ljava/lang/String;
ota	a:[F
ota	b:[I
ota	c:[I
ota	d:I
ota	e:[I
ota	f:[I
ota	fca.s:[Lcr;
ota	g:[I
ota	h:[I
ota	i:[I
ota	j:[Z
ota	k:[[I
ota	l:[I
otb	o:Ljava/lang/String;
otb	p:Ljava/lang/String;
otb	q:I
ou	o:Ljava/lang/String;
ou	p:Ljava/lang/String;
ou	r:I
oua	a:Z
oua	b:Ldja;
oua	z:Ljava/lang/String;
ov	o:Llpb;
ova	a:I
ova	b:I
ova	c:[B
ova	d:I
ova	e:I
ova	f:I
ova	faa.e:I
ova	faa.h:[B
ova	java/lang/System.out:Ljava/io/PrintStream;
ow	a:I
ow	b:I
owa	VoidHunters.G:I
owa	f:Lgab;
owa	gab.e:Z
owa	hob.d:I
owa	i:[S
owa	j:Ljava/lang/String;
owa	jmb.q:[I
owa	k:[I
owa	l:[I
owa	m:I
owa	n:[[I
p	d:Z
p	e:I
p	f:Ljava/awt/Canvas;
p	g:I
p	h:J
p	java/awt/Dimension.height:I
p	java/awt/Dimension.width:I
p	nativeid:J
pa	a:Lllb;
pa	c:Ljava/lang/String;
pa	dpa.p:Lfaa;
pa	java/lang/System.out:Ljava/io/PrintStream;
paa	VoidHunters.G:I
paa	li.i:Z
paa	ne.v:Z
paa	nua.p:I
paa	o:Ljava/lang/String;
paa	og.r:Lha;
paa	p:Ljava/lang/String;
paa	q:I
pab	fua.p:I
pab	k:[Lkka;
pab	l:[B
pab	lva.p:I
pab	m:I
pab	rda.p:I
pab	rda.q:Z
pab	uqa.p:I
pb	VoidHunters.G:I
pb	a:Lmj;
pb	b:Lpb;
pb	c:I
pb	d:Lpb;
pb	e:Lpb;
pb	f:[B
pb	g:Lpb;
pb	h:Lpb;
pb	i:I
pb	j:I
pb	k:Lpb;
pb	l:Lpb;
pb	m:I
pb	mj.d:Lmj;
pb	mj.f:Lmj;
pb	mj.h:I
pb	n:Ljava/lang/String;
pba	o:I
pba	p:I
pba	q:F
pba	saa.o:Lvpa;
pbb	VoidHunters.G:I
pbb	a:Ljava/lang/String;
pbb	dma.a:I
pbb	dma.c:I
pbb	dma.d:I
pbb	dma.f:I
pbb	dma.g:I
pbb	dma.i:[I
pbb	shb.f:I
pbb	shb.g:I
pbb	shb.h:I
pbb	shb.r:I
pc	a:Ljava/awt/Component;
pca	em.o:Z
pca	hab.h:I
pca	i:[Luj;
pca	j:I
pca	k:I
pca	l:Ljava/lang/String;
pca	m:I
pcb	VoidHunters.G:I
pcb	ena.p:Ldja;
pcb	hv.o:Ldja;
pcb	lw.f:Z
pcb	nga.e:Ljava/lang/String;
pcb	o:Z
pcb	p:I
pcb	w.v:Ldja;
pd	d:I
pd	e:I
pd	f:I
pd	g:[[I
pd	h:I
pd	i:I
pd	nua.o:I
pda	VoidHunters.G:I
pda	hab.i:I
pda	lua.c:I
pda	mt.o:I
pda	ob.j:I
pdb	oha.o:Lpr;
pe	VoidHunters.G:I
pe	a:[Lrba;
pe	aba.b:Ldja;
pe	ada.a:[I
pe	anb.d:I
pe	anb.e:I
pe	anb.f:I
pe	anb.h:I
pe	anb.k:Lml;
pe	anb.l:I
pe	anb.q:[I
pe	as.d:I
pe	b:Lbea;
pe	bjb.o:I
pe	bnb.o:I
pe	boa.c:[I
pe	bra.d:I
pe	c:[I
pe	ccb.a:Lkl;
pe	cq.d:I
pe	cq.e:I
pe	cq.f:I
pe	cq.g:I
pe	crb.d:I
pe	crb.e:I
pe	crb.k:Lml;
pe	crb.l:I
pe	crb.q:[I
pe	crb.s:I
pe	d:Ljava/lang/String;
pe	dab.c:Ldja;
pe	di.p:I
pe	dpa.p:Lfaa;
pe	dw.b:I
pe	e:Laib;
pe	ee.p:I
pe	ei.a:I
pe	ela.q:I
pe	ema.o:[Lmfb;
pe	ema.p:Ldja;
pe	era.p:I
pe	et.a:I
pe	et.b:I
pe	f:Luna;
pe	faa.e:I
pe	foa.p:I
pe	fob.c:I
pe	fra.a:I
pe	g:[Lmqb;
pe	gab.b:Lsfa;
pe	gba.r:I
pe	gda.e:I
pe	gda.f:I
pe	gda.g:I
pe	gda.h:Lml;
pe	gda.i:I
pe	gda.j:I
pe	gda.l:I
pe	gda.m:Lml;
pe	gib.a:I
pe	gka.q:I
pe	gkb.o:I
pe	gl.d:I
pe	gs.c:I
pe	h:Z
pe	hw.b:I
pe	i:Z
pe	ie.p:I
pe	imb.c:I
pe	imb.d:I
pe	imb.e:I
pe	ioa.q:Ldja;
pe	it.d:I
pe	it.e:I
pe	it.i:I
pe	it.k:I
pe	it.l:I
pe	j:[Lit;
pe	java/lang/System.err:Ljava/io/PrintStream;
pe	java/lang/System.out:Ljava/io/PrintStream;
pe	jsb.d:I
pe	k:[Lsg;
pe	ki.o:I
pe	kl.b:[Luwa;
pe	kl.d:I
pe	ktb.q:I
pe	kva.g:I
pe	l:[I
pe	lbb.g:[Let;
pe	lja.d:I
pe	lja.e:I
pe	lrb.e:I
pe	lsb.a:I
pe	lta.a:F
pe	lta.b:F
pe	lta.c:F
pe	lta.f:[I
pe	lu.b:Lml;
pe	lu.e:I
pe	m:[Lnbb;
pe	ml.a:Laqa;
pe	ml.b:I
pe	ml.c:Lqjb;
pe	ml.d:[Limb;
pe	ml.f:[Lml;
pe	ml.g:[I
pe	ml.j:I
pe	ml.k:Llja;
pe	ml.n:I
pe	ml.r:I
pe	mqb.s:I
pe	mra.o:I
pe	n:Lij;
pe	nbb.f:I
pe	nbb.h:I
pe	nbb.k:Lml;
pe	nbb.l:I
pe	nbb.n:I
pe	nbb.o:I
pe	nbb.p:I
pe	nbb.q:[I
pe	nbb.s:I
pe	nbb.t:I
pe	nbb.u:Z
pe	nbb.v:Z
pe	nbb.x:Z
pe	nu.p:I
pe	nw.o:I
pe	o:I
pe	obb.o:[Ljava/lang/String;
pe	oga.o:I
pe	omb.q:I
pe	ooa.xb:I
pe	oq.C:I
pe	oq.G:I
pe	oq.l:I
pe	oua.a:Z
pe	p:Llua;
pe	pea.a:I
pe	pea.b:I
pe	pgb.g:Ldja;
pe	q:Z
pe	qdb.a:Ldja;
pe	qjb.b:I
pe	qrb.a:I
pe	qua.c:[Lml;
pe	qua.e:Llu;
pe	r:I
pe	rba.c:I
pe	rba.d:I
pe	rba.e:I
pe	rba.f:I
pe	rba.h:I
pe	rba.i:I
pe	rca.b:I
pe	rca.c:I
pe	rkb.o:I
pe	s:[Loq;
pe	seb.o:I
pe	sg.T:Z
pe	sg.d:I
pe	sg.e:I
pe	sg.f:I
pe	sg.h:I
pe	sg.k:Lml;
pe	sg.l:I
pe	sg.o:I
pe	sg.p:I
pe	sg.q:[I
pe	sg.s:I
pe	sg.t:I
pe	sg.w:Z
pe	sja.c:I
pe	sja.i:I
pe	so.b:I
pe	sva.m:I
pe	t:[Lcq;
pe	tfa.a:Z
pe	tfa.b:I
pe	tfa.c:I
pe	tfa.d:I
pe	tfa.e:I
pe	tfa.f:I
pe	tfa.g:Lsg;
pe	tfa.h:I
pe	tfa.k:[I
pe	tfa.l:I
pe	tfa.m:I
pe	tfa.n:I
pe	th.o:I
pe	tj.d:I
pe	tj.e:I
pe	tj.f:I
pe	tj.h:I
pe	tj.o:I
pe	tk.o:I
pe	tpb.a:I
pe	tpb.b:Lml;
pe	tt.c:Ldja;
pe	u:Lfba;
pe	ue.a:I
pe	uja.b:I
pe	unb.p:I
pe	uwa.a:I
pe	uwa.b:I
pe	uwa.c:I
pe	uwa.d:I
pe	uwa.e:Lanb;
pe	uwa.f:I
pe	uwa.g:I
pe	uwa.h:I
pe	uwa.i:I
pe	v:Z
pe	vcb.z:Ldja;
pe	vg.o:Ljava/util/Random;
pe	vgb.o:I
pe	voa.d:I
pe	vqa.g:Luca;
pe	vra.a:I
pe	vra.c:I
pe	vra.d:I
pe	vra.e:I
pe	w:[I
pe	wfb.l:I
pe	wfb.o:[Llsb;
pe	wfb.q:I
pe	wfb.r:Z
pe	wfb.v:[I
pe	wfb.y:I
pe	wgb.i:Lanb;
pe	wj.p:I
pe	wna.c:Ltpb;
pe	wra.p:I
pe	wsb.e:Ldja;
pe	x:Lij;
pe	y:I
pea	a:I
pea	b:I
pea	c:Ljava/lang/String;
pea	cka.o:Lhqb;
pea	d:Lslb;
pea	qg.a:Lsoa;
peb	f:Lgab;
peb	gab.e:Z
peb	hob.d:I
peb	sj.p:[I
peb	z:Ljava/lang/String;
pf	A:[Lkba;
pf	Ab:Lasb;
pf	B:F
pf	Bb:I
pf	C:Lmkb;
pf	Cb:I
pf	D:Lroa;
pf	Db:[F
pf	E:Luda;
pf	Eb:[Loj;
pf	F:I
pf	Fb:[F
pf	G:Lvmb;
pf	Gb:I
pf	H:I
pf	Hb:Z
pf	I:Latb;
pf	Ib:Lje;
pf	J:[F
pf	Jb:Lroa;
pf	K:I
pf	Kb:I
pf	L:I
pf	Lb:[Lfsb;
pf	M:Z
pf	Mb:Lrga;
pf	N:Z
pf	Nb:I
pf	O:Loj;
pf	Ob:I
pf	P:Lmkb;
pf	Pb:I
pf	Q:Lura;
pf	Qb:I
pf	R:Lroa;
pf	Rb:F
pf	S:Lmkb;
pf	Sb:F
pf	T:Lvca;
pf	Tb:Z
pf	U:[Laba;
pf	Ub:Z
pf	V:I
pf	Vb:Lvmb;
pf	VoidHunters.G:I
pf	W:I
pf	Wb:I
pf	X:Z
pf	Xb:Z
pf	Y:I
pf	Yb:[Ljava/lang/String;
pf	Z:F
pf	Zb:Ljagex3/graphics2/hw/NativeInterface;
pf	a:Ld;
pf	ab:I
pf	ac:Z
pf	ajb.f:Lclb;
pf	asa.a:Laba;
pf	bb:I
pf	bc:[Lura;
pf	bk.v:Ljra;
pf	c:[F
pf	cb:[F
pf	cba.f:Ljaclib/memory/heap/NativeHeap;
pf	cc:Z
pf	d:I
pf	db:I
pf	dc:[Luda;
pf	df.o:Laba;
pf	e:I
pf	eb:Z
pf	ec:Z
pf	era.o:Ljra;
pf	et.c:Laba;
pf	f:Loj;
pf	fb:[F
pf	fc:Lclb;
pf	feb.a:Laba;
pf	fsa.o:Lkba;
pf	g:Z
pf	gb:Loj;
pf	gc:[F
pf	h:I
pf	hb:Lroa;
pf	hc:Z
pf	i:I
pf	ib:I
pf	ic:Lvmb;
pf	ima.a:[B
pf	ima.b:[I
pf	ima.c:I
pf	ima.d:I
pf	ima.e:I
pf	ima.f:I
pf	ima.g:I
pf	ima.h:[B
pf	ima.i:I
pf	j:I
pf	java/awt/Dimension.height:I
pf	java/awt/Dimension.width:I
pf	jb:I
pf	jc:Ljaclib/memory/heap/NativeHeap;
pf	je.c:Laba;
pf	k:I
pf	kb:Ljaclib/memory/Stream;
pf	kc:Las;
pf	l:[F
pf	lb:I
pf	lc:I
pf	m:Ljaclib/memory/heap/NativeHeapBuffer;
pf	mb:I
pf	mc:I
pf	mj.f:Lmj;
pf	n:I
pf	nb:I
pf	nc:Z
pf	o:Lvmb;
pf	ob:I
pf	oc:F
pf	oj.b:Lclb;
pf	opa.b:B
pf	opa.c:B
pf	opa.d:B
pf	opa.f:I
pf	opa.g:B
pf	opa.h:Z
pf	opa.n:B
pf	opa.o:I
pf	opa.p:B
pf	pb.d:Lpb;
pf	pb.g:Lpb;
pf	pb.k:Lpb;
pf	pb.l:Lpb;
pf	pb:Lmma;
pf	pc:I
pf	pea.d:Lslb;
pf	pia.x:Lmma;
pf	pob.c:Lmma;
pf	q:Z
pf	qb:I
pf	qc:Ljava/lang/Object;
pf	qcb.q:Lslb;
pf	qua.d:Lkb;
pf	rb:Ljava/util/Hashtable;
pf	rc:I
pf	s:Lij;
pf	sb:Z
pf	sc:Z
pf	t:Loj;
pf	tb:I
pf	tc:F
pf	tib.h:Lmma;
pf	to.o:Lclb;
pf	tu.b:Ljra;
pf	u:F
pf	ub.e:Lclb;
pf	ub:Z
pf	v:I
pf	vc:Loj;
pf	vf.a:Lkba;
pf	vl.p:Lmma;
pf	w:Lroa;
pf	wb:Z
pf	wc:[F
pf	x:F
pf	xb:F
pf	xc:I
pf	y:I
pf	yb:Loj;
pf	z:[Laba;
pf	zb:Z
pfa	VoidHunters.G:I
pfa	a:Ljava/lang/String;
pfa	b:Ljava/lang/Thread;
pfa	c:Z
pfa	d:Lvga;
pfa	e:I
pfa	jma.i:J
pfa	jma.l:Z
pfa	jma.n:Z
pfa	jma.o:Lfo;
pfa	jma.p:[B
pfa	jma.r:I
pfa	mob.d:Ljava/lang/Object;
pfa	mob.f:I
pfb	VoidHunters.G:I
pfb	a:Ljava/lang/String;
pfb	b:Lvh;
pfb	c:Lnga;
pfb	d:I
pfb	e:I
pfb	is.b:J
pfb	is.i:J
pfb	is.k:I
pg	chb.a:I
pga	dga.a:Z
pga	dkb.b:F
pga	mnb.g:Ljava/lang/String;
pga	o:Ljava/lang/String;
pga	qmb.q:I
pgb	VoidHunters.G:I
pgb	a:I
pgb	b:Lgl;
pgb	bl.A:I
pgb	c:I
pgb	d:Ljava/lang/String;
pgb	dab.e:Z
pgb	e:Ljava/lang/String;
pgb	f:I
pgb	g:Ldja;
pgb	h:I
pgb	i:J
pgb	iwa.b:I
pgb	jh.p:Ljava/lang/String;
pgb	jkb.b:I
pgb	k:Z
pgb	l:Ljava/lang/String;
pgb	m:[I
pgb	n:Ljava/lang/String;
pgb	o:Ljava/lang/String;
pgb	p:Ljava/lang/String;
pgb	psb.a:I
pgb	pva.f:Ljava/lang/String;
pgb	q:I
pgb	sga.q:J
pgb	sj.o:I
pgb	ti.h:Ljava/lang/String;
pgb	uja.a:Ljava/lang/String;
pgb	un.h:[I
pgb	wja.a:I
pgb	wqa.a:J
ph	VoidHunters.G:I
ph	htb.v:Ljava/lang/String;
ph	iw.D:Ljava/lang/String;
ph	o:I
ph	scb.p:Ljava/lang/String;
pha	o:Lds;
pha	p:Ljava/lang/String;
pha	q:Ljava/lang/String;
pha	r:[Ljava/lang/String;
phb	dma.a:I
phb	dma.c:I
phb	dma.d:I
phb	dma.f:I
phb	dma.g:I
phb	dma.i:[I
phb	k:I
phb	l:I
phb	m:I
phb	n:I
phb	p:I
phb	q:I
phb	r:[I
pi	VoidHunters.G:I
pi	dma.g:I
pi	dma.j:I
pi	k:[Ljava/lang/String;
pi	l:[[I
pi	m:[I
pi	n:[I
pi	ri.c:I
pia	acb.p:Z
pia	f:I
pia	g:I
pia	h:I
pia	htb.q:Lwwa;
pia	htb.x:Z
pia	lea.o:Lqrb;
pia	no.k:I
pia	pea.c:Ljava/lang/String;
pia	r:I
pia	tn.b:Ljava/lang/String;
pia	u:[Lshb;
pia	v:Lita;
pia	w:Lhtb;
pia	web.o:Lno;
pia	x:Lmma;
pib	VoidHunters.G:I
pib	a:I
pib	b:I
pib	c:I
pib	d:I
pib	e:Z
pib	f:Z
pib	g:Lqfa;
pib	ika.a:[I
pib	nua.p:I
pib	qfa.U:Z
pib	qfa.sb:I
pj	lwa.xb:Lasb;
pja	VoidHunters.G:I
pja	bm.o:Leab;
pja	d:Lrt;
pja	dbb.o:I
pja	eta.a:Ljava/awt/Dimension;
pja	hob.d:I
pja	i:Ljava/lang/String;
pja	ima.e:I
pja	ima.f:I
pja	ip.p:Ljava/awt/Dimension;
pja	j:I
pja	java/awt/Dimension.height:I
pja	java/awt/Dimension.width:I
pja	k:[I
pja	kba.a:Llta;
pja	l:Lslb;
pja	lta.a:F
pja	lta.b:F
pja	lta.c:F
pja	m:I
pja	n:[I
pja	noa.o:I
pja	o:Ljava/lang/String;
pja	p:I
pja	psb.b:Lufb;
pja	qnb.o:Lasb;
pja	rt.g:Z
pjb	Ab:Lllb;
pjb	Bb:Lllb;
pjb	Cb:Lllb;
pjb	Db:Ljava/lang/String;
pjb	G:I
pjb	K:I
pjb	L:I
pjb	VoidHunters.G:I
pjb	hb:I
pjb	icb.p:Lpr;
pjb	llb.C:I
pjb	llb.E:I
pjb	llb.G:I
pjb	llb.K:I
pjb	llb.L:I
pjb	llb.S:Z
pjb	llb.Z:Z
pjb	llb.db:I
pjb	llb.hb:I
pjb	llb.o:I
pjb	llb.u:I
pjb	llb.y:Z
pjb	uia.b:I
pjb	vb:Ljava/lang/Object;
pjb	wb:Lllb;
pjb	xb:Lllb;
pjb	yb:Lllb;
pjb	zb:I
pk	asb.f:I
pk	hab.i:I
pk	lua.c:I
pk	mt.o:I
pk	o:I
pk	ob.j:I
pk	p:I
pl	dua.p:Lkhb;
pl	e:Ljava/lang/String;
pl	hha.p:Lkhb;
pl	up.o:Lkhb;
pla	B:I
pla	C:Leeb;
pla	VoidHunters.G:I
pla	cca.o:Lqrb;
pla	cgb.a:Z
pla	djb.r:Z
pla	dsa.q:Lqrb;
pla	e:Z
pla	f:I
pla	g:I
pla	h:I
pla	lea.o:Lqrb;
pla	mi.o:Lphb;
pla	phb.m:I
pla	phb.n:I
pla	phb.p:I
pla	phb.q:I
pla	ps.a:[Lphb;
pla	qmb.q:I
pla	r:I
pla	tg.p:Lqrb;
plb	ae.f:Lpr;
plb	llb.lb:Lij;
plb	mr.M:Lij;
plb	o:Ljava/lang/String;
plb	om.c:Lpr;
plb	st.o:Lij;
pm	VoidHunters.G:I
pm	ap.p:[I
pm	iob.f:I
pm	li.i:Z
pm	nma.b:[Lda;
pma	p:Ljava/lang/String;
pma	q:Ljava/lang/String;
pmb	cab.r:I
pmb	mqa.q:I
pmb	nob.o:Lphb;
pmb	o:[Lphb;
pmb	p:I
pmb	phb.p:I
pmb	phb.q:I
pmb	qr.g:I
pmb	qtb.p:I
pn	a:Ljava/lang/String;
pn	b:I
pnb	VoidHunters.G:I
pnb	a:Lksa;
pnb	b:Lnga;
pnb	c:I
pnb	d:Lksa;
pnb	ksa.c:Lksa;
pnb	nga.f:I
pnb	nga.h:[Lksa;
po	o:Z
po	p:Ljava/lang/String;
poa	jw.c:Z
poa	o:Z
pob	VoidHunters.G:I
pob	a:I
pob	c:Lmma;
pob	d:I
pob	iua.p:I
pob	java/lang/System.out:Ljava/io/PrintStream;
pob	rsb.e:Llbb;
pp	o:[I
pp	oaa.i:I
pp	p:Ljava/lang/String;
pp	q:Ljava/lang/String;
ppa	o:Ljava/lang/String;
ppa	p:[I
ppa	q:Ljava/lang/String;
ppa	vv.c:I
ppb	a:Lasb;
ppb	b:Lcda;
ppb	c:Lri;
ppb	d:Ljava/lang/String;
ppb	rb.a:Ljava/lang/String;
ppb	rb.b:I
pq	a:Lij;
pq	b:I
pq	c:Z
pq	naa.d:Le;
pqa	VoidHunters.G:I
pqa	hab.i:I
pqa	kf.a:I
pqa	li.i:Z
pqa	lua.c:I
pqa	mt.o:I
pqa	no.H:I
pqa	o:Lmob;
pqa	ob.j:I
pqa	p:Ljava/lang/String;
pqa	sw.a:I
pr	VoidHunters.G:I
pr	a:Lfh;
pr	b:J
pr	c:Loma;
pr	d:I
pr	e:I
pr	f:I
pr	fh.d:Lfh;
pr	fh.e:Lfh;
pr	fh.i:J
pr	g:[Lfh;
pr	h:Lfh;
pra	VoidHunters.G:I
pra	ldb.o:I
pra	lia.b:I
pra	lqa.o:Lmm;
pra	nf.a:I
pra	ohb.o:Lmm;
pra	p:Ljava/lang/Object;
pra	q:Ljava/lang/String;
pra	tba.p:I
pra	wo.o:Z
prb	aaa.b:Lvka;
prb	ae.g:Lri;
prb	dh.o:Lri;
prb	dh.r:Lri;
prb	dmb.b:Lri;
prb	eaa.p:Lri;
prb	efb.c:Lri;
prb	erb.o:Lri;
prb	flb.o:Lvka;
prb	gha.r:Lri;
prb	go.o:Lri;
prb	ppb.c:Lri;
prb	qc.g:Lri;
prb	qw.g:Lri;
prb	tpa.a:Lri;
prb	vp.e:Lri;
ps	VoidHunters.G:I
ps	a:[Lphb;
psa	VoidHunters.G:I
psa	mpb.h:[I
psa	o:Ldja;
psb	b:Lufb;
psb	wba.p:Lge;
pt	VoidHunters.G:I
pt	mb.k:[Ljava/lang/String;
pt	o:I
pt	oq.E:I
ptb	boa.a:Lno;
ptb	d:I
ptb	e:I
ptb	f:Ljava/lang/String;
ptb	g:I
ptb	h:I
ptb	java/lang/System.out:Ljava/io/PrintStream;
ptb	ssa.a:Lno;
pu	b:Ljava/lang/String;
pu	c:[Ljava/lang/String;
pua	o:Ljava/lang/String;
pua	p:I
pva	d:Lllb;
pva	e:Ljava/lang/String;
pva	f:Ljava/lang/String;
pva	g:I
pva	ktb.r:I
pva	oq.t:I
pw	VoidHunters.G:I
pw	eha.o:[Lwma;
pw	eob.p:[I
pw	kc.b:I
pw	nd.r:I
pw	raa.p:[[I
pw	uia.b:I
pw	uib.p:[I
pw	wma.B:I
pw	wma.a:I
pw	wma.d:I
pw	wma.q:I
pw	wma.s:I
pw	wma.u:I
pw	z:Ljava/lang/String;
pwa	VoidHunters.G:I
pwa	a:Ljava/lang/String;
pwa	b:I
pwa	c:Z
pwa	d:Lhg;
pwa	e:Lgqa;
pwa	f:Lgtb;
q	a:[I
q	b:[I
q	c:I
q	d:Lds;
q	ds.e:I
q	ds.h:[B
q	e:[I
q	f:I
q	g:[I
q	h:[B
q	i:J
qa	coa.e:Llc;
qa	fwa.g:Lcoa;
qa	kkb.o:Lfg;
qa	o:Lij;
qa	p:Ljava/lang/String;
qaa	VoidHunters.G:I
qaa	a:F
qaa	b:I
qaa	bfb.a:I
qaa	bfb.g:[I
qaa	bfb.h:I
qaa	dma.g:I
qab	a:Ljava/lang/String;
qab	b:I
qab	c:Ljava/lang/String;
qab	d:I
qab	e:I
qb	a:[Ljava/lang/String;
qba	VoidHunters.G:I
qba	d:Lrt;
qba	f:Lgab;
qba	g:Z
qba	gab.e:Z
qba	hob.d:I
qba	rt.g:Z
qc	VoidHunters.G:I
qc	a:Ljava/lang/String;
qc	b:I
qc	c:Ljava/lang/String;
qc	d:[Ljava/lang/String;
qc	e:I
qc	f:I
qc	fua.p:I
qc	g:Lri;
qc	gl.a:I
qc	h:Lsoa;
qc	i:Lij;
qc	ij.a:Lksa;
qc	ila.a:Lksa;
qc	ila.c:Lksa;
qc	ila.d:Ljava/lang/String;
qc	j:Z
qc	k:Lila;
qc	kw.G:I
qc	kw.K:I
qc	kw.M:I
qc	kw.hb:I
qc	kw.u:I
qc	l:I
qc	llb.G:I
qc	llb.K:I
qc	llb.L:I
qc	llb.M:I
qc	llb.R:Ljava/lang/String;
qc	llb.Y:I
qc	llb.eb:Lno;
qc	llb.gb:[Lphb;
qc	llb.hb:I
qc	llb.lb:Lij;
qc	llb.t:I
qc	llb.u:I
qc	llb.v:I
qc	m:Lllb;
qc	n:Lno;
qc	no.A:I
qc	no.k:I
qc	o:Lllb;
qc	p:Lkw;
qc	q:Lllb;
qc	qw.e:Lgl;
qc	rda.p:I
qc	soa.G:I
qc	soa.K:I
qc	soa.L:I
qc	soa.M:I
qc	soa.hb:I
qc	soa.u:I
qc	soa.wb:Lllb;
qc	tcb.o:I
qca	G:I
qca	hb:I
qca	llb.B:I
qca	llb.R:Ljava/lang/String;
qca	llb.hb:I
qca	llb.q:Lphb;
qca	llb.tb:Lphb;
qca	vb:Lllb;
qca	wb:I
qca	xb:Lllb;
qca	yb:I
qcb	o:[[Z
qcb	p:Lllb;
qcb	q:Lslb;
qcb	r:Ljava/lang/String;
qd	a:[Z
qd	b:I
qd	c:Ljava/lang/String;
qda	a:Lrpb;
qda	b:Lrpb;
qda	c:Lrpb;
qda	d:I
qda	ds.e:I
qda	e:Lrpb;
qda	f:[I
qda	g:[I
qda	h:[I
qda	hc.d:I
qda	hc.f:[[I
qda	hc.g:[I
qda	i:Lhc;
qda	j:Lrpb;
qda	k:I
qda	l:[I
qda	m:[I
qda	n:[I
qda	o:Lrpb;
qda	p:[I
qda	q:[I
qda	r:[I
qda	rpb.e:I
qda	rpb.i:I
qda	rpb.j:I
qda	s:I
qda	t:[I
qda	u:I
qda	v:[I
qda	w:Lrpb;
qda	x:Lrpb;
qda	y:Lrpb;
qdb	VoidHunters.G:I
qdb	a:Ldja;
qdb	b:I
qdb	c:[I
qdb	d:I
qdb	e:Ljava/lang/String;
qdb	f:I
qdb	hab.i:I
qdb	java/lang/System.out:Ljava/io/PrintStream;
qdb	lob.a:Ljava/lang/String;
qdb	lua.c:I
qdb	mt.o:I
qdb	ob.j:I
qdb	rba.b:[[I
qe	msa.s:Lrbb;
qe	o:Ljava/lang/String;
qe	rbb.e:Lwwa;
qe	rbb.i:I
qe	rbb.l:Lwwa;
qe	rbb.r:I
qe	rbb.s:I
qe	tu.c:[C
qea	VoidHunters.G:I
qea	bea.e:I
qea	iqa.o:Ljava/lang/String;
qea	kia.b:Ljava/lang/String;
qea	npa.d:I
qea	o:I
qea	ow.b:I
qea	pn.b:I
qea	q:I
qea	qbb.a:I
qea	r:[I
qea	rha.d:I
qea	sv.f:[I
qeb	c:Ljava/lang/String;
qf	VoidHunters.G:I
qf	ahb.o:Lij;
qf	cnb.q:Lij;
qf	jj.p:F
qf	o:Lkb;
qfa	A:Lmpb;
qfa	Ab:Ljava/lang/String;
qfa	Ac:F
qfa	B:Z
qfa	Bb:Lepb;
qfa	Bc:I
qfa	C:I
qfa	Cb:F
qfa	Cc:Lij;
qfa	D:Lij;
qfa	Db:Lepb;
qfa	Dc:I
qfa	E:Lvga;
qfa	Eb:[F
qfa	Ec:Lvf;
qfa	F:Lepb;
qfa	Fb:I
qfa	Fc:I
qfa	G:F
qfa	Gb:[Ljaa;
qfa	Gc:I
qfa	H:F
qfa	Hb:Z
qfa	Hc:I
qfa	I:Z
qfa	Ic:Lgnb;
qfa	J:I
qfa	Jb:I
qfa	Jc:I
qfa	K:[Lfsb;
qfa	Kb:Ljaclib/memory/heap/NativeHeap;
qfa	Kc:I
qfa	L:[F
qfa	Lb:Z
qfa	Lc:Z
qfa	M:I
qfa	Mb:F
qfa	Mc:I
qfa	N:I
qfa	Nb:Ljava/lang/String;
qfa	Nc:Lij;
qfa	O:Z
qfa	Ob:Z
qfa	Oc:I
qfa	P:I
qfa	Pb:[F
qfa	Q:F
qfa	Qb:I
qfa	R:Z
qfa	Rb:I
qfa	S:Z
qfa	Sb:I
qfa	T:Luq;
qfa	Tb:[F
qfa	U:Z
qfa	Ub:Z
qfa	Vb:Z
qfa	VoidHunters.G:I
qfa	W:Ljaa;
qfa	Wb:F
qfa	X:I
qfa	Xb:[F
qfa	Y:I
qfa	Yb:Z
qfa	Z:I
qfa	Zb:Z
qfa	a:Ld;
qfa	ab:I
qfa	ac:Z
qfa	bb:I
qfa	bc:Z
qfa	c:Ljaggl/OpenGL;
qfa	cb:Z
qfa	cc:I
qfa	cm.j:[I
qfa	d:Lfbb;
qfa	db:Z
qfa	dc:I
qfa	e:I
qfa	eb:Z
qfa	ec:Lij;
qfa	f:I
qfa	fb:I
qfa	fbb.b:Lla;
qfa	fc:Lkha;
qfa	fjb.b:Ljava/lang/String;
qfa	g:Z
qfa	gb:Z
qfa	gc:I
qfa	gpa.e:Ljaclib/memory/heap/NativeHeap;
qfa	h:Z
qfa	hb:Ljava/util/Hashtable;
qfa	hc:Lij;
qfa	hua.b:J
qfa	hua.d:I
qfa	i:F
qfa	ib:Ljava/awt/Canvas;
qfa	ic:J
qfa	ima.a:[B
qfa	ima.b:[I
qfa	ima.c:I
qfa	ima.d:I
qfa	ima.e:I
qfa	ima.f:I
qfa	ima.g:I
qfa	ima.h:[B
qfa	ima.i:I
qfa	j:Z
qfa	java/awt/Dimension.height:I
qfa	java/awt/Dimension.width:I
qfa	jb:Lrpa;
qfa	jc:I
qfa	k:Z
qfa	kb:Z
qfa	kc:[Ljaa;
qfa	kn.o:[F
qfa	kn.r:[F
qfa	ksa.b:J
qfa	l:Z
qfa	lb:I
qfa	lc:Ljaa;
qfa	m:Z
qfa	mb.e:I
qfa	mb.h:[B
qfa	mb:F
qfa	mc:I
qfa	mqa.o:F
qfa	n:Z
qfa	nb:F
qfa	nc:F
qfa	nv.m:I
qfa	o:I
qfa	ob:I
qfa	oc:I
qfa	opa.c:B
qfa	opa.d:B
qfa	opa.f:I
qfa	opa.h:Z
qfa	opa.n:B
qfa	opa.o:I
qfa	opa.p:B
qfa	osa.e:Z
qfa	p:[Ljaa;
qfa	pb:Lrpa;
qfa	pba.q:F
qfa	pc:F
qfa	pib.b:I
qfa	q:I
qfa	qb:Laia;
qfa	qc:Ltla;
qfa	r:Lrlb;
qfa	rb:I
qfa	rc:I
qfa	s:Lbu;
qfa	sb:I
qfa	sc:Z
qfa	sga.p:Z
qfa	t:I
qfa	tb:I
qfa	tc:Z
qfa	tdb.o:[F
qfa	tla.f:Lim;
qfa	tob.m:I
qfa	u.p:I
qfa	u.q:F
qfa	u:F
qfa	ub:I
qfa	uc:J
qfa	v:Lij;
qfa	vb:I
qfa	vc:J
qfa	w:F
qfa	wb:F
qfa	wc:[Lpib;
qfa	we.o:[F
qfa	x:I
qfa	xb:I
qfa	xc:Lij;
qfa	y:Z
qfa	yb:Lnk;
qfa	yc:I
qfa	z:Luq;
qfa	zb:Lij;
qfa	zc:I
qfb	VoidHunters.G:I
qfb	dpa.p:Lfaa;
qfb	faa.e:I
qfb	o:I
qg	a:Lsoa;
qg	b:Lqfa;
qg	pea.d:Lslb;
qg	pja.l:Lslb;
qg	qcb.q:Lslb;
qg	tma.q:Lslb;
qga	VoidHunters.G:I
qga	a:J
qga	b:Lfaa;
qga	gka.o:Ldfa;
qga	iua.p:I
qga	jra.a:Ltpa;
qga	lrb.b:Ldfa;
qgb	d:Lkla;
qgb	e:Lha;
qh	J:I
qh	K:Lhtb;
qh	L:Ljava/lang/String;
qh	M:Lhtb;
qh	N:Ljava/lang/String;
qh	VoidHunters.G:I
qh	dib.j:Ljava/lang/String;
qh	f:I
qh	h:I
qh	htb.q:Lwwa;
qh	kg.s:Ljava/lang/String;
qh	shb.f:I
qh	shb.g:I
qh	shb.h:I
qh	shb.q:Lwwa;
qh	shb.r:I
qh	web.o:Lno;
qh	wm.b:Ljava/lang/String;
qh	z:Z
qha	fw.a:I
qha	o:I
qha	tg.o:I
qhb	o:I
qhb	p:Ljava/lang/String;
qi	o:Ljava/lang/String;
qi	p:Lllb;
qi	qoa.o:I
qia	o:Ljava/lang/String;
qia	p:Ljava/lang/String;
qj	VoidHunters.G:I
qj	ira.b:Llkb;
qja	ffb.e:Ljava/lang/String;
qja	o:Ljava/lang/String;
qjb	VoidHunters.G:I
qjb	a:Ljava/lang/String;
qjb	anb.d:I
qjb	anb.e:I
qjb	anb.l:I
qjb	aq.o:I
qjb	b:I
qjb	bpa.a:I
qjb	c:I
qjb	ccb.a:Lkl;
qjb	d:I
qjb	di.p:I
qjb	e:Lodb;
qjb	ema.o:[Lmfb;
qjb	eta.b:I
qjb	fja.o:I
qjb	fra.a:I
qjb	java/lang/System.out:Ljava/io/PrintStream;
qjb	odb.a:I
qjb	odb.c:I
qjb	odb.d:I
qjb	oq.a:I
qjb	oq.n:I
qjb	upb.a:I
qjb	wk.a:I
qka	R:Ljava/lang/String;
qka	VoidHunters.G:I
qka	jl.r:C
qka	llb.R:Ljava/lang/String;
qka	llb.Y:I
qka	llb.s:Ljava/lang/String;
qka	nna.w:I
qka	o:I
qka	pba.o:I
qka	pma.o:I
qka	vb:Lllb;
qka	wb:I
qka	xb:Lllb;
qka	yb:Ljava/lang/StringBuilder;
qkb	h:Lij;
qkb	i:I
qkb	ij.a:Lksa;
qkb	j:I
qkb	k:Lij;
qkb	ksa.c:Lksa;
qkb	wka.c:Lksa;
qkb	wka.d:I
ql	o:F
ql	p:Lkba;
qla	VoidHunters.G:I
qla	o:Ljava/lang/String;
qlb	VoidHunters.G:I
qlb	a:I
qma	VoidHunters.G:I
qma	a:J
qma	b:I
qma	bl.x:Lno;
qma	oja.p:Lno;
qma	pb.j:I
qma	pb.m:I
qmb	jl.r:C
qmb	nna.C:Ldjb;
qmb	o:Ljava/lang/String;
qmb	p:I
qmb	pma.o:I
qn	VoidHunters.G:I
qn	d:Ljava/lang/String;
qn	f:I
qn	fwa.g:Lcoa;
qn	gtb.d:Lij;
qn	h:Lida;
qn	jp.Jc:Ljava/util/Random;
qn	ms.y:Lij;
qna	o:Ljava/lang/String;
qnb	VoidHunters.G:I
qnb	o:Lasb;
qnb	ufa.p:[C
qnb	wjb.o:[C
qo	VoidHunters.G:I
qo	cta.q:Lij;
qo	icb.p:Lpr;
qo	ii.h:Z
qo	kja.E:Lij;
qo	ks.r:Lpr;
qo	lqa.o:Lmm;
qo	mea.e:Lij;
qo	oha.o:Lpr;
qo	ohb.o:Lmm;
qoa	ata.H:I
qoa	o:I
qoa	p:Ljava/lang/String;
qoa	uo.o:I
qob	VoidHunters.G:I
qob	a:I
qob	b:I
qob	c:I
qob	fib.j:Lwaa;
qob	hwa.o:Los;
qob	java/lang/System.out:Ljava/io/PrintStream;
qob	kbb.q:Ljava/lang/String;
qob	ki.o:I
qob	li.i:Z
qob	lta.a:F
qob	lta.f:[I
qob	mmb.d:[Laja;
qob	s.o:Lud;
qob	vu.Ab:Ljava/lang/String;
qob	vu.yb:I
qp	VoidHunters.G:I
qp	a:Lkca;
qp	b:[B
qp	bba.e:Ljava/lang/String;
qp	bsa.q:Lllb;
qp	c:[[B
qp	ci.c:Lllb;
qp	cka.o:Lhqb;
qp	d:[I
qp	dsa.o:Ljava/lang/String;
qp	e:I
qp	eab.s:Ljava/lang/String;
qp	eha.p:Ljava/lang/String;
qp	erb.p:Z
qp	f:I
qp	g:[[I
qp	geb.o:Lllb;
qp	h:[I
qp	hb.c:Z
qp	hk.i:Ljava/lang/String;
qp	hqb.a:Ljava/lang/String;
qp	hqb.i:Law;
qp	i:[I
qp	iha.o:Ljava/lang/String;
qp	iqb.o:Lphb;
qp	iwa.b:I
qp	j:[I
qp	k:I
qp	kbb.q:Ljava/lang/String;
qp	l:I
qp	llb.F:I
qp	llb.G:I
qp	llb.M:I
qp	llb.O:Z
qp	llb.R:Ljava/lang/String;
qp	llb.U:I
qp	llb.Y:I
qp	llb.eb:Lno;
qp	llb.hb:I
qp	llb.ib:I
qp	llb.lb:Lij;
qp	llb.o:I
qp	llb.qb:I
qp	llb.tb:Lphb;
qp	llb.u:I
qp	llb.y:Z
qp	lob.a:Ljava/lang/String;
qp	m:[I
qp	msa.o:Lllb;
qp	n:[I
qp	neb.p:Ljava/lang/String;
qp	nna.w:I
qp	o:[[I
qp	ola.p:Lqka;
qp	p:[Lkca;
qp	phb.m:I
qp	qc.q:Lllb;
qp	qg.a:Lsoa;
qp	qia.o:Ljava/lang/String;
qp	qna.o:Ljava/lang/String;
qp	rc.b:I
qp	re.n:Lwdb;
qp	rtb.h:Lllb;
qp	soa.xb:Lllb;
qp	vu.Ab:Ljava/lang/String;
qp	vu.Bb:Lllb;
qp	vu.E:I
qp	vu.Eb:Lllb;
qp	vu.Fb:Ljava/lang/String;
qp	vu.G:I
qp	vu.hb:I
qp	vu.lb:Lij;
qp	vu.o:I
qp	vu.vb:Ljava/lang/String;
qp	vu.wb:Lllb;
qp	wdb.wb:Lllb;
qp	wdb.xb:Lsoa;
qp	wdb.yb:Lllb;
qp	wdb.zb:Lllb;
qp	wl.o:Ljava/lang/String;
qpa	a:Ljava/lang/String;
qpa	b:Ljava/lang/String;
qpb	VoidHunters.G:I
qpb	f:I
qpb	g:I
qpb	h:I
qpb	r:I
qpb	shb.f:I
qpb	shb.g:I
qpb	shb.h:I
qpb	shb.r:I
qpb	t:Lshb;
qpb	v:I
qpb	w:Lllb;
qq	VoidHunters.G:I
qq	a:I
qq	b:I
qq	c:I
qq	d:Ljp;
qq	e:I
qq	f:I
qq	fwa.g:Lcoa;
qq	g:Z
qq	h:Ljaclib/memory/heap/NativeHeapBuffer;
qq	jaclib/memory/heap/NativeHeapBuffer.d:I
qq	jp.Hc:Z
qq	jp.m:Ljaclib/memory/heap/NativeHeapBuffer;
qq	jp.ob:I
qq	lkb.a:[I
qqa	VoidHunters.G:I
qqa	bva.d:Z
qqa	eka.b:Z
qqa	f:Lgab;
qqa	gab.e:Z
qqa	gk.p:Z
qqa	hob.d:I
qqa	i:[Ljava/lang/String;
qqa	lu.f:[I
qqa	mfb.a:Z
qqa	mja.o:Z
qqa	nqa.c:Z
qqa	qd.a:[Z
qqb	VoidHunters.G:I
qqb	a:[Lwna;
qqb	b:I
qqb	hla.a:[I
qqb	iib.e:[I
qqb	java/lang/System.out:Ljava/io/PrintStream;
qqb	js.o:I
qqb	lm.b:Ldja;
qqb	nhb.o:[I
qqb	rlb.d:[I
qqb	sh.a:[[B
qqb	so.f:[I
qqb	unb.p:I
qqb	wna.b:I
qqb	wna.d:I
qr	VoidHunters.G:I
qr	asa.a:Laba;
qr	d:Lpf;
qr	e:Z
qr	et.c:Laba;
qr	f:[Lhdb;
qr	h:Z
qr	je.c:Laba;
qr	meb.d:Luja;
qr	pf.L:I
qr	pf.Q:Lura;
qr	pf.vb:Z
qr	pja.l:Lslb;
qr	qcb.q:Lslb;
qr	tea.d:Luja;
qr	tma.q:Lslb;
qr	wda.o:Lkba;
qra	ata.L:Ljava/lang/String;
qra	o:I
qra	p:[I
qra	wqb.e:Ljava/util/Hashtable;
qrb	a:I
qrb	z:Ljava/lang/String;
qs	VoidHunters.G:I
qs	a:I
qs	b:Ljava/lang/String;
qs	c:I
qs	fva.p:Z
qs	nkb.o:Ljava/lang/String;
qs	ow.b:I
qsa	b:Lllb;
qsa	d:Lllb;
qsa	z:Ljava/lang/String;
qsb	d:Ljava/lang/String;
qsb	mlb.r:I
qsb	oq.w:I
qt	VoidHunters.G:I
qt	abb.a:I
qt	cha.o:Z
qt	cwa.b:Ljava/lang/String;
qt	gi.a:I
qt	hb.b:J
qt	itb.p:J
qt	kkb.p:I
qt	o:Ljava/lang/String;
qt	ohb.o:Lmm;
qt	ola.o:[I
qt	phb.m:I
qt	phb.n:I
qt	pma.o:I
qt	rea.d:Ljava/lang/String;
qt	wrb.p:[I
qta	o:[I
qtb	o:I
qtb	q:[Ljava/lang/String;
qu	VoidHunters.G:I
qu	ada.b:Lpia;
qu	bd.a:Ljava/lang/String;
qu	bib.e:Ljava/lang/String;
qu	bja.p:[I
qu	bpa.c:Lllb;
qu	cqb.e:Z
qu	ej.c:Lno;
qu	erb.p:Z
qu	fb.o:I
qu	fgb.l:Lllb;
qu	hca.o:Lllb;
qu	hpa.o:[Lllb;
qu	jba.b:Lllb;
qu	kea.a:Lllb;
qu	kmb.a:I
qu	kp.o:Ljava/lang/String;
qu	llb.B:I
qu	llb.R:Ljava/lang/String;
qu	llb.eb:Lno;
qu	llb.gb:[Lphb;
qu	llb.lb:Lij;
qu	lob.c:[Lllb;
qu	nlb.o:Lllb;
qu	odb.b:Lllb;
qu	phb.r:[I
qu	rqa.m:[I
qu	tg.r:Ljava/lang/String;
qu	ul.b:[Lllb;
qu	vea.p:Lsoa;
qu	vh.c:[Lllb;
qu	wg.o:Ljava/lang/String;
qua	VoidHunters.G:I
qua	a:Ldpb;
qua	b:F
qua	c:[Lml;
qua	d:Lkb;
qua	dw.c:Ldfa;
qua	e:Llu;
qua	eo.o:[I
qua	gka.o:Ldfa;
qua	ii.d:Ldja;
qua	jra.a:Ltpa;
qua	kla.d:Ldfa;
qua	lrb.b:Ldfa;
qua	vsa.q:Ljava/lang/String;
qv	o:I
qv	p:Ljava/applet/Applet;
qva	VoidHunters.G:I
qva	f:Lkb;
qva	h:Ljp;
qva	j:Loib;
qva	jp.Nc:I
qva	k:Lgj;
qva	mj.f:Lmj;
qva	qua.d:Lkb;
qw	e:Lgl;
qw	g:Lri;
qw	j:Llkb;
qw	l:Lllb;
qw	z:Ljava/lang/String;
qwa	ifa.d:I
qwa	o:Ljava/lang/String;
r	k:I
r	l:D
r	m:Ljava/lang/String;
r	z:Ljava/lang/String;
ra	o:Ldja;
ra	p:Ljava/lang/String;
ra	q:Ljava/lang/String;
raa	VoidHunters.G:I
raa	o:Ljava/lang/String;
raa	p:[[I
raa	pd.e:I
raa	pd.f:I
raa	pd.h:I
raa	pd.i:I
raa	q:Ljava/lang/String;
raa	rb.c:Lij;
rab	e:I
rab	f:Lkb;
rab	h:Ljp;
rab	j:I
rab	k:I
rab	l:I
rab	m:Lwsb;
rab	mj.f:Lmj;
rab	n:I
rb	a:Ljava/lang/String;
rb	b:I
rb	c:Lij;
rba	a:I
rba	b:[[I
rba	c:I
rba	d:I
rba	e:I
rba	f:I
rba	g:[B
rba	h:I
rba	i:I
rba	java/lang/System.out:Ljava/io/PrintStream;
rba	lta.a:F
rba	oq.G:I
rbb	VoidHunters.G:I
rbb	a:Lwwa;
rbb	b:I
rbb	bob.i:I
rbb	c:I
rbb	d:Lwwa;
rbb	dma.g:I
rbb	dma.j:I
rbb	e:Lwwa;
rbb	f:Z
rbb	g:I
rbb	h:I
rbb	j:I
rbb	jva.r:[I
rbb	k:Lwdb;
rbb	l:Lwwa;
rbb	m:I
rbb	n:Lwwa;
rbb	no.A:I
rbb	no.k:I
rbb	no.o:I
rbb	o:Lwwa;
rbb	p:Lno;
rbb	phb.r:[I
rbb	s:I
rbb	t:I
rbb	u:I
rbb	uea.a:I
rbb	uea.b:I
rbb	uea.c:I
rbb	wkb.d:[Ljava/lang/String;
rc	a:Ljava/lang/String;
rc	b:I
rca	a:Ljava/lang/String;
rca	z:Ljava/lang/String;
rcb	VoidHunters.G:I
rcb	g:I
rcb	h:I
rcb	htb.p:Ljava/lang/String;
rcb	htb.q:Lwwa;
rcb	loa.o:Lno;
rcb	lrb.a:Ljava/lang/String;
rcb	no.A:I
rcb	no.k:I
rcb	nv.p:Ljava/lang/String;
rcb	r:I
rcb	t:Lij;
rcb	v:[Lhtb;
rcb	w:[Ljava/lang/String;
rcb	wpa.o:Ljava/lang/String;
rcb	x:Ljpb;
rd	VoidHunters.G:I
rd	eab.s:Ljava/lang/String;
rd	o:Lij;
rda	p:I
rda	q:Z
rdb	d:I
rdb	e:I
rdb	f:Ljava/lang/String;
rdb	g:I
rdb	java/lang/System.out:Ljava/io/PrintStream;
rdb	lta.a:F
re	VoidHunters.G:I
re	aab.o:Lhbb;
re	c:[Ltoa;
re	e:I
re	ew.p:Ldra;
re	f:Z
re	g:Lno;
re	h:I
re	hlb.p:I
re	i:I
re	j:I
re	k:Ldja;
re	l:I
re	m:Ljava/lang/String;
re	n:Lwdb;
re	no.A:I
re	no.H:I
re	no.k:I
re	toa.c:[I
rea	d:Ljava/lang/String;
rea	e:[Ljava/lang/String;
rea	oq.t:I
reb	a:Lphb;
reb	z:Ljava/lang/String;
rf	o:Ljava/lang/String;
rf	p:Ljava/lang/String;
rfa	o:Ljava/lang/String;
rfa	p:Z
rg	VoidHunters.G:I
rg	a:Ljava/lang/String;
rg	b:Z
rg	bl.r:I
rg	c:Ljava/lang/String;
rg	qn.h:Lida;
rg	rba.b:[[I
rga	VoidHunters.G:I
rga	a:[Leb;
rga	b:Z
rga	c:[Leb;
rga	d:Lgf;
rga	dv.b:Ljava/lang/Object;
rga	e:Lgf;
rga	f:Lsoa;
rga	g:Lllb;
rga	h:Lpf;
rga	mj.f:Lmj;
rga	pf.uc:Z
rga	qua.d:Lkb;
rga	ti.c:Ljava/lang/Object;
rga	wh.o:Lkb;
rga	wpa.q:Ljava/lang/Object;
rgb	d:I
rgb	e:I
rgb	f:Lsoa;
rgb	g:I
rgb	java/lang/System.out:Ljava/io/PrintStream;
rh	o:Larb;
rh	p:Ljava/lang/String;
rha	a:I
rha	b:I
rha	c:I
rha	cn.a:[[F
rha	e:I
rha	hab.i:I
rha	java/lang/System.out:Ljava/io/PrintStream;
rha	lua.c:I
rha	mt.o:I
rha	ob.j:I
rhb	VoidHunters.G:I
rhb	aib.c:D
rhb	c.d:I
rhb	c.e:J
rhb	c.f:[B
rhb	cd.c:I
rhb	faa.e:I
rhb	faa.h:[B
rhb	fd.r:I
rhb	foa.o:I
rhb	iq.a:I
rhb	jeb.b:Ljava/util/Random;
rhb	kcb.p:I
rhb	mlb.q:Lij;
rhb	o:Ljava/lang/String;
rhb	ow.a:I
rhb	qga.b:Lfaa;
rhb	sp.o:Lgj;
rhb	tc.c:Lgj;
rhb	vja.a:I
ri	a:I
ri	b:Ljava/lang/String;
ri	c:I
ria	baa.q:I
ria	dma.a:I
ria	dma.c:I
ria	dma.d:I
ria	dma.f:I
ria	tra.o:Lllb;
ria	uga.d:Z
rib	dh.p:I
rib	gha.q:Lrrb;
rib	o:Ljava/lang/String;
rj	a:I
rj	b:I
rj	c:I
rj	d:I
rj	e:[I
rj	f:I
rj	g:I
rj	h:I
rja	o:Ljava/lang/String;
rjb	t:[B
rjb	u:I
rk	a:Ljava/awt/GraphicsDevice;
rk	b:Ljava/awt/DisplayMode;
rk	java/lang/Boolean.FALSE:Ljava/lang/Boolean;
rk	java/lang/Boolean.TRUE:Ljava/lang/Boolean;
rkb	VoidHunters.G:I
rkb	aka.o:[I
rkb	alb.b:I
rkb	db.o:[Ljava/lang/String;
rkb	faa.e:I
rkb	hba.o:I
rkb	hwa.q:I
rkb	ih.e:I
rkb	nl.m:I
rkb	o:I
rkb	pva.g:I
rkb	tba.o:I
rkb	whb.a:I
rl	VoidHunters.G:I
rl	ar.d:Z
rl	dma.g:I
rl	dma.j:I
rl	ed.p:I
rl	fh.f:Lllb;
rl	fjb.c:Lkob;
rl	fua.o:Z
rl	gp.p:I
rl	icb.o:I
rl	jl.q:Lmab;
rl	kob.d:Z
rl	kob.f:[B
rl	lia.b:I
rl	llb.F:I
rl	llb.R:Ljava/lang/String;
rl	llb.w:I
rl	llb.y:Z
rl	lqa.o:Lmm;
rl	ls.o:I
rl	mab.b:I
rl	mab.d:I
rl	mla.q:Lllb;
rl	mm.Fb:I
rl	mm.zb:I
rl	nf.a:I
rl	ohb.o:Lmm;
rl	qi.p:Lllb;
rl	rga.f:Lsoa;
rl	soa.wb:Lllb;
rl	soa.xb:Lllb;
rl	tba.p:I
rl	tja.a:Lsoa;
rl	ukb.q:Ljava/lang/String;
rl	wjb.p:I
rl	wo.o:Z
rla	VoidHunters.G:I
rla	cjb.a:Ljava/lang/String;
rla	dkb.a:Ljava/lang/String;
rla	dqa.u:Ljava/lang/String;
rla	f:I
rla	g:I
rla	gqb.b:Ljava/lang/String;
rla	gsa.p:Ljava/lang/String;
rla	h:I
rla	htb.l:Lsba;
rla	htb.p:Ljava/lang/String;
rla	htb.q:Lwwa;
rla	loa.o:Lno;
rla	no.k:I
rla	noa.q:I
rla	pk.o:I
rla	r:I
rla	tt.a:Ljava/lang/String;
rla	upa.a:Z
rla	v:Ldja;
rla	w:Lhtb;
rla	x:I
rla	y:Lhtb;
rla	z:Lhtb;
rlb	VoidHunters.G:I
rlb	a:Lllb;
rlb	b:Lqfa;
rlb	c:Ld;
rlb	d:[I
rlb	e:I
rlb	f:Lpfb;
rlb	opa.c:B
rlb	opa.h:Z
rlb	opa.i:Z
rlb	opa.j:B
rlb	opa.k:Z
rlb	opa.q:I
rlb	opa.s:Z
rlb	qfa.X:I
rm	bqa.f:Ljava/lang/String;
rm	cca.o:Lqrb;
rm	f:[I
rm	fra.b:I
rm	it.m:Ljava/lang/String;
rm	jib.o:Z
rm	k.r:I
rm	lea.o:Lqrb;
rm	od.a:I
rm	rfa.o:Ljava/lang/String;
rma	b:I
rma	brb.o:I
rma	c:Ldja;
rma	coa.f:I
rma	d:Ldja;
rma	di.l:Lkda;
rma	dpa.p:Lfaa;
rma	dr.a:I
rma	eca.e:I
rma	gtb.c:I
rma	idb.p:I
rma	kib.d:I
rma	lla.h:I
rma	mmb.g:I
rma	qca.yb:I
rma	uaa.o:I
rma	uab.b:I
rmb	VoidHunters.G:I
rmb	ana.e:Lfga;
rmb	fa.d:[Lgd;
rmb	fbb.j:[I
rmb	gtb.d:Lij;
rmb	jp.Jc:Ljava/util/Random;
rmb	kba.a:Llta;
rmb	nl.d:Lana;
rmb	nl.f:I
rmb	nl.g:Z
rmb	nl.h:Z
rmb	nl.i:I
rmb	nl.k:I
rmb	nl.l:I
rn	VoidHunters.G:I
rn	k:Z
rn	l:[I
rn	m:[C
rn	n:[I
rn	o:I
rn	p:Ljava/lang/String;
rn	q:[C
rnb	bsa.o:Z
rnb	o:Ljava/lang/String;
rnb	og.r:Lha;
rnb	psb.b:Lufb;
ro	VoidHunters.G:I
ro	a:I
ro	b:Ljava/lang/String;
roa	A:[S
roa	B:I
roa	C:Lglb;
roa	D:[F
roa	E:[Lgib;
roa	F:[S
roa	G:I
roa	H:Lrv;
roa	I:I
roa	J:[S
roa	K:[I
roa	L:I
roa	M:I
roa	N:[S
roa	O:[S
roa	P:I
roa	Q:I
roa	VoidHunters.G:I
roa	a:[[I
roa	b:[B
roa	bqa.b:I
roa	bqa.c:I
roa	bqa.e:I
roa	bsb.b:[J
roa	c:[S
roa	cbb.C:[I
roa	cbb.D:I
roa	cbb.E:[B
roa	cbb.F:[I
roa	cbb.G:[I
roa	cbb.H:[S
roa	cbb.I:[I
roa	cbb.K:[S
roa	cbb.L:[I
roa	cbb.M:[B
roa	cbb.a:[I
roa	cbb.b:[S
roa	cbb.e:[B
roa	cbb.f:[I
roa	cbb.g:[Lbqa;
roa	cbb.i:[S
roa	cbb.j:I
roa	cbb.k:[S
roa	cbb.m:[B
roa	cbb.n:[B
roa	cbb.o:[S
roa	cbb.p:[I
roa	cbb.r:[B
roa	cbb.t:[S
roa	cbb.u:[S
roa	cbb.v:[I
roa	cbb.w:[S
roa	cbb.x:[I
roa	cbb.y:[I
roa	d:[S
roa	e:[S
roa	f:[S
roa	g:[I
roa	h:Lglb;
roa	hu.a:I
roa	hu.c:I
roa	hu.d:I
roa	hu.e:I
roa	i:[S
roa	j:[I
roa	jqb.o:[F
roa	k:[Llga;
roa	klb.o:[I
roa	kua.b:[I
roa	kua.c:[[F
roa	kua.d:[I
roa	kua.f:[I
roa	l:[I
roa	m:Z
roa	n:[B
roa	o:Lglb;
roa	opa.c:B
roa	opa.m:Z
roa	opa.n:B
roa	opa.q:I
roa	opa.r:Z
roa	p:[I
roa	pf.a:Ld;
roa	q:Lglb;
roa	r:[S
roa	s:I
roa	sr.a:Z
roa	sr.b:I
roa	sr.c:Z
roa	sr.d:I
roa	sr.e:I
roa	sr.f:I
roa	sr.g:I
roa	t:[I
roa	u:I
roa	v:I
roa	vib.a:I
roa	vib.c:I
roa	vib.d:I
roa	w:[I
roa	x:[S
roa	y:[F
roa	z:I
rob	VoidHunters.G:I
rob	o:[B
rob	oaa.h:Llla;
rob	p:Ljava/lang/String;
rob	ph.o:I
rob	q:Lllb;
rob	tcb.p:B
rp	asa.a:Laba;
rp	bk.v:Ljra;
rp	c:Z
rp	d:Leb;
rp	e:Lmkb;
rp	et.c:Laba;
rp	f:Lpf;
rp	ima.a:[B
rp	ima.b:[I
rp	ima.c:I
rp	ima.e:I
rp	ima.f:I
rp	ima.g:I
rp	ima.h:[B
rp	jd.o:Ltu;
rp	mj.f:Lmj;
rp	nw.p:Lkb;
rp	pea.d:Lslb;
rp	pf.Vb:Lvmb;
rp	qcb.q:Lslb;
rpa	VoidHunters.G:I
rpa	a:I
rpa	aia.h:I
rpa	aia.j:I
rpa	b:I
rpa	c:Luja;
rpa	d:I
rpa	e:I
rpa	f:Lqfa;
rpa	g:I
rpa	h:[Lmda;
rpa	i:I
rpa	j:I
rpa	nv.u:I
rpa	nv.w:I
rpa	qea.r:[I
rpa	qfa.U:Z
rpa	sg.k:Lml;
rpa	vbb.o:[I
rpb	a:[I
rpb	b:I
rpb	c:I
rpb	d:I
rpb	e:I
rpb	f:[I
rpb	g:I
rpb	h:I
rpb	i:I
rpb	j:I
rpb	k:I
rq	A:Ltga;
rq	B:Lhtb;
rq	C:Lrcb;
rq	D:Ltga;
rq	E:Ljla;
rq	F:Ltga;
rq	G:Ljava/lang/String;
rq	VoidHunters.G:I
rq	cca.o:Lqrb;
rq	dj.a:Ljava/lang/String;
rq	dpa.q:Ljava/lang/String;
rq	ffb.c:Ljava/lang/String;
rq	gm.f:I
rq	gm.l:Lsba;
rq	gna.m:Ljava/lang/String;
rq	gsa.p:Ljava/lang/String;
rq	h:I
rq	htb.l:Lsba;
rq	htb.q:Lwwa;
rq	htb.x:Z
rq	jja.a:Ljava/lang/String;
rq	jla.p:Ljava/lang/String;
rq	jla.q:Lwwa;
rq	jla.u:Z
rq	jv.f:Ljava/lang/String;
rq	kja.f:I
rq	kja.l:Lsba;
rq	kja.p:Ljava/lang/String;
rq	knb.p:Ljava/lang/String;
rq	lbb.h:Ljava/lang/String;
rq	lcb.s:Ljava/lang/String;
rq	lg.d:Ljava/lang/String;
rq	loa.o:Lno;
rq	lq.j:Ljava/lang/String;
rq	mmb.e:Ljava/lang/String;
rq	mp.p:Lqrb;
rq	no.k:I
rq	pma.q:Ljava/lang/String;
rq	qs.b:Ljava/lang/String;
rq	sca.f:I
rq	sca.g:I
rq	sca.h:I
rq	sca.r:I
rq	sha.x:Ljava/lang/String;
rq	shb.m:Ljava/lang/String;
rq	so.d:Ljava/lang/String;
rq	tg.p:Lqrb;
rq	tga.g:I
rq	tga.h:I
rq	tga.j:Ljava/lang/String;
rq	tga.p:Ljava/lang/String;
rq	tga.q:Lwwa;
rq	tga.r:I
rq	tj.r:Ljava/lang/String;
rq	v:Lhtb;
rq	vwa.o:Ljava/lang/String;
rq	w:Lkja;
rq	web.o:Lno;
rq	x:Ltga;
rq	y:Ltga;
rq	z:Ltga;
rqa	VoidHunters.G:I
rqa	java/lang/Boolean.TYPE:Ljava/lang/Class;
rqa	java/lang/Character.TYPE:Ljava/lang/Class;
rqa	k:Ljava/lang/String;
rqa	l:Ljava/lang/String;
rqa	m:[I
rqa	n:[Ljava/lang/Class;
rqa	nc.a:Z
rqa	nc.b:Ljava/lang/Object;
rqb	nsb.a:I
rr	VoidHunters.G:I
rra	lcb.o:Z
rrb	VoidHunters.G:I
rrb	a:I
rrb	b:Lllb;
rrb	baa.q:I
rrb	bva.c:I
rrb	dh.p:I
rrb	ee.o:[I
rrb	gca.q:[C
rrb	gha.q:Lrrb;
rrb	kq.o:[I
rrb	li.i:Z
rrb	npa.a:[I
rrb	tna.o:I
rrb	wlb.p:I
rsa	VoidHunters.G:I
rsa	hua.d:I
rsa	o:Lllb;
rsa	rba.b:[[I
rsa	sva.m:I
rsb	VoidHunters.G:I
rsb	bha.a:Z
rsb	c:[Lbha;
rsb	d:Lnwa;
rsb	e:Llbb;
rsb	f:Ltr;
rsb	foa.p:I
rsb	fra.a:I
rsb	g:Lpe;
rsb	java/lang/System.out:Ljava/io/PrintStream;
rsb	tfa.b:I
rsb	tfa.f:I
rsb	tfa.h:I
rsb	tja.c:[Lbha;
rt	VoidHunters.G:I
rt	a:I
rt	ag.o:Ldcb;
rt	b:I
rt	c:[[[I
rt	ci.b:I
rt	d:I
rt	dcb.e:I
rt	dcb.g:I
rt	dmb.c:I
rt	dn.r:Ldfa;
rt	dw.c:Ldfa;
rt	e:[Ldcb;
rt	f:Lij;
rt	g:Z
rt	h:I
rt	jl.r:C
rt	klb.r:Lida;
rt	lrb.b:Ldfa;
rt	pma.o:I
rt	rg.b:Z
rt	wba.p:Lge;
rt	wua.k:I
rta	dw.c:Ldfa;
rta	hva.a:Ljava/lang/String;
rta	lrb.b:Ldfa;
rta	o:Lgj;
rta	p:I
rta	q:Ljava/lang/String;
rtb	VoidHunters.G:I
rtb	ada.b:Lpia;
rtb	d:I
rtb	erb.p:Z
rtb	g:Lqfa;
rtb	h:Lllb;
rtb	hb.c:Z
rtb	i:I
rtb	j:I
rtb	jl.r:C
rtb	pma.o:I
rtb	uga.d:Z
rua	q:[I
rv	VoidHunters.G:I
rv	a:Lvca;
rv	b:Ljava/lang/String;
rv	eob.p:[I
rv	nd.r:I
rv	tpa.c:Z
rw	VoidHunters.G:I
rw	f:Lgab;
rw	gab.e:Z
rw	grb.l:[I
rw	hob.d:I
rw	i:I
rw	j:I
rw	k:I
rw	l:Lasb;
rw	m:[S
rw	n:F
rw	o:I
rw	ocb.h:[I
rw	p:[B
rw	q:I
rw	r:I
rw	s:Z
rw	sj.p:[I
rw	t:[S
s	cnb.p:I
s	o:Lud;
sa	a:I
sa	b:I
sa	c:I
sa	d:[I
sa	dma.c:I
sa	dma.d:I
sa	dma.f:I
sa	e:I
sa	f:I
sa	g:I
sa	h:I
saa	o:Lvpa;
sab	VoidHunters.G:I
sab	o:I
sab	rba.b:[[I
sb	a:Lmj;
sb	c:Lkb;
sb	d:Lnla;
sb	f:Z
sb	g:Z
sb	h:Ljagdx/IDirect3DTexture;
sb	i:I
sb	j:I
sb	kb.a:I
sb	mj.f:Lmj;
sb	nla.Mc:Ljagdx/IDirect3DDevice;
sb	nla.Nc:Z
sb	nla.Zc:Z
sb	nla.zc:Ljagdx/PixelBuffer;
sb	qua.d:Lkb;
sbb	o:[[I
sbb	p:I
sc	a:J
sc	b:Ljava/lang/String;
sc	mp.p:Lqrb;
sc	tg.p:Lqrb;
sca	A:Ljava/lang/String;
sca	VoidHunters.G:I
sca	e:Z
sca	f:I
sca	g:I
sca	h:I
sca	no.k:I
sca	r:I
sca	shb.e:Z
sca	t:Lshb;
sca	v:Lno;
sca	w:I
sca	x:I
sca	y:Z
sca	z:I
scb	o:Ldja;
scb	oq.l:I
scb	p:Ljava/lang/String;
sd	VoidHunters.G:I
sd	cja.a:[B
sd	cja.b:I
sd	cja.c:I
sd	cja.d:I
sd	cja.e:I
sd	cja.f:I
sd	cja.g:I
sd	cja.h:[B
sd	cja.i:I
sd	d:[Lgd;
sd	ds.e:I
sd	ds.h:[B
sd	e:[S
sd	f:[B
sd	g:[B
sd	h:[Lcja;
sd	i:I
sd	j:[B
sd	k:[I
sda	B:I
sda	C:I
sda	D:I
sda	E:I
sda	F:[I
sda	a:I
sda	b:I
sda	e:I
sda	f:I
sda	g:I
sda	h:I
sda	i:I
sda	j:I
sda	k:I
sda	l:I
sda	m:I
sda	n:I
sda	o:I
sda	p:I
sda	q:I
sda	s:I
sda	sob.A:I
sda	sob.H:I
sda	sob.i:I
sda	sob.k:[I
sda	sob.n:I
sda	sob.p:I
sda	u:I
sda	v:I
sda	w:Lsob;
sda	x:I
sda	y:I
sda	z:I
sdb	VoidHunters.G:I
sdb	awa.p:Ljava/lang/StringBuilder;
sdb	bib.e:Ljava/lang/String;
sdb	bpa.c:Lllb;
sdb	cc.d:Ljava/lang/String;
sdb	cqb.e:Z
sdb	ej.c:Lno;
sdb	ejb.o:Ljava/lang/String;
sdb	erb.p:Z
sdb	fab.b:Ljava/lang/String;
sdb	fgb.l:Lllb;
sdb	fva.p:Z
sdb	hb.c:Z
sdb	kc.b:I
sdb	kca.a:Ljava/lang/String;
sdb	kmb.a:I
sdb	ldb.p:Ljava/lang/String;
sdb	lf.o:Z
sdb	llb.M:I
sdb	llb.O:Z
sdb	llb.hb:I
sdb	llb.o:I
sdb	llb.r:I
sdb	lqa.o:Lmm;
sdb	mm.Vb:Ljava/lang/String;
sdb	nkb.o:Ljava/lang/String;
sdb	nv.n:Z
sdb	o:Ljava/lang/String;
sdb	ocb.g:Ljava/lang/String;
sdb	ohb.o:Lmm;
sdb	ow.b:I
sdb	p:Lllb;
sdb	qw.l:Lllb;
sdb	rc.a:Ljava/lang/String;
sdb	rqa.m:[I
sdb	tia.G:Ljava/lang/String;
sdb	tta.o:Ljava/lang/String;
sdb	uga.d:Z
sdb	vla.E:Ljava/lang/String;
sdb	vq.y:Ljava/lang/String;
sdb	waa.x:Ljava/lang/String;
sdb	wt.b:Ljava/lang/String;
se	b:Ljava/lang/String;
se	c:Ljava/nio/ByteBuffer;
sea	nua.p:I
sea	o:I
seb	bib.g:Ljava/math/BigInteger;
seb	dpa.p:Lfaa;
seb	ds.e:I
seb	ds.h:[B
seb	faa.e:I
seb	jeb.b:Ljava/util/Random;
seb	jnb.p:Ljava/math/BigInteger;
seb	o:I
seb	p:Ljava/lang/String;
seb	ss.p:Lds;
sf	c:[I
sf	d:[I
sf	e:[I
sf	f:Lsob;
sf	g:[I
sf	h:[[B
sf	ima.c:I
sf	ima.g:I
sf	ima.h:[B
sf	sob.A:I
sf	sob.H:I
sf	sob.i:I
sf	sob.k:[I
sf	sob.n:I
sf	sob.p:I
sf	tka.a:[I
sf	tka.b:[I
sfa	VoidHunters.G:I
sfa	a:Ltj;
sfa	anb.k:Lml;
sfa	b:I
sfa	bka.p:I
sfa	c:Lml;
sfa	cva.o:I
sfa	d:Lllb;
sfa	db.q:I
sfa	dw.b:I
sfa	e:I
sfa	ehb.e:I
sfa	ei.a:I
sfa	fmb.r:I
sfa	gaa.p:I
sfa	gib.a:I
sfa	km.o:I
sfa	laa.o:I
sfa	mc.u:I
sfa	pea.b:I
sfa	sva.m:I
sfa	tj.f:I
sfa	tj.h:I
sfa	wfb.B:I
sfa	wfb.p:I
sfa	wfb.r:Z
sfa	wfb.y:I
sfb	h:F
sfb	i:[Lin;
sfb	in.a:[I
sfb	in.b:I
sfb	in.c:I
sfb	j:[I
sfb	k:Lf;
sfb	l:F
sfb	m:F
sfb	n:F
sfb	o:[Lin;
sfb	oka.a:[I
sfb	oka.b:I
sfb	p:[Loka;
sfb	q:F
sfb	r:[Loka;
sfb	s:F
sfb	t:F
sfb	u:F
sfb	v:F
sfb	vka.r:Z
sfb	vka.s:I
sg	A:I
sg	C:I
sg	D:Z
sg	E:I
sg	F:I
sg	G:I
sg	H:I
sg	I:I
sg	J:[I
sg	K:Z
sg	L:Lqua;
sg	M:I
sg	N:I
sg	O:Z
sg	P:I
sg	Q:I
sg	R:Z
sg	S:Lboa;
sg	T:Z
sg	VoidHunters.G:I
sg	d:I
sg	e:I
sg	era.p:I
sg	fna.p:I
sg	fra.a:I
sg	java/lang/System.out:Ljava/io/PrintStream;
sg	jo.e:I
sg	k:Lml;
sg	kdb.o:I
sg	l:I
sg	lta.a:F
sg	lua.d:I
sg	ml.j:I
sg	ml.n:I
sg	ml.r:I
sg	nw.o:I
sg	oq.A:I
sg	oq.I:I
sg	oq.e:I
sg	pca.i:[Luj;
sg	sja.b:I
sg	tu.d:I
sg	u:I
sg	v:I
sg	vdb.d:I
sg	vqa.k:I
sg	w:Z
sg	wda.p:I
sg	x:[I
sg	y:Z
sg	z:Laoa;
sga	o:[J
sga	p:Z
sh	VoidHunters.G:I
sh	a:[[B
sh	dpa.p:Lfaa;
sh	pd.d:I
sh	rb.c:Lij;
sha	A:Z
sha	B:Lvcb;
sha	VoidHunters.G:I
sha	bk.f:I
sha	bk.g:I
sha	bk.h:I
sha	bk.r:I
sha	bk.t:Lshb;
sha	ea.d:I
sha	esa.p:I
sha	f:I
sha	ff.o:Lona;
sha	gia.k:Leab;
sha	h:I
sha	ho.a:Lfwa;
sha	hob.l:Ljava/lang/String;
sha	nia.p:I
sha	nj.a:Lpfa;
sha	qfa.Ib:I
sha	shb.f:I
sha	shb.g:I
sha	shb.h:I
sha	shb.r:I
sha	u:[Lshb;
sha	v:Lvcb;
sha	vcb.K:I
sha	vcb.L:I
sha	vcb.M:I
sha	vcb.f:I
sha	vcb.h:I
sha	vwa.p:I
sha	wlb.o:I
sha	x:Ljava/lang/String;
sha	y:Lbk;
sha	z:Z
shb	VoidHunters.G:I
shb	e:Z
shb	ef.l:Lsba;
shb	f:I
shb	g:I
shb	h:I
shb	hu.b:I
shb	i:I
shb	j:Ljava/lang/String;
shb	js.r:I
shb	jw.b:I
shb	k:I
shb	kc.b:I
shb	l:Lsba;
shb	lb.p:Lef;
shb	m:Ljava/lang/String;
shb	msa.s:Lrbb;
shb	n:I
shb	o:[B
shb	oq.H:I
shb	p:Ljava/lang/String;
shb	pba.o:I
shb	q:Lwwa;
shb	qs.a:I
shb	r:I
shb	rbb.n:Lwwa;
shb	s:I
shb	tcb.o:I
shb	tmb.o:I
shb	uia.b:I
si	hna.r:Ltw;
si	o:[Z
si	q:[I
si	r:I
si	s:I
si	tw.d:Lso;
si	vqa.g:Luca;
sib	b:I
sib	c:[I
sib	d:I
sib	ds.e:I
sib	ds.h:[B
sib	eob.o:Ldqb;
sib	g:Ljava/awt/Image;
sib	i:I
sib	j:Ljava/awt/image/ColorModel;
sib	k:Ljava/awt/image/ImageConsumer;
sj	VoidHunters.G:I
sj	cka.o:Lhqb;
sj	crb.v:Lbwa;
sj	lob.a:Ljava/lang/String;
sj	p:[I
sja	a:I
sja	b:I
sja	c:I
sja	d:Ljava/lang/String;
sja	e:Lsja;
sja	f:I
sja	g:I
sja	h:I
sja	i:I
sja	j:Ljava/lang/String;
sja	k:Laja;
sja	l:I
sk	VoidHunters.G:I
sk	le.h:I
sk	rba.b:[[I
ska	l:Ljava/lang/Object;
ska	m:[I
ska	n:[Ljava/lang/String;
ska	o:Lbc;
skb	VoidHunters.G:I
skb	fda.p:Ljava/awt/Font;
skb	fua.p:I
skb	igb.a:Ljava/awt/Canvas;
skb	java/awt/Color.black:Ljava/awt/Color;
skb	java/awt/Color.white:Ljava/awt/Color;
skb	jj.r:Ljava/lang/String;
skb	nda.p:Ljava/awt/Image;
skb	o:Lbc;
skb	p:Ljava/lang/String;
skb	q:[Ljava/lang/String;
skb	rda.p:I
sl	a:I
sl	b:Z
sl	c:[Lcda;
sl	fkb.m:Ltjb;
sl	llb.lb:Lij;
sl	tra.o:Lllb;
sl	uga.d:Z
sla	o:Ljava/lang/String;
sla	tj.q:I
slb	a:I
slb	b:Ljava/lang/String;
sma	VoidHunters.G:I
sma	d:Lrt;
sma	f:Lgab;
sma	g:Z
sma	gab.e:Z
sma	hob.d:I
sma	i:I
sma	j:I
sma	rt.g:Z
smb	VoidHunters.G:I
smb	f:Lgab;
smb	gab.e:Z
smb	gbb.q:I
smb	hob.d:I
smb	i:I
smb	j:I
smb	k:I
smb	l:[I
smb	rob.o:[B
smb	tpa.b:I
smb	wf.d:I
sn	VoidHunters.G:I
sn	X:Lrq;
sn	Y:Z
sn	Z:Z
sn	ab:Z
sn	cka.o:Lhqb;
sn	fma.c:Ljava/lang/String;
sn	hqb.i:Law;
sn	jk.Hb:Ljava/lang/String;
sn	jk.xb:Ljava/lang/String;
sn	jk.zb:J
sn	ks.p:Ljava/lang/String;
sn	lia.c:Ljava/lang/String;
sn	mab.h:Ljava/lang/String;
sn	mtb.q:Ljava/lang/String;
sn	oma.c:Ljava/lang/String;
sn	tn.b:Ljava/lang/String;
sn	tpa.c:Z
sn	tpa.d:I
sn	tpa.e:[Ljava/lang/String;
sn	tpa.f:Ljava/lang/String;
sn	tpa.g:Z
sn	uj.c:Ljava/lang/String;
sn	vab.a:Ljava/lang/String;
sn	vda.q:Ljava/lang/String;
sn	vob.r:Lno;
sn	z:Z
sna	VoidHunters.G:I
sna	d:Lrt;
sna	ds.f:Ljava/lang/String;
sna	ema.q:Ljava/lang/String;
sna	f:Lgab;
sna	g:Z
sna	gab.e:Z
sna	gbb.q:I
sna	hob.d:I
sna	i:I
sna	ifa.g:[Ljava/lang/String;
sna	java/lang/Boolean.TYPE:Ljava/lang/Class;
sna	java/lang/Byte.TYPE:Ljava/lang/Class;
sna	java/lang/Character.TYPE:Ljava/lang/Class;
sna	java/lang/Double.TYPE:Ljava/lang/Class;
sna	java/lang/Float.TYPE:Ljava/lang/Class;
sna	java/lang/Integer.TYPE:Ljava/lang/Class;
sna	java/lang/Long.TYPE:Ljava/lang/Class;
sna	java/lang/Short.TYPE:Ljava/lang/Class;
sna	jmb.q:[I
sna	oma.f:I
sna	qta.o:[I
sna	rt.g:Z
sna	uca.L:I
sna	uca.m:Loma;
sna	ut.a:Ljava/lang/String;
sna	vqa.g:Luca;
sna	wf.d:I
snb	rsb.e:Llbb;
so	a:I
so	b:I
so	c:I
so	d:Ljava/lang/String;
so	e:Lphb;
so	f:[I
so	java/lang/System.out:Ljava/io/PrintStream;
soa	G:I
soa	K:I
soa	L:I
soa	O:Z
soa	VoidHunters.G:I
soa	aaa.a:Ljava/lang/String;
soa	bs.a:Looa;
soa	ce.o:[B
soa	cn.b:Ljava/lang/String;
soa	fq.q:Ljava/lang/String;
soa	fqb.p:Ljava/lang/String;
soa	go.p:I
soa	haa.p:Ljava/lang/String;
soa	hb:I
soa	hgb.p:Ljava/lang/String;
soa	hqb.j:Ljava/lang/String;
soa	hra.o:Lbs;
soa	hrb.b:Z
soa	hva.c:[Ljava/lang/String;
soa	ieb.o:[I
soa	ii.h:Z
soa	jfb.o:Lllb;
soa	llb.E:I
soa	llb.F:I
soa	llb.G:I
soa	llb.K:I
soa	llb.L:I
soa	llb.Q:Z
soa	llb.R:Ljava/lang/String;
soa	llb.db:I
soa	llb.eb:Lno;
soa	llb.hb:I
soa	llb.o:I
soa	llb.w:I
soa	llb.y:Z
soa	lob.a:Ljava/lang/String;
soa	ls.o:I
soa	mia.a:[Z
soa	ncb.a:[[I
soa	nf.a:I
soa	nr.p:Z
soa	nt.q:Lllb;
soa	nva.D:Ljava/lang/String;
soa	ocb.l:I
soa	ohb.o:Lmm;
soa	osb.a:Ljava/lang/String;
soa	qi.p:Lllb;
soa	qpa.b:Ljava/lang/String;
soa	qsa.b:Lllb;
soa	rga.g:Lllb;
soa	rob.q:Lllb;
soa	rw.j:I
soa	rw.k:I
soa	rw.o:I
soa	rw.r:I
soa	rw.s:Z
soa	si.o:[Z
soa	spb.a:Ljava/lang/String;
soa	tib.i:[B
soa	tsb.p:Ljava/lang/String;
soa	uda.a:Ljava/lang/String;
soa	vb:Lpjb;
soa	vva.r:Lllb;
soa	vw.a:Lllb;
soa	wb:Lllb;
soa	wo.o:Z
soa	wo.p:Lllb;
soa	xb:Lllb;
sob	A:I
sob	B:Z
sob	C:I
sob	D:Lgpb;
sob	E:I
sob	F:I
sob	G:[F
sob	H:I
sob	I:I
sob	J:I
sob	K:Ljava/lang/String;
sob	a:Ld;
sob	al.b:[F
sob	al.d:I
sob	al.e:[I
sob	al.g:I
sob	c:Lal;
sob	co.c:Ljava/lang/Runnable;
sob	co.e:Ldaa;
sob	co.f:Z
sob	d:Lpfb;
sob	daa.a:I
sob	daa.b:I
sob	daa.d:Z
sob	daa.g:I
sob	daa.i:Z
sob	daa.j:Z
sob	daa.k:[I
sob	daa.n:Z
sob	e:I
sob	f:Lpfb;
sob	g:I
sob	gpb.d:I
sob	gpb.e:I
sob	gpb.f:[I
sob	h:I
sob	i:I
sob	ima.a:[B
sob	ima.b:[I
sob	ima.c:I
sob	ima.d:I
sob	ima.e:I
sob	ima.f:I
sob	ima.g:I
sob	ima.h:[B
sob	ima.i:I
sob	j:I
sob	java/awt/Dimension.height:I
sob	java/awt/Dimension.width:I
sob	k:[I
sob	l:Ljava/awt/Canvas;
sob	m:I
sob	n:I
sob	o:I
sob	opa.d:B
sob	opa.p:B
sob	p:I
sob	q:I
sob	r:[F
sob	s:I
sob	t:Lgnb;
sob	u:I
sob	uva.d:I
sob	uva.g:I
sob	uva.h:Z
sob	v:I
sob	w:Z
sob	x:[Lco;
sob	y:I
sob	z:I
sp	ei.a:I
sp	o:Lgj;
sp	p:[I
spa	VoidHunters.G:I
spa	a:I
spa	cf.a:Ljava/lang/String;
spa	ip.p:Ljava/awt/Dimension;
spa	java/awt/Dimension.height:I
spa	java/awt/Dimension.width:I
spa	kdb.o:I
spa	km.s:Ljava/lang/String;
spa	kt.l:I
spa	lta.a:F
spa	lta.b:F
spa	lta.c:F
spa	lta.d:I
spa	lta.e:I
spa	mgb.o:Z
spa	oab.o:I
spa	rsb.g:Lpe;
spa	sab.o:I
spa	si.o:[Z
spa	uca.L:I
spa	uca.N:Z
spa	uca.m:Loma;
spa	vqa.g:Luca;
spa	wba.o:[I
spa	wgb.f:I
spb	a:Ljava/lang/String;
spb	bm.o:Leab;
spb	efb.b:Lvfa;
spb	eob.o:Ldqb;
spb	fva.p:Z
spb	igb.a:Ljava/awt/Canvas;
spb	ow.b:I
spb	psb.b:Lufb;
sqb	VoidHunters.G:I
sqb	o:[Lphb;
sr	VoidHunters.G:I
sr	a:Z
sr	b:I
sr	c:Z
sr	d:I
sr	e:I
sr	f:I
sr	g:I
sra	a:Lllb;
sra	z:Ljava/lang/String;
srb	ul.a:I
ss	o:Lllb;
ss	p:Lds;
ssa	a:Lno;
ssa	b:Ljava/lang/String;
ssa	go.p:I
ssb	VoidHunters.G:I
ssb	b:Lqfa;
ssb	c:Lli;
ssb	d:Lbt;
ssb	e:Ljjb;
ssb	jjb.b:Lob;
ssb	jjb.d:Z
ssb	jjb.e:[Laia;
ssb	mpa.p:[F
ssb	qfa.Mc:I
ssb	qfa.jc:I
ssb	qfa.wb:F
st	o:Lij;
sta	o:Ljava/lang/String;
stb	dpa.p:Lfaa;
stb	o:Ljava/lang/String;
stb	p:I
sua	soa.wb:Lllb;
sua	tja.a:Lsoa;
sv	d:Lpf;
sv	e:I
sv	f:[I
sva	VoidHunters.G:I
sva	f:Lgab;
sva	gab.e:Z
sva	gbb.q:I
sva	hob.d:I
sva	i:I
sva	j:I
sva	jmb.q:[I
sva	k:I
sva	l:I
sva	m:I
sva	n:I
sva	noa.o:I
sva	qta.o:[I
sva	wba.p:Lge;
sva	wf.d:I
sw	VoidHunters.G:I
sw	a:I
sw	b:[B
sw	c:I
sw	d:I
sw	e:I
sw	f:Z
sw	g:[[B
sw	rba.b:[[I
sw	to.p:[Ljava/lang/String;
swa	VoidHunters.G:I
swa	am.q:I
swa	cma.a:I
swa	hda.a:Z
swa	kv.e:I
swa	nlb.p:I
swa	ro.a:I
swa	rpa.b:I
swa	tda.K:I
swa	wj.q:Lswa;
swa	wt.a:I
t	a:I
t	b:[I
t	bra.e:J
t	bra.g:Lha;
t	c:J
t	d:[I
t	e:Ljava/lang/String;
t	f:I
ta	VoidHunters.G:I
ta	a:Ldja;
ta	b:[I
ta	maa.o:I
ta	pw.a:I
ta	wfb.b:I
ta	wfb.i:I
ta	wp.a:I
taa	VoidHunters.G:I
taa	jmb.q:[I
taa	pcb.o:Z
taa	qta.o:[I
tab	o:Ljava/lang/String;
tab	p:[[I
tb	a:Lllb;
tb	z:Ljava/lang/String;
tba	am.o:Ljava/lang/String;
tba	ceb.r:Ljava/lang/String;
tba	dpa.p:Lfaa;
tba	ehb.f:Ljava/lang/Boolean;
tba	ela.o:I
tba	faa.e:I
tba	gi.b:I
tba	iwa.b:I
tba	ma.o:Ljava/lang/String;
tba	mq.k:I
tba	oja.o:Ljava/lang/String;
tba	p:I
tba	q:Lasb;
tba	tjb.Cb:Ljava/lang/String;
tba	vjb.c:Ljava/lang/String;
tbb	VoidHunters.G:I
tbb	a:I
tbb	b:[I
tbb	bl.A:I
tbb	c:I
tbb	d:[I
tbb	dab.e:Z
tbb	e:[I
tbb	f:[I
tbb	g:I
tbb	jh.p:Ljava/lang/String;
tbb	jkb.b:I
tbb	kca.a:Ljava/lang/String;
tbb	pi.n:[I
tbb	psb.a:I
tbb	pva.f:Ljava/lang/String;
tbb	qga.b:Lfaa;
tbb	sga.q:J
tbb	sj.o:I
tbb	ti.h:Ljava/lang/String;
tbb	toa.c:[I
tbb	uja.a:Ljava/lang/String;
tbb	un.h:[I
tbb	usa.o:Lvoa;
tbb	wja.a:I
tc	asa.a:Laba;
tc	b:[[Z
tc	be.a:I
tc	be.b:I
tc	c:Lgj;
tc	df.o:Laba;
tc	dpa.p:Lfaa;
tc	et.c:Laba;
tc	feb.a:Laba;
tc	je.c:Laba;
tca	me.r:Z
tca	o:Ljava/lang/String;
tcb	p:B
tcb	q:I
td	bpb.o:Ljava/lang/String;
td	eia.r:Ljava/lang/String;
td	jma.q:Ljava/util/Hashtable;
td	uf.F:Ljava/lang/String;
td	whb.d:Ljava/lang/String;
tda	J:Lshb;
tda	K:I
tda	L:J
tda	M:Ljava/lang/String;
tda	N:Lhtb;
tda	O:Ljava/lang/String;
tda	P:Lhtb;
tda	VoidHunters.G:I
tda	al.a:Ljava/lang/String;
tda	amb.b:Ljava/lang/String;
tda	bca.a:Ldpb;
tda	f:I
tda	fja.r:Ljava/lang/String;
tda	h:I
tda	htb.q:Lwwa;
tda	oca.a:Ldpb;
tda	psb.b:Lufb;
tda	shb.f:I
tda	shb.g:I
tda	shb.h:I
tda	shb.j:Ljava/lang/String;
tda	shb.q:Lwwa;
tda	shb.r:I
tda	ufb.a:Z
tda	upb.c:Z
tda	v:Lida;
tda	vob.r:Lno;
tda	web.o:Lno;
tda	z:Z
tdb	o:[F
tdb	p:Ljava/lang/String;
te	java/lang/System.out:Ljava/io/PrintStream;
te	o:Ldja;
tea	a:Ljava/lang/String;
tea	b:I
tea	c:Ljava/lang/String;
tea	d:Luja;
tea	li.i:Z
teb	b:[I
teb	mp.o:I
teb	op.p:I
teb	qea.o:I
teb	vha.p:I
tf	VoidHunters.G:I
tfa	VoidHunters.G:I
tfa	a:Z
tfa	b:I
tfa	c:I
tfa	d:I
tfa	e:I
tfa	f:I
tfa	foa.p:I
tfa	g:Lsg;
tfa	h:I
tfa	i:[I
tfa	j:I
tfa	java/lang/System.out:Ljava/io/PrintStream;
tfa	k:[I
tfa	l:I
tfa	m:I
tfa	n:I
tfa	rsb.d:Lnwa;
tfa	rsb.e:Llbb;
tfa	rsb.g:Lpe;
tfa	sja.c:I
tfb	java/lang/System.err:Ljava/io/PrintStream;
tfb	nia.o:Z
tfb	o:[I
tg	apb.b:I
tg	cka.o:Lhqb;
tg	gr.o:Ljava/lang/String;
tg	hqb.i:Law;
tg	jea.o:Ljava/lang/String;
tg	lgb.p:Ljava/lang/String;
tg	llb.G:I
tg	llb.M:I
tg	llb.hb:I
tg	llb.u:I
tg	mk.p:Ljava/lang/String;
tg	o:I
tg	ocb.j:Ljava/lang/String;
tg	opb.p:Ljava/lang/String;
tg	p:Lqrb;
tg	pmb.o:[Lphb;
tg	r:Ljava/lang/String;
tg	s:Ljava/lang/String;
tg	tda.M:Ljava/lang/String;
tg	u.s:Ljava/lang/String;
tg	uta.o:Ljava/lang/String;
tga	L:I
tga	M:[Ljava/lang/String;
tga	N:Z
tga	O:Leeb;
tga	VoidHunters.G:I
tga	aq.p:[I
tga	bs.b:[I
tga	e:Z
tga	g:I
tga	h:I
tga	kc.b:I
tga	p:Ljava/lang/String;
tga	uia.b:I
tgb	c:[I
tgb	d:Ljava/lang/String;
th	o:I
tha	o:Ltjb;
thb	o:Ljava/lang/String;
ti	b:Lqfa;
ti	c:Ljava/lang/Object;
ti	d:Ljjb;
ti	e:Z
ti	f:Lof;
ti	g:Ljava/lang/String;
ti	h:Ljava/lang/String;
ti	i:Ljava/lang/String;
ti	j:Z
ti	jjb.a:Lob;
ti	k:Ljava/lang/String;
ti	of.c:J
ti	qfa.B:Z
ti	qfa.Eb:[F
ti	qfa.Mc:I
ti	qfa.bc:Z
ti	qfa.i:F
ti	qfa.nb:F
ti	qfa.nc:F
tia	D:I
tia	E:Lno;
tia	F:Lnva;
tia	G:Ljava/lang/String;
tia	H:I
tia	I:I
tia	J:[I
tia	K:Ljava/lang/String;
tia	L:[Ljava/lang/Object;
tia	M:Lllb;
tia	VoidHunters.G:I
tia	bk.e:Z
tia	f:I
tia	g:I
tia	h:I
tia	no.A:I
tia	no.k:I
tia	nva.G:Lsha;
tia	nva.H:Z
tia	r:I
tia	sha.y:Lbk;
tib	cca.o:Lqrb;
tib	dsa.q:Lqrb;
tib	f:Ljava/lang/String;
tib	g:Z
tib	h:Lmma;
tib	i:[B
tib	ks.p:Ljava/lang/String;
tib	lea.o:Lqrb;
tib	li.i:Z
tib	no.k:I
tib	sw.c:I
tib	tpa.f:Ljava/lang/String;
tib	tpa.g:Z
tib	uc.a:Ljava/lang/String;
tj	VoidHunters.G:I
tj	anb.d:I
tj	anb.e:I
tj	anb.k:Lml;
tj	anb.l:I
tj	cab.p:I
tj	d:I
tj	e:I
tj	ed.o:I
tj	f:I
tj	fra.a:I
tj	gib.a:I
tj	h:I
tj	hrb.a:I
tj	i:I
tj	iea.d:I
tj	j:I
tj	java/lang/System.out:Ljava/io/PrintStream;
tj	k:[Ljava/lang/String;
tj	l:I
tj	la.k:I
tj	lta.a:F
tj	m:I
tj	ml.g:[I
tj	ml.n:I
tj	ml.r:I
tj	n:I
tj	np.o:I
tj	o:I
tj	p:I
tj	q:I
tj	r:Ljava/lang/String;
tj	tla.c:Z
tja	VoidHunters.G:I
tja	a:Lsoa;
tja	b:Ljava/lang/String;
tja	bha.a:Z
tja	c:[Lbha;
tja	hab.h:I
tja	java/lang/System.out:Ljava/io/PrintStream;
tja	tu.c:[C
tja	uqa.q:Ldja;
tjb	Ab:[I
tjb	Bb:[Lcna;
tjb	Cb:Ljava/lang/String;
tjb	Db:[Ltjb;
tjb	Eb:I
tjb	Fb:I
tjb	Gb:I
tjb	Hb:I
tjb	Ib:I
tjb	Jb:I
tjb	K:I
tjb	VoidHunters.G:I
tjb	cna.J:Z
tjb	cna.K:I
tjb	cna.o:I
tjb	cna.u:I
tjb	fkb.m:Ltjb;
tjb	ie.o:Lphb;
tjb	jl.r:C
tjb	llb.eb:Lno;
tjb	lqa.o:Lmm;
tjb	ls.q:Z
tjb	lsa.f:J
tjb	no.A:I
tjb	no.k:I
tjb	ow.b:I
tjb	phb.m:I
tjb	pma.o:I
tjb	qmb.q:I
tjb	ska.p:J
tjb	tsb.q:Z
tjb	ttb.B:C
tjb	u:I
tjb	vb:I
tjb	waa.x:Ljava/lang/String;
tjb	wb:I
tjb	xb:Ltjb;
tjb	yb:[C
tjb	zb:I
tk	o:I
tk	p:Lbi;
tka	VoidHunters.G:I
tkb	o:Ljava/lang/String;
tkb	p:I
tl	VoidHunters.G:I
tl	alb.b:I
tl	awa.p:Ljava/lang/StringBuilder;
tl	bib.e:Ljava/lang/String;
tl	cqb.e:Z
tl	ej.c:Lno;
tl	ejb.o:Ljava/lang/String;
tl	jl.r:C
tl	kca.a:Ljava/lang/String;
tl	lf.o:Z
tl	lqa.o:Lmm;
tl	lv.o:Ljava/lang/String;
tl	mm.Vb:Ljava/lang/String;
tl	nv.n:Z
tl	o:Ljava/lang/String;
tl	ohb.o:Lmm;
tl	ow.b:I
tl	pba.r:I
tl	pma.o:I
tl	q:Ljava/lang/String;
tl	qw.l:Lllb;
tl	tia.G:Ljava/lang/String;
tl	vla.E:Ljava/lang/String;
tl	waa.x:Ljava/lang/String;
tl	wl.p:Ljava/lang/String;
tl	wt.b:Ljava/lang/String;
tla	VoidHunters.G:I
tla	a:I
tla	b:I
tla	d:I
tla	e:Lim;
tla	f:Lim;
tla	fwa.g:Lcoa;
tla	g:Lqfa;
tla	h:Ljava/lang/String;
tla	i:I
tla	im.l:Z
tla	im.m:I
tla	im.n:F
tla	im.o:F
tla	im.p:I
tla	j:I
tla	k:Ljava/lang/String;
tla	l:Z
tla	qfa.eb:Z
tlb	a:I
tlb	b:I
tlb	c:Z
tlb	d:Z
tlb	e:I
tm	VoidHunters.G:I
tm	li.i:Z
tm	o:[[I
tm	og.r:Lha;
tm	p:Ljava/lang/String;
tma	VoidHunters.G:I
tma	ahb.o:Lij;
tma	cnb.q:Lij;
tma	dnb.d:I
tma	faa.e:I
tma	kob.d:Z
tma	kob.f:[B
tma	o:Ljava/lang/String;
tma	p:Luja;
tma	q:Lslb;
tma	qga.b:Lfaa;
tma	r:Lij;
tma	tpa.d:I
tma	tpa.f:Ljava/lang/String;
tmb	VoidHunters.G:I
tmb	bk.w:Lfaa;
tmb	faa.e:I
tmb	faa.h:[B
tmb	nsb.a:I
tmb	o:I
tn	b:Ljava/lang/String;
tna	gp.q:[Ljava/lang/String;
tna	o:I
tnb	ena.o:[Ljava/lang/String;
tnb	hab.g:[Lwfb;
tnb	lib.o:Ljava/util/Calendar;
tnb	o:I
tnb	p:Ljava/lang/String;
tnb	waa.D:[Ljava/lang/String;
tnb	wfb.f:Z
to	o:Lclb;
to	p:[Ljava/lang/String;
to	q:Ljava/lang/String;
to	s.o:Lud;
toa	VoidHunters.G:I
toa	a:I
toa	b:I
toa	c:[I
tob	k:Lqfa;
tob	l:Ljava/lang/String;
tob	lsa.e:Lllb;
tob	m:I
tob	n:J
tob	o:Ldja;
tob	qfa.c:Ljaggl/OpenGL;
tp	tia.J:[I
tpa	a:Lri;
tpa	g:Z
tpb	a:I
tpb	b:Lml;
tq	o:[Ljava/lang/String;
tqa	o:Ljava/lang/String;
tr	VoidHunters.G:I
tr	a:[I
tr	b:Ljava/lang/String;
tr	dsa.p:Ljava/lang/String;
tr	hab.g:[Lwfb;
tr	java/lang/System.out:Ljava/io/PrintStream;
tr	nrb.b:[Lpgb;
tr	ou.q:I
tr	sja.d:Ljava/lang/String;
tr	so.a:I
tr	so.c:I
tr	sp.p:[I
tr	wfb.r:Z
tra	o:Lllb;
tra	p:[F
trb	wkb.c:I
ts	VoidHunters.G:I
ts	a:Ljava/lang/String;
ts	am.q:I
ts	b:Lqfa;
ts	c:J
ts	cma.a:I
ts	dpa.p:Lfaa;
ts	ds.g:I
ts	eab.n:Ljava/awt/EventQueue;
ts	hda.a:Z
ts	hu.b:I
ts	kc.b:I
ts	kv.e:I
ts	nlb.p:I
ts	oq.H:I
ts	pba.o:I
ts	qs.a:I
ts	ro.a:I
ts	rpa.b:I
ts	tda.K:I
ts	uia.b:I
ts	upb.c:Z
ts	wj.q:Lswa;
ts	wt.a:I
tsa	VoidHunters.G:I
tsa	d:Ljava/lang/String;
tsa	dla.d:I
tsa	e:I
tsa	ek.o:I
tsa	f:Lij;
tsa	fwa.h:I
tsa	g:I
tsa	h:I
tsa	hpa.p:I
tsa	io.p:I
tsa	jwa.l:I
tsa	ua.o:I
tsa	wdb.vb:I
tsb	o:[Ljava/lang/String;
tsb	p:Ljava/lang/String;
tsb	tj.q:I
tt	VoidHunters.G:I
tt	a:Ljava/lang/String;
tt	anb.k:Lml;
tt	b:I
tt	c:Ldja;
tt	d:I
tt	java/lang/System.out:Ljava/io/PrintStream;
tt	rba.b:[[I
tt	rsb.e:Llbb;
tt	rsb.g:Lpe;
tta	o:Ljava/lang/String;
tta	p:I
ttb	A:I
ttb	B:C
ttb	C:[Lphb;
ttb	E:I
ttb	F:Lphb;
ttb	G:I
ttb	H:I
ttb	VoidHunters.G:I
ttb	dma.a:I
ttb	dma.d:I
ttb	f:I
ttb	g:I
ttb	h:I
ttb	phb.q:I
ttb	r:I
ttb	t:I
ttb	u:Lphb;
ttb	v:I
ttb	w:I
ttb	x:Z
ttb	y:Lphb;
ttb	z:Ljava/lang/String;
tu	a:Lwi;
tu	b:Ljra;
tu	c:[C
tu	d:I
tua	a:I
tua	b:Ljava/lang/String;
tua	z:Ljava/lang/String;
tw	VoidHunters.G:I
tw	a:Lboa;
tw	b:I
tw	c:Ldv;
tw	d:Lso;
tw	e:Ltwa;
tw	f:[Lcaa;
tw	java/lang/System.out:Ljava/io/PrintStream;
twa	a:I
twa	b:[Ljava/lang/String;
twa	ega.p:Ljava/lang/String;
twa	java/lang/System.out:Ljava/io/PrintStream;
twa	klb.r:Lida;
twa	tla.c:Z
twa	vu.xb:Z
u	o:Ljava/lang/String;
u	p:I
u	q:F
u	s:Ljava/lang/String;
ua	VoidHunters.G:I
ua	o:I
uaa	dpa.p:Lfaa;
uaa	o:I
uaa	p:Ljava/lang/String;
uab	a:Ljava/lang/String;
uab	am.q:I
uab	b:I
uab	knb.o:Z
uab	wj.q:Lswa;
ub	d:[Ljava/lang/String;
ub	e:Lclb;
ub	f:[I
ub	g:Ljava/lang/String;
ub	h:Ljava/lang/String;
uba	VoidHunters.G:I
uba	ata.K:Lphb;
uba	bjb.p:[Lqsa;
uba	cg.o:Lphb;
uba	db.p:Lphb;
uba	dma.g:I
uba	dma.j:I
uba	gnb.a:I
uba	hcb.p:I
uba	nd.r:I
uba	qsa.a:I
uba	qsa.c:Ljava/lang/Object;
uba	reb.a:Lphb;
ubb	VoidHunters.G:I
ubb	b:Lmj;
ubb	e:I
ubb	f:Lkb;
ubb	h:Ljp;
ubb	j:Lphb;
ubb	java/lang/System.out:Ljava/io/PrintStream;
ubb	jp.Nc:I
ubb	k:Ljava/lang/String;
ubb	l:I
ubb	m:I
ubb	mj.d:Lmj;
ubb	mj.f:Lmj;
ubb	nia.o:Z
ubb	qua.d:Lkb;
uc	VoidHunters.G:I
uc	a:Ljava/lang/String;
uc	qd.a:[Z
uca	A:I
uca	C:I
uca	D:Ljava/lang/String;
uca	E:Lij;
uca	F:I
uca	G:Z
uca	H:I
uca	I:I
uca	J:I
uca	K:Lnpb;
uca	L:I
uca	M:I
uca	N:Z
uca	O:I
uca	P:Lij;
uca	Q:I
uca	R:I
uca	S:I
uca	T:Z
uca	U:I
uca	V:[I
uca	VoidHunters.G:I
uca	W:Lsg;
uca	X:Z
uca	Y:[I
uca	Z:Lhw;
uca	a:[I
uca	ab:Z
uca	ada.a:[I
uca	aeb.a:Z
uca	aj.o:Ljava/lang/String;
uca	ak.o:Z
uca	aka.p:Z
uca	anb.d:I
uca	anb.e:I
uca	aqa.a:[Ljava/lang/String;
uca	aqb.f:I
uca	asb.b:Ljava/lang/String;
uca	b:Lhw;
uca	baa.p:I
uca	bf.a:Lllb;
uca	bg.o:Z
uca	bhb.g:I
uca	bib.f:I
uca	bjb.p:[Lqsa;
uca	bnb.o:I
uca	boa.c:[I
uca	bpb.p:[[Lphb;
uca	bpb.q:[Ljava/lang/String;
uca	bra.f:[Ljava/lang/String;
uca	bsb.a:I
uca	bt.b:Ljava/lang/String;
uca	bta.p:I
uca	bw.c:Ljava/lang/String;
uca	c:[I
uca	cab.p:I
uca	ceb.q:I
uca	chb.a:I
uca	cka.p:I
uca	cna.zb:[I
uca	cnb.o:I
uca	cq.d:I
uca	cq.e:I
uca	cq.f:I
uca	cq.g:I
uca	cra.o:I
uca	ct.b:Ljava/lang/String;
uca	cw.o:Lkla;
uca	d:I
uca	deb.b:Ljava/lang/String;
uca	di.l:Lkda;
uca	di.p:I
uca	dma.g:I
uca	dma.i:[I
uca	dma.j:I
uca	dn.q:I
uca	dob.p:Ljava/lang/String;
uca	dpa.p:Lfaa;
uca	ds.g:I
uca	dv.f:I
uca	e:[I
uca	ecb.a:[I
uca	edb.o:[I
uca	ee.q:[[Ljava/lang/String;
uca	ema.o:[Lmfb;
uca	eoa.a:Llta;
uca	epb.m:Lphb;
uca	era.p:I
uca	es.b:Lkc;
uca	et.a:I
uca	et.b:I
uca	f:Z
uca	fa.d:[Lgd;
uca	fa.e:[Ljava/lang/String;
uca	faa.h:[B
uca	fba.c:Ljava/lang/String;
uca	ffa.a:I
uca	fla.o:Ljava/lang/String;
uca	fnb.a:I
uca	fnb.b:I
uca	foa.p:I
uca	fq.o:[I
uca	fra.a:I
uca	fva.p:Z
uca	fwa.g:Lcoa;
uca	g:I
uca	gda.d:I
uca	gh.o:Ljava/lang/String;
uca	gl.b:Ljava/lang/String;
uca	glb.c:[Ljava/lang/String;
uca	gmb.a:Ljava/lang/String;
uca	gnb.a:I
uca	gs.c:I
uca	h:Z
uca	hba.o:I
uca	hca.o:Lllb;
uca	hcb.p:I
uca	hjb.o:Labb;
uca	hna.e:I
uca	hna.k:I
uca	hna.n:I
uca	hna.o:I
uca	hna.p:I
uca	hna.q:I
uca	hna.r:Ltw;
uca	i:I
uca	ica.o:Ljava/lang/String;
uca	ifa.d:I
uca	igb.b:Ljava/lang/String;
uca	ih.f:[Ljava/lang/String;
uca	ihb.d:I
uca	ihb.e:I
uca	ip.p:Ljava/awt/Dimension;
uca	it.d:I
uca	it.e:I
uca	it.i:I
uca	it.k:I
uca	it.l:I
uca	ita.A:Ljava/lang/String;
uca	iva.p:I
uca	j:[I
uca	java/awt/Dimension.height:I
uca	java/awt/Dimension.width:I
uca	java/lang/System.out:Ljava/io/PrintStream;
uca	jda.o:[Ljava/lang/String;
uca	jea.p:I
uca	jh.o:Ljava/lang/String;
uca	jkb.a:Z
uca	jmb.p:I
uca	jn.c:Ljava/lang/String;
uca	jo.b:I
uca	jo.d:[I
uca	jo.h:I
uca	jp.Oc:I
uca	jrb.o:I
uca	js.o:I
uca	jsb.e:[Ljava/lang/String;
uca	ju.o:Ljava/lang/String;
uca	jw.c:Z
uca	k:I
uca	kaa.o:[Ljava/lang/String;
uca	kc.b:I
uca	kc.f:Lboa;
uca	kda.j:Lova;
uca	kdb.o:I
uca	ki.o:I
uca	kia.a:Ljava/lang/String;
uca	kmb.d:Ljava/lang/String;
uca	ko.e:[Lphb;
uca	kpa.o:Ljava/lang/String;
uca	kpb.s:[Ljo;
uca	kr.a:[Ljava/lang/String;
uca	ks.o:Ljava/lang/String;
uca	ktb.q:I
uca	l:Z
uca	lcb.o:Z
uca	lcb.q:[Lml;
uca	lfa.m:I
uca	lgb.o:I
uca	lh.a:Ljava/lang/String;
uca	lhb.a:Lno;
uca	li.i:Z
uca	lj.a:I
uca	lja.b:I
uca	ljb.p:Ljava/lang/String;
uca	ll.p:Laja;
uca	llb.G:I
uca	llb.H:Ljava/lang/String;
uca	llb.K:I
uca	llb.L:I
uca	llb.M:I
uca	llb.O:Z
uca	llb.R:Ljava/lang/String;
uca	llb.eb:Lno;
uca	llb.gb:[Lphb;
uca	llb.hb:I
uca	llb.mb:[Lphb;
uca	llb.o:I
uca	llb.u:I
uca	lqb.o:[[I
uca	lrb.e:I
uca	lta.a:F
uca	lta.b:F
uca	lta.c:F
uca	lta.d:I
uca	lta.e:I
uca	lta.f:[I
uca	lua.d:I
uca	lw.d:I
uca	lw.g:I
uca	lw.h:I
uca	lw.j:I
uca	lw.k:I
uca	lw.l:I
uca	lw.m:I
uca	m:Loma;
uca	mbb.b:Z
uca	mbb.c:I
uca	mbb.d:Ljava/lang/String;
uca	mdb.o:I
uca	me.r:Z
uca	mgb.q:I
uca	mib.c:I
uca	mib.f:Lij;
uca	mib.g:I
uca	mib.k:Z
uca	ml.c:Lqjb;
uca	mm.Gb:Z
uca	mm.Pb:[B
uca	mm.Sb:Lllb;
uca	mm.Tb:Lllb;
uca	mm.ac:Z
uca	mm.cc:Z
uca	mm.dc:Lllb;
uca	mm.fc:Z
uca	mmb.b:Ljava/lang/String;
uca	mmb.d:[Laja;
uca	mna.c:Ljava/lang/String;
uca	mwa.o:Ljava/lang/String;
uca	n:Z
uca	na.q:I
uca	nb.o:Ljava/lang/String;
uca	nbb.k:Lml;
uca	nd.p:I
uca	nda.q:I
uca	ndb.b:Ljava/lang/String;
uca	nhb.p:Z
uca	nna.C:Ldjb;
uca	noa.q:I
uca	nrb.a:Ljava/lang/String;
uca	nrb.b:[Lpgb;
uca	nsb.a:I
uca	nw.o:I
uca	o:I
uca	obb.o:[Ljava/lang/String;
uca	oeb.o:I
uca	og.r:Lha;
uca	ok.a:Ljava/lang/String;
uca	oma.a:I
uca	oma.e:Z
uca	oma.h:[Ljava/lang/String;
uca	oma.j:I
uca	oma.l:Lmib;
uca	onb.a:I
uca	oq.E:I
uca	oq.H:I
uca	oq.I:I
uca	oq.c:I
uca	oq.d:I
uca	oq.l:I
uca	oq.s:I
uca	orb.o:Ljava/lang/String;
uca	ou.o:Ljava/lang/String;
uca	ou.q:I
uca	p:I
uca	paa.p:Ljava/lang/String;
uca	pba.o:I
uca	pca.i:[Luj;
uca	pca.m:I
uca	pcb.o:Z
uca	pd.g:[[I
uca	pe.u:Lfba;
uca	pfb.a:Ljava/lang/String;
uca	pgb.a:I
uca	pgb.d:Ljava/lang/String;
uca	pgb.e:Ljava/lang/String;
uca	phb.p:I
uca	phb.q:I
uca	phb.r:[I
uca	pk.o:I
uca	pma.o:I
uca	pra.q:Ljava/lang/String;
uca	ptb.f:Ljava/lang/String;
uca	pu.c:[Ljava/lang/String;
uca	q:[Z
uca	qb.a:[Ljava/lang/String;
uca	qcb.r:Ljava/lang/String;
uca	qd.c:Ljava/lang/String;
uca	qe.o:Ljava/lang/String;
uca	qhb.o:I
uca	qjb.a:Ljava/lang/String;
uca	qjb.c:I
uca	qla.o:Ljava/lang/String;
uca	qoa.o:I
uca	qs.a:I
uca	qsa.a:I
uca	qsa.c:Ljava/lang/Object;
uca	r:I
uca	ra.p:Ljava/lang/String;
uca	rba.c:I
uca	rba.d:I
uca	rba.f:I
uca	rba.i:I
uca	rca.a:Ljava/lang/String;
uca	rh.p:Ljava/lang/String;
uca	rha.a:I
uca	rha.b:I
uca	rha.c:I
uca	rha.e:I
uca	ri.b:Ljava/lang/String;
uca	rla.x:I
uca	rma.b:I
uca	ro.b:Ljava/lang/String;
uca	ro.c:I
uca	rob.p:Ljava/lang/String;
uca	rsb.c:[Lbha;
uca	rsb.d:Lnwa;
uca	rsb.e:Llbb;
uca	rsb.g:Lpe;
uca	rua.p:I
uca	rw.n:F
uca	s:Z
uca	sab.o:I
uca	se.b:Ljava/lang/String;
uca	sg.d:I
uca	sg.e:I
uca	sg.k:Lml;
uca	sg.w:Z
uca	si.o:[Z
uca	sja.c:I
uca	ska.m:[I
uca	sn.Y:Z
uca	so.a:I
uca	so.b:I
uca	so.c:I
uca	t:I
uca	tab.o:Ljava/lang/String;
uca	tcb.o:I
uca	tcb.q:I
uca	tfa.a:Z
uca	tfa.c:I
uca	tfa.d:I
uca	tfa.e:I
uca	tfa.f:I
uca	tfa.h:I
uca	tfa.i:[I
uca	tfa.j:I
uca	tfa.l:I
uca	tfa.m:I
uca	tfa.n:I
uca	tga.M:[Ljava/lang/String;
uca	ti.i:Ljava/lang/String;
uca	tq.o:[Ljava/lang/String;
uca	tu.d:I
uca	tw.a:Lboa;
uca	tw.d:Lso;
uca	tw.e:Ltwa;
uca	u.r:I
uca	u:I
uca	ucb.a:I
uca	ucb.b:I
uca	ue.a:I
uca	uga.d:Z
uca	uia.b:I
uca	uj.b:Ljava/lang/String;
uca	ujb.c:I
uca	uka.o:Ljava/lang/String;
uca	ul.a:I
uca	una.a:Ljava/lang/String;
uca	una.e:I
uca	una.g:I
uca	upb.b:Ljava/lang/String;
uca	uu.a:I
uca	uw.d:Ljava/lang/String;
uca	v:Lbv;
uca	vba.t:Ljava/lang/String;
uca	veb.a:Ljava/lang/String;
uca	vfa.d:[Lphb;
uca	via.b:I
uca	vk.o:Ljava/lang/String;
uca	vn.m:I
uca	vnb.p:I
uca	vqa.g:Luca;
uca	vs.o:Ljava/lang/String;
uca	vu.Db:I
uca	vv.c:I
uca	w:F
uca	wfb.a:I
uca	wgb.f:I
uca	wha.a:I
uca	wkb.c:I
uca	wkb.e:[Ljava/lang/String;
uca	wm.a:Z
uca	wpa.r:I
uca	wqb.c:[Ljava/lang/String;
uca	wqb.d:Ljava/lang/String;
uca	x:Z
uca	y:I
uca	z:Z
uca	za.d:I
ucb	VoidHunters.G:I
ucb	a:I
ucb	b:I
ucb	kf.a:I
ucb	phb.m:I
ucb	phb.n:I
ucb	phb.p:I
ucb	phb.q:I
ud	R:Ljava/lang/String;
uda	VoidHunters.G:I
uda	a:Ljava/lang/String;
uda	b:I
uda	c:Ljava/lang/String;
uda	d:Lpf;
uda	djb.s:[[Lima;
uda	nma.b:[Lda;
uda	og.r:Lha;
uda	ok.b:[Lsw;
uda	po.o:Z
udb	VoidHunters.G:I
ue	VoidHunters.G:I
ue	a:I
ue	ag.p:I
ue	b:Ljp;
ue	c:Ljava/lang/String;
ue	d:J
ue	eh.p:I
ue	skb.o:Lbc;
uea	VoidHunters.G:I
uea	bk.w:Lfaa;
uea	htb.e:Z
uea	htb.n:I
uea	htb.u:Z
uea	htb.x:Z
uea	im.q:Lfaa;
uea	ip.p:Ljava/awt/Dimension;
uea	java/awt/Dimension.height:I
uea	java/awt/Dimension.width:I
uea	li.i:Z
uea	lo.a:[Lwf;
uea	nma.b:[Lda;
uea	noa.q:I
uea	og.r:Lha;
uea	p:Ljava/lang/String;
uea	pk.o:I
uea	q:[Lvv;
uea	r:Lvv;
uea	shb.f:I
uea	shb.g:I
uea	shb.h:I
uea	shb.r:I
uea	vv.b:[Lphb;
uea	vv.e:Lphb;
uea	wca.b:Ldla;
uea	wna.e:Z
ueb	hb.a:I
ueb	o:Ljava/lang/String;
uf	B:I
uf	C:I
uf	D:J
uf	E:Ljava/awt/Frame;
uf	F:Ljava/lang/String;
uf	G:Z
uf	H:I
uf	I:Z
uf	J:J
uf	K:I
uf	VoidHunters.G:I
uf	ela.o:I
uf	fra.b:I
uf	gi.b:I
uf	i:I
uf	ioa.o:I
uf	j:Ljava/lang/String;
uf	java/awt/datatransfer/DataFlavor.stringFlavor:Ljava/awt/datatransfer/DataFlavor;
uf	jib.o:Z
uf	js.r:I
uf	k.r:I
uf	kc.b:I
uf	l:Lsba;
uf	msa.s:Lrbb;
uf	n:I
uf	od.a:I
uf	q:Lwwa;
uf	rbb.o:Lwwa;
uf	rfa.o:Ljava/lang/String;
uf	s:I
uf	si.o:[Z
uf	tmb.o:I
uf	uia.b:I
uf	upb.c:Z
uf	x:Z
ufa	ds.e:I
ufa	ds.h:[B
ufa	o:Z
ufa	p:[C
ufa	sva.m:I
ufb	a:Z
ufb	b:Ljava/awt/Frame;
ufb	c:Ljava/lang/String;
ufb	d:[Ljava/lang/String;
ug	adb.a:I
ug	aea.a:I
ug	aea.b:I
ug	ak.o:Z
ug	ama.o:F
ug	ana.f:I
ug	apb.a:I
ug	apb.b:I
ug	aq.o:I
ug	as.d:I
ug	asa.e:I
ug	asb.f:I
ug	ava.a:I
ug	awa.q:I
ug	bba.a:I
ug	bhb.g:I
ug	bhb.i:I
ug	bia.c:I
ug	bjb.o:I
ug	bka.p:I
ug	bma.n:I
ug	bn.a:I
ug	bnb.o:I
ug	bpa.a:I
ug	bra.d:I
ug	brb.o:I
ug	bta.p:I
ug	bta.q:I
ug	btb.a:Z
ug	bv.e:I
ug	cab.p:I
ug	cca.p:I
ug	ceb.p:Z
ug	cg.r:I
ug	cha.p:I
ug	chb.a:I
ug	cia.a:I
ug	clb.a:I
ug	cnb.p:I
ug	coa.f:I
ug	cp.f:I
ug	cqa.p:I
ug	cra.o:I
ug	cva.o:I
ug	db.q:I
ug	dca.o:I
ug	dcb.d:I
ug	dcb.f:I
ug	de.p:I
ug	de.q:I
ug	df.p:I
ug	dfa.a:I
ug	di.p:I
ug	dla.c:I
ug	dr.a:I
ug	ds.d:I
ug	dw.b:I
ug	ea.j:I
ug	eca.e:I
ug	ed.o:I
ug	ee.p:I
ug	eg.o:I
ug	eha.q:I
ug	ehb.e:I
ug	ei.a:I
ug	ela.q:I
ug	ena.q:I
ug	enb.c:I
ug	era.p:I
ug	eta.b:I
ug	ew.o:Z
ug	fd.p:I
ug	ffa.b:I
ug	fj.b:I
ug	fja.o:I
ug	fmb.r:I
ug	fna.o:I
ug	fna.p:I
ug	foa.p:I
ug	fob.c:I
ug	fra.a:I
ug	ftb.o:I
ug	fua.o:Z
ug	fua.q:I
ug	gaa.p:I
ug	gba.r:I
ug	gbb.o:I
ug	gcb.p:Z
ug	gda.d:I
ug	ge.c:I
ug	gib.a:I
ug	gka.q:I
ug	gkb.o:I
ug	gl.d:I
ug	gnb.a:I
ug	gra.o:I
ug	gs.c:I
ug	gtb.c:I
ug	gu.p:I
ug	hb.a:I
ug	hba.o:I
ug	hbb.z:I
ug	hrb.a:I
ug	hw.b:I
ug	ibb.a:I
ug	ie.p:I
ug	iea.d:I
ug	ifa.d:I
ug	ina.p:I
ug	ioa.p:I
ug	itb.o:I
ug	iva.p:I
ug	java/lang/System.out:Ljava/io/PrintStream;
ug	jga.a:I
ug	jj.o:I
ug	jj.p:F
ug	jnb.o:I
ug	jo.e:I
ug	joa.a:I
ug	jra.c:I
ug	js.s:I
ug	jsb.d:I
ug	jt.p:I
ug	jtb.m:I
ug	jw.c:Z
ug	kcb.o:I
ug	kg.o:I
ug	khb.c:I
ug	ki.o:I
ug	klb.p:I
ug	km.o:I
ug	kmb.f:I
ug	ktb.q:I
ug	ku.c:I
ug	kva.g:I
ug	la.k:I
ug	la.m:I
ug	laa.o:I
ug	lcb.o:Z
ug	ldb.q:I
ug	lfa.j:Z
ug	lja.d:I
ug	ljb.o:I
ug	lob.b:I
ug	lr.p:I
ug	lrb.e:I
ug	ls.p:I
ug	ls.r:I
ug	ltb.p:I
ug	lua.d:I
ug	m.p:I
ug	mbb.b:Z
ug	mbb.c:I
ug	mc.u:I
ug	me.r:Z
ug	mmb.g:I
ug	mmb.i:I
ug	mp.o:I
ug	mq.j:I
ug	mqa.s:I
ug	mra.o:I
ug	mtb.o:I
ug	nca.o:I
ug	nda.q:I
ug	ne.v:Z
ug	nl.n:F
ug	nn.a:I
ug	nnb.e:I
ug	nob.p:I
ug	np.o:I
ug	nra.b:I
ug	nsa.o:I
ug	nsb.a:I
ug	nu.p:I
ug	nu.q:I
ug	nua.o:I
ug	nw.o:I
ug	o:[Ljava/lang/Object;
ug	oaa.i:I
ug	ofb.o:Z
ug	oga.o:I
ug	oma.i:F
ug	ooa.xb:I
ug	op.p:I
ug	opb.o:I
ug	oq.A:I
ug	oq.C:I
ug	oq.E:I
ug	oq.G:I
ug	oq.I:I
ug	oq.a:I
ug	oq.c:I
ug	oq.d:I
ug	oq.e:I
ug	oq.g:I
ug	oq.h:I
ug	oq.j:I
ug	oq.k:I
ug	oq.l:I
ug	oq.m:I
ug	oq.n:I
ug	oq.o:I
ug	oq.p:I
ug	oq.q:I
ug	oq.s:I
ug	oq.t:I
ug	oq.v:I
ug	oq.w:I
ug	oq.x:I
ug	oq.y:I
ug	oq.z:I
ug	osb.b:I
ug	ou.r:I
ug	pab.m:I
ug	pca.m:I
ug	pcb.o:Z
ug	pea.a:I
ug	pea.b:I
ug	pmb.p:I
ug	pt.o:I
ug	pwa.b:I
ug	qaa.a:F
ug	qaa.b:I
ug	qab.d:I
ug	qca.wb:I
ug	qca.yb:I
ug	qea.o:I
ug	qea.q:I
ug	qh.J:I
ug	qhb.o:I
ug	qjb.d:I
ug	qmb.p:I
ug	qoa.o:I
ug	qqb.b:I
ug	qra.o:I
ug	qrb.a:I
ug	qua.b:F
ug	qv.o:I
ug	r.k:I
ug	rfa.p:Z
ug	rjb.u:I
ug	rkb.o:I
ug	rla.x:I
ug	rlb.e:I
ug	rma.b:I
ug	rn.o:I
ug	rta.p:I
ug	rw.n:F
ug	sbb.p:I
ug	seb.o:I
ug	sib.i:I
ug	sja.b:I
ug	sja.i:I
ug	sl.a:I
ug	slb.a:I
ug	sn.Y:Z
ug	spa.a:I
ug	sva.m:I
ug	tcb.q:I
ug	tea.b:I
ug	tj.q:I
ug	tkb.p:I
ug	tta.p:I
ug	tu.d:I
ug	tua.a:I
ug	uaa.o:I
ug	uab.b:I
ug	uda.b:I
ug	ue.a:I
ug	uh.q:I
ug	uja.b:I
ug	ujb.h:I
ug	ul.a:I
ug	unb.o:Z
ug	upb.a:I
ug	us.f:I
ug	uua.o:I
ug	vc.p:I
ug	vdb.d:I
ug	veb.b:I
ug	vgb.o:I
ug	vha.p:I
ug	via.b:I
ug	voa.b:I
ug	voa.d:I
ug	vqa.k:I
ug	vt.o:I
ug	vv.c:I
ug	wda.p:I
ug	wda.q:I
ug	wda.s:I
ug	wf.e:I
ug	wha.a:I
ug	wj.o:I
ug	wj.p:I
ug	wja.b:I
ug	wk.a:I
ug	wkb.a:I
ug	wkb.b:I
ug	wkb.c:I
ug	wob.o:I
ug	wqa.b:I
ug	wr.o:I
ug	wra.p:I
ug	ww.o:I
uga	VoidHunters.G:I
uga	b:Lqfa;
uga	c:I
uga	d:Z
uga	e:Lbt;
uga	efb.b:Lvfa;
uga	f:[F
uga	g:Lfdb;
uga	h:Lllb;
uga	i:Ljjb;
uga	j:Lvab;
uga	jjb.b:Lob;
uga	jjb.d:Z
uga	jjb.e:[Laia;
uga	k:F
uga	meb.c:[F
uga	qfa.Bb:Lepb;
uga	qfa.Dc:I
uga	qfa.Mc:I
uga	qfa.Zb:Z
uga	qfa.i:F
uga	qfa.nb:F
uga	qfa.nc:F
uga	qfa.pc:F
uga	vab.b:I
uga	vfa.b:Z
ugb	VoidHunters.G:I
ugb	bja.p:[I
ugb	kmb.a:I
ugb	pgb.a:I
ugb	pgb.f:I
ugb	pgb.h:I
ugb	pgb.i:J
ugb	pgb.k:Z
ugb	qua.b:F
ugb	rqa.m:[I
ugb	wqa.a:J
uh	o:Ljava/lang/String;
uh	p:I
uh	q:I
uh	r:Ljava/lang/String;
uha	a:I
uha	b:I
uha	c:[I
uha	d:[I
uhb	VoidHunters.G:I
uhb	aq.p:[I
uhb	bs.b:[I
uhb	cl.b:[I
uhb	emb.p:I
uhb	hwa.o:Los;
uhb	java/lang/System.err:Ljava/io/PrintStream;
uhb	jt.o:Lvla;
uhb	klb.o:[I
uhb	lr.o:[I
uhb	mpb.h:[I
uhb	o:Ljava/lang/String;
uhb	oqa.o:I
uhb	pca.j:I
uhb	pja.n:[I
uhb	rua.q:[I
uhb	s.o:Lud;
uhb	wma.D:[S
uhb	wma.E:[B
uhb	wma.N:[S
uhb	wma.w:[S
uhb	wma.y:S
uhb	wma.z:B
ui	VoidHunters.G:I
ui	bfa.o:Lij;
ui	c.d:I
ui	c.e:J
ui	c.f:[B
ui	dpa.p:Lfaa;
ui	faa.e:I
ui	faa.h:[B
ui	jeb.b:Ljava/util/Random;
ui	npa.c:D
ui	oma.i:F
ui	rw.q:I
uia	a:Ljava/lang/String;
uia	b:I
uia	z:Ljava/lang/String;
uib	o:Ldja;
uib	p:[I
uib	pab.m:I
uj	a:[Z
uj	b:Ljava/lang/String;
uj	c:Ljava/lang/String;
uj	oq.l:I
uja	VoidHunters.G:I
uja	a:Ljava/lang/String;
uja	b:I
uja	fbb.i:I
uja	hla.a:[I
uja	iib.e:[I
uja	mma.a:I
uja	nhb.o:[I
uja	rlb.d:[I
uja	sg.H:I
uja	sh.a:[[B
uja	so.f:[I
ujb	VoidHunters.G:I
ujb	bea.e:I
ujb	c:I
ujb	d:Ljava/lang/String;
ujb	emb.o:[I
ujb	fmb.o:[I
ujb	fv.o:[I
ujb	g:I
ujb	h:I
ujb	hb.d:[I
ujb	hcb.o:I
ujb	hga.o:[I
ujb	hma.d:[I
ujb	j:Z
ujb	npa.d:I
ujb	pn.b:I
ujb	qbb.a:I
ujb	rha.d:I
ujb	sv.f:[I
uk	VoidHunters.G:I
uk	a:Ljava/lang/String;
uk	bva.g:Ljava/lang/String;
uk	fm.a:I
uk	fm.c:I
uk	hab.j:Ljava/lang/String;
uk	hwa.o:Los;
uk	jl.p:I
uk	nnb.d:Ljava/lang/String;
uk	rg.b:Z
uk	tla.c:Z
uk	vo.o:Ljava/lang/String;
uka	lua.d:I
uka	o:Ljava/lang/String;
uka	p:[Ljava/lang/String;
ukb	atb.d:I
ukb	dfa.b:Ljava/lang/String;
ukb	dpa.p:Lfaa;
ukb	faa.e:I
ukb	haa.o:Ljava/lang/String;
ukb	hcb.o:I
ukb	iwa.b:I
ukb	kc.b:I
ukb	llb.eb:Lno;
ukb	mn.a:Ljava/lang/String;
ukb	nna.w:I
ukb	no.k:I
ukb	o:Lllb;
ukb	oha.p:Ljava/lang/String;
ukb	oja.o:Ljava/lang/String;
ukb	p:Ljava/lang/String;
ukb	q:Ljava/lang/String;
ukb	qc.q:Lllb;
ukb	tjb.Cb:Ljava/lang/String;
ukb	uia.b:I
ukb	vob.p:I
ul	VoidHunters.G:I
ul	a:I
ul	b:[Lllb;
ul	rba.b:[[I
ula	o:Ljava/lang/String;
ulb	VoidHunters.G:I
ulb	dm.b:Z
ulb	er.o:Z
ulb	hab.g:[Lwfb;
ulb	hsb.a:[Lcbb;
ulb	na.p:[Lka;
ulb	og.r:Lha;
ulb	wfb.b:I
ulb	wfb.i:I
ulb	wfb.v:[I
um	a:[B
um	b:I
um	c:[I
um	d:Z
um	java/lang/System.out:Ljava/io/PrintStream;
uma	a:I
uma	d:I
uma	e:I
uma	f:I
uma	g:I
uma	h:I
uma	i:I
umb	d:Lllb;
umb	e:Z
umb	f:I
umb	g:I
un	VoidHunters.G:I
un	cha.q:Ldka;
un	h:[I
un	phb.k:I
un	phb.l:I
un	phb.p:I
un	phb.q:I
un	phb.r:[I
una	VoidHunters.G:I
una	a:Ljava/lang/String;
una	b:[Lbba;
una	c:I
una	d:[I
una	e:I
una	ep.o:Lkb;
una	f:Ljava/lang/String;
una	g:I
una	gka.p:Lkb;
una	java/lang/System.out:Ljava/io/PrintStream;
una	nw.p:Lkb;
una	qf.o:Lkb;
una	qua.d:Lkb;
una	vtb.o:Ldja;
una	wh.o:Lkb;
unb	o:Z
unb	p:I
uo	VoidHunters.G:I
uo	caa.i:[I
uo	caa.j:[B
uo	cw.p:[Lcaa;
uo	dma.g:I
uo	dma.j:I
uo	dw.b:I
uo	eia.o:[Lphb;
uo	fja.q:[Lcaa;
uo	igb.a:Ljava/awt/Canvas;
uo	loa.o:Lno;
uo	oqa.q:[Lphb;
uo	phb.p:I
uo	phb.q:I
uo	ps.a:[Lphb;
uo	tw.f:[Lcaa;
uo	vob.r:Lno;
uo	vsa.p:[Lphb;
uo	web.o:Lno;
uo	wf.a:Lphb;
uoa	VoidHunters.G:I
uoa	a:I
uoa	b:I
uoa	dkb.b:F
uoa	java/lang/System.out:Ljava/io/PrintStream;
uoa	li.i:Z
uoa	mmb.d:[Laja;
uoa	mnb.g:Ljava/lang/String;
uoa	rsb.e:Llbb;
uob	VoidHunters.G:I
uob	b:Lqfa;
uob	c:Lbt;
uob	d:Z
uob	e:Z
uob	f:Ljava/lang/String;
uob	g:[[I
uob	hab.j:Ljava/lang/String;
uob	klb.r:Lida;
uob	qfa.Bb:Lepb;
uob	qfa.S:Z
uob	vqa.i:Lgoa;
up	VoidHunters.G:I
up	o:Lkhb;
up	p:Ljava/lang/String;
upa	a:Z
upb	a:I
upb	b:Ljava/lang/String;
upb	c:Z
upb	mgb.o:Z
upb	wba.o:[I
uqa	o:[I
uqa	q:Ldja;
uqa	unb.o:Z
uqb	VoidHunters.G:I
uqb	bha.a:Z
uqb	bnb.p:I
uqb	d:Lpwa;
uqb	e:I
uqb	f:Z
uqb	g:Z
uqb	gqa.a:I
uqb	gqa.b:Ljava/lang/String;
uqb	h:I
uqb	hg.d:I
uqb	pwa.d:Lhg;
uqb	pwa.e:Lgqa;
uqb	pwa.f:Lgtb;
uqb	tja.c:[Lbha;
ur	VoidHunters.G:I
ur	mbb.c:I
ur	wma.D:[S
ur	wma.E:[B
ur	wma.G:[S
ur	wma.I:[S
ur	wma.J:S
ur	wma.K:[S
ur	wma.L:S
ur	wma.N:[S
ur	wma.b:[S
ur	wma.c:[S
ur	wma.f:[S
ur	wma.i:[S
ur	wma.j:[S
ur	wma.k:[S
ur	wma.m:[S
ur	wma.n:[S
ur	wma.o:[S
ur	wma.p:[S
ur	wma.r:[S
ur	wma.v:[S
ur	wma.w:[S
ur	wma.y:S
ur	wma.z:B
urb	o:Lqca;
urb	p:Ljava/lang/String;
urb	wda.q:I
us	d:Lpfb;
us	e:Ljava/lang/String;
us	f:I
us	g:J
us	noa.p:Ldka;
usa	o:Lvoa;
usb	A:[I
usb	B:I
usb	VoidHunters.G:I
usb	dma.g:I
usb	dma.j:I
usb	f:I
usb	h:I
usb	no.A:I
usb	no.o:I
usb	shb.f:I
usb	shb.g:I
usb	shb.h:I
usb	shb.r:I
usb	u:[Lshb;
usb	v:[I
usb	w:I
usb	x:I
usb	y:[I
usb	z:I
ut	a:Ljava/lang/String;
ut	dpa.p:Lfaa;
ut	faa.e:I
uta	ada.b:Lpia;
uta	hca.o:Lllb;
uta	llb.M:I
uta	llb.u:I
uta	o:Ljava/lang/String;
uta	p:Ljava/lang/String;
uta	q:[I
uu	a:I
uu	b:Ljava/awt/Canvas;
uu	c:Ljava/lang/String;
uua	o:I
uua	p:Ljava/lang/String;
uv	VoidHunters.G:I
uv	a:[I
uv	b:I
uv	c:I
uv	d:I
uv	e:I
uv	f:Ljava/lang/String;
uv	fua.o:Z
uv	g:I
uv	h:I
uv	i:I
uv	j:Lno;
uv	jla.u:Z
uv	jla.x:Z
uv	k:I
uv	kba.a:Llta;
uv	l:I
uv	li.i:Z
uv	lta.d:I
uv	m:I
uv	n:I
uv	og.r:Lha;
uv	shb.f:I
uv	shb.g:I
uv	shb.h:I
uv	shb.j:Ljava/lang/String;
uv	shb.r:I
uva	e:I
uva	f:[I
uva	i:[I
uw	d:Ljava/lang/String;
uw	oq.g:I
uw	oq.p:I
uw	pk.p:I
uw	qfa.g:Z
uw	qfa.n:Z
uwa	a:I
uwa	b:I
uwa	c:I
uwa	d:I
uwa	dma.g:I
uwa	dma.i:[I
uwa	dma.j:I
uwa	e:Lanb;
uwa	f:I
uwa	g:I
uwa	h:I
uwa	i:I
v	C:I
v	E:I
v	G:Lhma;
v	VoidHunters.G:I
v	fbb.i:I
v	h:I
v	hja.o:[[B
v	hla.a:[I
v	iib.e:[I
v	mk.o:[Z
v	mma.a:I
v	nhb.o:[I
v	rlb.d:[I
v	sg.H:I
v	sh.a:[[B
v	so.f:[I
va	VoidHunters.G:I
va	dpa.p:Lfaa;
va	faa.e:I
vaa	o:Ljava/lang/String;
vab	VoidHunters.G:I
vab	a:Ljava/lang/String;
vab	b:I
vab	c:Lqfa;
vba	iva.p:I
vba	o:[I
vba	p:[[I
vba	q:[I
vba	qn.h:Lida;
vba	r:[I
vba	s:[I
vba	t:Ljava/lang/String;
vba	wg.p:Ljava/lang/String;
vbb	VoidHunters.G:I
vbb	bc.b:Lij;
vbb	ce.p:Lij;
vbb	dma.a:I
vbb	dma.c:I
vbb	dma.d:I
vbb	dma.f:I
vbb	dma.g:I
vbb	dma.i:[I
vbb	dma.j:I
vbb	ei.a:I
vbb	hab.i:I
vbb	lua.c:I
vbb	mt.o:I
vbb	o:[I
vbb	ob.j:I
vbb	p:Z
vbb	rba.b:[[I
vc	lo.a:[Lwf;
vc	p:I
vc	vba.p:[[I
vcb	A:Lhtb;
vcb	B:I
vcb	C:Lhtb;
vcb	D:Lhtb;
vcb	E:[[B
vcb	F:I
vcb	G:Z
vcb	H:I
vcb	J:I
vcb	K:I
vcb	L:I
vcb	M:I
vcb	N:Lhtb;
vcb	P:Lef;
vcb	VoidHunters.G:I
vcb	cu.p:Ljava/lang/String;
vcb	ef.f:I
vcb	ef.g:I
vcb	ef.h:I
vcb	ef.n:I
vcb	ef.r:I
vcb	ef.t:Lshb;
vcb	f:I
vcb	g:I
vcb	h:I
vcb	hlb.p:I
vcb	htb.f:I
vcb	htb.g:I
vcb	htb.h:I
vcb	htb.r:I
vcb	htb.x:Z
vcb	htb.z:I
vcb	kc.b:I
vcb	l:Lsba;
vcb	lnb.i:Ljv;
vcb	r:I
vcb	rn.l:[I
vcb	rn.m:[C
vcb	rn.n:[I
vcb	rn.p:Ljava/lang/String;
vcb	rn.q:[C
vcb	si.o:[Z
vcb	u:[Lshb;
vcb	uia.b:I
vcb	usa.o:Lvoa;
vcb	v:Lhtb;
vcb	w:Z
vcb	x:I
vcb	y:Z
vcb	z:Ldja;
vda	aaa.b:Lvka;
vda	ew.p:Ldra;
vda	flb.o:Lvka;
vda	hlb.p:I
vda	kpb.q:Lqkb;
vda	mw.e:I
vda	o:Ljava/lang/String;
vda	p:Ljava/lang/String;
vda	q:Ljava/lang/String;
vdb	VoidHunters.G:I
vdb	ae.j:I
vdb	d:I
vdb	ei.c:Lae;
vdb	kc.b:I
vdb	kc.e:[I
vdb	oq.H:I
vdb	oqa.p:I
vdb	qaa.b:I
vdb	qs.a:I
vdb	uia.b:I
ve	VoidHunters.G:I
ve	p:I
vea	ceb.p:Z
vea	o:[J
vea	p:Lsoa;
veb	a:Ljava/lang/String;
veb	b:I
veb	c:Ljava/lang/String;
veb	z:Ljava/lang/String;
vf	a:Lkba;
vf	b:Luq;
vfa	VoidHunters.G:I
vfa	a:Lnka;
vfa	b:Z
vfa	bm.o:Leab;
vfa	c:I
vfa	d:[Lphb;
vfa	dma.g:I
vfa	dma.j:I
vfa	e:I
vfa	f:I
vfa	fua.p:I
vfa	g:I
vfa	h:I
vfa	hcb.o:I
vfa	i:I
vfa	j:F
vfa	k:I
vfa	l:I
vfa	m:I
vfa	n:I
vfa	o:I
vfa	p:Lij;
vfa	psb.b:Lufb;
vfa	q:I
vfa	qn.h:Lida;
vfa	qob.b:I
vfa	qtb.o:I
vfa	r:I
vfa	rda.p:I
vfa	rda.q:Z
vfa	s:I
vfa	t:I
vfb	a:Ljava/lang/String;
vg	o:Ljava/util/Random;
vg	p:[Ljava/lang/String;
vga	VoidHunters.G:I
vga	a:Lfh;
vga	c:Lfh;
vga	d:I
vga	dpa.p:Lfaa;
vga	faa.e:I
vga	fh.d:Lfh;
vga	fh.e:Lfh;
vga	ks.q:[C
vgb	o:I
vgb	p:[I
vgb	q:Ljava/lang/String;
vh	VoidHunters.G:I
vh	a:Lfh;
vh	b:Lfh;
vh	c:[Lllb;
vh	fh.d:Lfh;
vh	fh.e:Lfh;
vha	ne.v:Z
vha	o:[Ljava/lang/String;
vha	p:I
vhb	c:Lllb;
vhb	d:Lbc;
vhb	z:Ljava/lang/String;
vi	o:I
vi	p:I
via	VoidHunters.G:I
via	a:[Lphb;
via	b:I
via	foa.p:I
via	rsb.c:[Lbha;
via	rsb.e:Llbb;
via	tfa.a:Z
via	tfa.c:I
vib	b:Lphb;
vib	z:Ljava/lang/String;
vj	jl.q:Lmab;
vj	kga.o:I
vj	mab.b:I
vj	o:Ljava/lang/String;
vj	p:Ljava/lang/String;
vj	q:Lllb;
vj	tb.b:I
vj	uh.p:I
vjb	a:Z
vjb	b:Lsfb;
vjb	c:Ljava/lang/String;
vjb	crb.v:Lbwa;
vk	VoidHunters.G:I
vk	o:Ljava/lang/String;
vk	pha.p:Ljava/lang/String;
vk	ud.R:Ljava/lang/String;
vk	via.a:[Lphb;
vka	a:Z
vka	b:[I
vka	c:I
vka	d:I
vka	dl.d:I
vka	e:Lmia;
vka	f.d:Lf;
vka	f.e:Z
vka	f.f:I
vka	f.g:Ldl;
vka	f:J
vka	g:I
vka	h:I
vka	i:[Lf;
vka	j:[Lf;
vka	k:J
vka	l:I
vka	m:Lf;
vka	mia.b:[Lvka;
vka	mia.c:Z
vka	mia.d:Leab;
vka	mia.e:Z
vka	n:I
vka	o:I
vka	p:I
vka	q:Z
vka	r:Z
vka	s:I
vka	t:J
vka	u:I
vkb	VoidHunters.G:I
vkb	klb.o:[I
vkb	tcb.q:I
vl	VoidHunters.G:I
vl	baa.q:I
vl	bva.c:I
vl	dh.p:I
vl	gha.q:Lrrb;
vl	kq.o:[I
vl	nwa.a:I
vl	p:Lmma;
vl	q:Ljava/lang/String;
vl	si.o:[Z
vl	tna.o:I
vl	wlb.p:I
vla	A:Lhtb;
vla	B:Z
vla	C:Ljava/lang/String;
vla	E:Ljava/lang/String;
vla	F:Z
vla	G:Luf;
vla	VoidHunters.G:I
vla	cjb.a:Ljava/lang/String;
vla	dpa.q:Ljava/lang/String;
vla	dqa.u:Ljava/lang/String;
vla	ewa.o:Ljava/lang/String;
vla	f:I
vla	fj.a:Ljava/lang/String;
vla	g:I
vla	gqb.b:Ljava/lang/String;
vla	h:I
vla	hha.p:Lkhb;
vla	htb.l:Lsba;
vla	htb.p:Ljava/lang/String;
vla	htb.q:Lwwa;
vla	jmb.s:Ljava/lang/String;
vla	kj.p:Ljava/lang/String;
vla	loa.o:Lno;
vla	no.k:I
vla	r:I
vla	rg.a:Ljava/lang/String;
vla	shb.f:I
vla	sja.j:Ljava/lang/String;
vla	tt.a:Ljava/lang/String;
vla	uf.j:Ljava/lang/String;
vla	uf.p:Ljava/lang/String;
vla	uf.q:Lwwa;
vla	uf.x:Z
vla	ula.o:Ljava/lang/String;
vla	up.o:Lkhb;
vla	v:Ljava/lang/String;
vla	vab.a:Ljava/lang/String;
vla	vda.q:Ljava/lang/String;
vla	w:Z
vla	x:Lhtb;
vla	y:Luf;
vla	z:Lhtb;
vlb	a:Lllb;
vm	VoidHunters.G:I
vm	f:Lgab;
vm	fd.q:I
vm	gab.e:Z
vm	grb.l:[I
vm	hi.b:I
vm	hob.d:I
vm	i:I
vm	j:[B
vm	k:[S
vm	l:I
vm	m:I
vm	n:I
vm	o:I
vm	p:I
vm	q:Ljava/lang/String;
vm	qd.b:I
vm	sj.p:[I
vm	woa.b:I
vma	z:Ljava/lang/String;
vmb	a:[I
vmb	z:Ljava/lang/String;
vn	VoidHunters.G:I
vn	f:Lgab;
vn	gab.e:Z
vn	grb.l:[I
vn	hob.d:I
vn	i:Ljava/lang/String;
vn	j:I
vn	k:I
vn	l:I
vn	m:I
vn	sj.p:[I
vna	rw.q:I
vnb	o:Ljava/lang/String;
vnb	p:I
vo	o:Ljava/lang/String;
voa	VoidHunters.G:I
voa	a:Lasb;
voa	b:I
voa	c:Lpfb;
voa	d:I
voa	e:Lasb;
vob	VoidHunters.G:I
vob	gn.m:I
vob	o:[Z
vob	q:Ljava/lang/String;
vob	r:Lno;
vp	VoidHunters.G:I
vp	c:I
vp	d:I
vp	e:Lri;
vp	java/lang/System.out:Ljava/io/PrintStream;
vp	obb.o:[Ljava/lang/String;
vp	sg.k:Lml;
vp	so.b:I
vpa	VoidHunters.G:I
vpa	a:[Lhkb;
vpa	b:Leab;
vpa	bkb.b:Ljava/applet/Applet;
vpa	coa.e:Llc;
vpa	fi.p:Ldja;
vpa	fwa.g:Lcoa;
vpa	java/lang/System.err:Ljava/io/PrintStream;
vpa	java/lang/System.out:Ljava/io/PrintStream;
vpa	tu.a:Lwi;
vpb	o:Ljava/lang/String;
vq	ds.h:[B
vq	ea.d:I
vq	esa.p:I
vq	eu.h:Llpb;
vq	ff.o:Lona;
vq	gia.k:Leab;
vq	gob.c:I
vq	hob.l:Ljava/lang/String;
vq	ija.b:Lmob;
vq	ldb.r:J
vq	mob.d:Ljava/lang/Object;
vq	mob.f:I
vq	nia.p:I
vq	ona.g:I
vq	ona.k:I
vq	qfa.Ib:I
vq	sw.f:Z
vq	v:I
vq	w:Ljava/lang/String;
vq	wlb.o:I
vq	wta.c:Lvq;
vq	x:Lfab;
vq	y:Ljava/lang/String;
vq	z:Lwta;
vqa	cca.o:Lqrb;
vqa	f:Ljava/lang/String;
vqa	g:Luca;
vqa	h:Luf;
vqa	i:Lgoa;
vqa	j:Ljava/lang/String;
vqa	k:I
vqa	lea.o:Lqrb;
vqa	lmb.a:Ljava/lang/String;
vqa	uf.j:Ljava/lang/String;
vqb	VoidHunters.G:I
vqb	bda.a:Ljava/lang/String;
vqb	bjb.q:Ljava/lang/String;
vqb	cfa.e:Ljava/lang/String;
vqb	dma.i:[I
vqb	egb.o:[Ljava/lang/String;
vqb	fk.d:Ljava/lang/String;
vqb	fva.o:I
vqb	gcb.o:Ljava/lang/String;
vqb	hcb.q:Ljava/lang/String;
vqb	hoa.p:Ljava/lang/String;
vqb	klb.r:Lida;
vqb	lr.q:Ljava/lang/String;
vqb	o:Lllb;
vqb	otb.p:Ljava/lang/String;
vqb	rhb.o:Ljava/lang/String;
vqb	rq.G:Ljava/lang/String;
vqb	tr.b:Ljava/lang/String;
vqb	uea.p:Ljava/lang/String;
vqb	vqa.j:Ljava/lang/String;
vra	b:Lwdb;
vra	z:Ljava/lang/String;
vrb	VoidHunters.G:I
vrb	aqb.e:Lllb;
vrb	as.c:Lllb;
vrb	atb.b:[Lphb;
vrb	awa.o:[[Ljava/lang/String;
vrb	bo.o:Ljava/lang/String;
vrb	bqa.d:Lllb;
vrb	bv.b:Lllb;
vrb	bw.a:Ljava/lang/String;
vrb	cab.o:Lpjb;
vrb	ceb.o:[Lllb;
vrb	cna.yb:Lllb;
vrb	cta.o:Ljava/lang/String;
vrb	dd.o:Lllb;
vrb	ea.k:[Ljava/lang/String;
vrb	epa.o:Lllb;
vrb	ev.b:Ljava/lang/String;
vrb	fh.f:Lllb;
vrb	fh.g:Lllb;
vrb	fwa.a:Lllb;
vrb	gha.p:Lllb;
vrb	gjb.p:Lllb;
vrb	gkb.q:Ljava/lang/String;
vrb	gm.M:[B
vrb	gmb.c:Lllb;
vrb	gq.o:Ljava/lang/String;
vrb	gs.b:Lllb;
vrb	gt.o:Lllb;
vrb	hcb.o:I
vrb	hnb.U:[Lphb;
vrb	hnb.X:Lllb;
vrb	hqb.k:[[Ljava/lang/String;
vrb	htb.w:Lllb;
vrb	hva.c:[Ljava/lang/String;
vrb	hwa.p:[[Lphb;
vrb	ieb.o:[I
vrb	iga.o:Lllb;
vrb	ijb.o:Ljava/lang/String;
vrb	ikb.o:Ljava/lang/String;
vrb	inb.q:[[Lcna;
vrb	jn.a:Lllb;
vrb	jna.o:Lllb;
vrb	k.p:Ljava/lang/String;
vrb	ki.p:Lllb;
vrb	ko.d:Ljava/lang/String;
vrb	kpb.r:Ljava/lang/String;
vrb	kra.b:Ljava/lang/String;
vrb	lcb.t:[Lphb;
vrb	ll.o:Z
vrb	llb.B:I
vrb	llb.D:I
vrb	llb.F:I
vrb	llb.y:Z
vrb	lo.b:Lllb;
vrb	lw.e:Ljava/lang/String;
vrb	me.q:Lllb;
vrb	mg.o:[[Lphb;
vrb	mla.q:Lllb;
vrb	mpb.k:Ljava/lang/String;
vrb	mqb.C:Lllb;
vrb	mr.J:Ljava/lang/String;
vrb	nbb.y:Lllb;
vrb	nkb.r:I
vrb	nl.j:Ljava/lang/String;
vrb	nna.v:Lllb;
vrb	ns.a:Ljava/lang/String;
vrb	nt.q:Lllb;
vrb	oib.a:Lllb;
vrb	pa.a:Lllb;
vrb	qc.q:Lllb;
vrb	qcb.p:Lllb;
vrb	qdb.e:Ljava/lang/String;
vrb	qi.p:Lllb;
vrb	qpb.w:Lllb;
vrb	qsa.b:Lllb;
vrb	qsa.d:Lllb;
vrb	rga.f:Lsoa;
vrb	rgb.f:Lsoa;
vrb	rlb.a:Lllb;
vrb	rob.q:Lllb;
vrb	rsa.o:Lllb;
vrb	sc.b:Ljava/lang/String;
vrb	sdb.p:Lllb;
vrb	sfa.d:Lllb;
vrb	sha.w:I
vrb	soa.xb:Lllb;
vrb	sqb.o:[Lphb;
vrb	sra.a:Lllb;
vrb	ss.o:Lllb;
vrb	tea.c:Ljava/lang/String;
vrb	tia.K:Ljava/lang/String;
vrb	tia.M:Lllb;
vrb	tja.a:Lsoa;
vrb	tja.b:Ljava/lang/String;
vrb	tm.p:Ljava/lang/String;
vrb	tua.b:Ljava/lang/String;
vrb	uab.a:Ljava/lang/String;
vrb	uda.a:Ljava/lang/String;
vrb	ueb.o:Ljava/lang/String;
vrb	uga.h:Lllb;
vrb	uh.o:Ljava/lang/String;
vrb	uka.p:[Ljava/lang/String;
vrb	ukb.o:Lllb;
vrb	uob.f:Ljava/lang/String;
vrb	vj.q:Lllb;
vrb	vqb.o:Lllb;
vrb	vsa.s:Ljava/lang/String;
vrb	vva.r:Lllb;
vrb	vva.u:[B
vrb	vw.a:Lllb;
vrb	wja.c:[Ljava/lang/String;
vrb	wo.p:Lllb;
vrb	wrb.q:Lllb;
vs	o:Ljava/lang/String;
vsa	o:Ljava/lang/String;
vsa	p:[Lphb;
vsa	q:Ljava/lang/String;
vsa	r:Lgdb;
vsa	s:Ljava/lang/String;
vsb	VoidHunters.G:I
vsb	d:Lpf;
vsb	e:Lrga;
vsb	et.c:Laba;
vsb	f:Ljp;
vsb	g:Lgla;
vsb	gla.c:I
vsb	je.c:Laba;
vsb	jp.Ac:Z
vsb	pf.pc:I
vsb	pja.l:Lslb;
vsb	qcb.q:Lslb;
vsb	rga.a:[Leb;
vsb	rga.b:Z
vsb	rga.d:Lgf;
vt	jt.o:Lvla;
vt	klb.r:Lida;
vt	o:I
vt	qsb.d:Ljava/lang/String;
vt	s.o:Lud;
vt	tla.c:Z
vtb	o:Ldja;
vu	Db:I
vu	zb:[B
vua	dw.b:I
vua	vba.o:[I
vua	vba.p:[[I
vua	vba.q:[I
vua	vba.r:[I
vua	vba.s:[I
vv	a:Ljava/lang/String;
vv	b:[Lphb;
vv	c:I
vv	d:Z
vv	e:Lphb;
vv	f:I
vv	g:I
vv	h:I
vv	i:I
vv	j:I
vv	phb.m:I
vv	phb.n:I
vv	shb.f:I
vv	shb.g:I
vv	shb.h:I
vv	shb.r:I
vv	uea.c:I
vv	uea.d:Lno;
vv	uea.f:I
vv	uea.h:I
vv	uea.k:I
vv	uea.m:I
vv	uea.n:I
vv	uea.o:I
vva	d:Lno;
vva	eia.o:[Lphb;
vva	htb.x:Z
vva	no.k:I
vva	p:I
vva	phb.n:I
vva	q:[Lphb;
vva	r:Lllb;
vva	s:I
vva	shb.e:Z
vva	shb.f:I
vva	shb.g:I
vva	shb.h:I
vva	shb.j:Ljava/lang/String;
vva	shb.r:I
vva	t:I
vva	u:[B
vva	vob.r:Lno;
vw	a:Lllb;
vw	z:Ljava/lang/String;
vwa	o:Ljava/lang/String;
vwa	p:I
w	VoidHunters.G:I
w	dpa.p:Lfaa;
w	h:I
w	hm.o:Ljava/lang/String;
w	htb.l:Lsba;
w	htb.q:Lwwa;
w	kja.f:I
w	kja.h:I
w	kja.l:Lsba;
w	kja.p:Ljava/lang/String;
w	loa.o:Lno;
w	no.k:I
w	pma.q:Ljava/lang/String;
w	tn.b:Ljava/lang/String;
w	v:Ldja;
w	w:Lhtb;
w	x:Lkja;
w	y:I
w	z:Lsn;
wa	a:Lj;
wa	b:Lxa;
waa	A:Ltga;
waa	C:Lhtb;
waa	D:[Ljava/lang/String;
waa	VoidHunters.G:I
waa	ffb.c:Ljava/lang/String;
waa	fqb.p:Ljava/lang/String;
waa	gm.f:I
waa	gm.l:Lsba;
waa	gna.m:Ljava/lang/String;
waa	h:I
waa	htb.l:Lsba;
waa	htb.q:Lwwa;
waa	htb.x:Z
waa	lea.o:Lqrb;
waa	loa.o:Lno;
waa	no.k:I
waa	sca.f:I
waa	tga.g:I
waa	tga.h:I
waa	tga.j:Ljava/lang/String;
waa	tga.p:Ljava/lang/String;
waa	tga.q:Lwwa;
waa	tia.K:Ljava/lang/String;
waa	tj.r:Ljava/lang/String;
waa	v:Lrcb;
waa	w:[Ljava/lang/String;
waa	web.o:Lno;
waa	x:Ljava/lang/String;
waa	y:Ljava/lang/String;
waa	z:Lhtb;
wab	VoidHunters.G:I
wab	ds.e:I
wab	fbb.i:I
wab	hja.o:[[B
wab	hla.a:[I
wab	iib.e:[I
wab	ki.o:I
wab	mk.o:[Z
wab	mma.a:I
wab	nhb.o:[I
wab	rlb.d:[I
wab	sg.H:I
wab	sh.a:[[B
wab	so.f:[I
wba	VoidHunters.G:I
wba	jva.k:I
wba	jva.l:I
wba	jva.m:I
wba	jva.n:I
wba	jva.r:[I
wba	o:[I
wba	p:Lge;
wba	phb.k:I
wba	phb.l:I
wba	phb.m:I
wba	phb.n:I
wba	phb.p:I
wba	phb.q:I
wba	phb.r:[I
wc	VoidHunters.G:I
wc	a:Ldja;
wc	b:Lksa;
wc	c:Lij;
wc	d:Ljava/lang/String;
wc	ij.a:Lksa;
wc	ksa.a:Lksa;
wc	ksa.c:Lksa;
wca	b:Ldla;
wca	c:Ljava/lang/String;
wca	cha.p:I
wca	fj.b:I
wca	ftb.o:I
wca	itb.o:I
wca	jt.p:I
wca	jtb.m:I
wca	nnb.e:I
wca	qea.q:I
wca	spa.a:I
wcb	d:Lpf;
wcb	df.o:Laba;
wcb	e:Lnla;
wcb	f:Lrga;
wcb	g:Ljagdx/IDirect3DVertexShader;
wcb	h:[F
wcb	jagdx/D3DCAPS.VertexShaderVersion:I
wcb	je.c:Laba;
wcb	nla.Hc:Ljagdx/D3DCAPS;
wcb	nla.Mc:Ljagdx/IDirect3DDevice;
wcb	pea.d:Lslb;
wcb	pf.j:I
wcb	pf.lc:I
wcb	pf.p:F
wcb	pf.pc:I
wcb	pf.r:F
wcb	qcb.q:Lslb;
wcb	rga.a:[Leb;
wcb	rga.b:Z
wcb	rga.d:Lgf;
wcb	tma.q:Lslb;
wd	o:Lgl;
wd	p:Lgj;
wda	VoidHunters.G:I
wda	glb.c:[Ljava/lang/String;
wda	nc.b:Ljava/lang/Object;
wda	o:Lkba;
wda	p:I
wda	q:I
wda	r:Ljava/lang/String;
wda	rsb.g:Lpe;
wda	s:I
wdb	Ab:Lllb;
wdb	G:I
wdb	K:I
wdb	L:I
wdb	hb:I
wdb	llb.G:I
wdb	llb.K:I
wdb	llb.L:I
wdb	llb.R:Ljava/lang/String;
wdb	llb.hb:I
wdb	soa.vb:Lpjb;
wdb	soa.xb:Lllb;
wdb	vb:I
wdb	wb:Lllb;
wdb	xb:Lsoa;
wdb	yb:Lllb;
wdb	zb:Lllb;
we	o:[F
wea	VoidHunters.G:I
wea	o:Ljava/lang/String;
wea	ub.f:[I
web	faa.e:I
web	faa.h:[B
web	o:Lno;
web	p:Ljava/lang/String;
web	unb.o:Z
wf	VoidHunters.G:I
wf	a:Lphb;
wf	ae.c:I
wf	ae.j:I
wf	aeb.a:Z
wf	aj.p:Ljava/lang/String;
wf	b:Lae;
wf	bg.o:Z
wf	bm.o:Leab;
wf	bpb.q:[Ljava/lang/String;
wf	c:I
wf	ck.o:[Lphb;
wf	coa.a:Z
wf	d:I
wf	dma.g:I
wf	dma.j:I
wf	dpa.p:Lfaa;
wf	dra.v:[Lphb;
wf	dsb.p:Lngb;
wf	dua.o:Z
wf	dv.d:Ljava/lang/String;
wf	e:I
wf	eaa.q:I
wf	ef.E:Z
wf	fa.d:[Lgd;
wf	fhb.p:Z
wf	fla.o:Ljava/lang/String;
wf	fwa.g:Lcoa;
wf	gg.j:I
wf	gmb.b:Ljava/lang/String;
wf	he.o:I
wf	hlb.p:I
wf	idb.o:Z
wf	ifa.g:[Ljava/lang/String;
wf	iia.c:Ljava/lang/String;
wf	ip.p:Ljava/awt/Dimension;
wf	java/awt/Dimension.height:I
wf	java/awt/Dimension.width:I
wf	jha.p:I
wf	jhb.o:Ljava/lang/String;
wf	jkb.a:Z
wf	kc.b:I
wf	kdb.o:I
wf	kja.C:Ljava/lang/String;
wf	ko.e:[Lphb;
wf	kt.l:I
wf	lu.a:Ljava/lang/String;
wf	lu.d:Z
wf	mab.a:LVoidHunters;
wf	mb.k:[Ljava/lang/String;
wf	mba.b:I
wf	msa.p:Ljava/lang/String;
wf	nd.q:Ljava/lang/String;
wf	ngb.A:I
wf	ngb.o:I
wf	nhb.p:Z
wf	nwa.d:Z
wf	oab.o:I
wf	ocb.m:[Ljava/lang/String;
wf	op.o:I
wf	oq.H:I
wf	ot.a:Ljava/lang/String;
wf	phb.m:I
wf	phb.n:I
wf	pma.o:I
wf	pob.b:I
wf	psb.b:Lufb;
wf	pu.b:Ljava/lang/String;
wf	qs.a:I
wf	rsb.g:Lpe;
wf	sg.k:Lml;
wf	si.o:[Z
wf	tqa.o:Ljava/lang/String;
wf	ub.f:[I
wf	uca.L:I
wf	uca.m:Loma;
wf	uia.b:I
wf	vba.o:[I
wf	vba.p:[[I
wf	vba.q:[I
wf	vba.r:[I
wf	vba.s:[I
wf	ve.p:I
wf	vk.o:Ljava/lang/String;
wf	vq.x:Lfab;
wf	vqa.g:Luca;
wf	wc.d:Ljava/lang/String;
wf	wgb.f:I
wf	wh.n:I
wf	wva.a:Ljava/lang/String;
wfa	B:I
wfa	C:I
wfa	D:I
wfa	E:I
wfa	F:[I
wfa	a:I
wfa	e:I
wfa	f:I
wfa	g:I
wfa	h:I
wfa	i:I
wfa	j:I
wfa	k:I
wfa	l:I
wfa	m:I
wfa	n:I
wfa	o:I
wfa	p:I
wfa	q:I
wfa	s:I
wfa	sob.A:I
wfa	sob.H:I
wfa	sob.i:I
wfa	sob.k:[I
wfa	sob.n:I
wfa	sob.p:I
wfa	u:I
wfa	v:I
wfa	w:Lsob;
wfa	x:I
wfa	y:I
wfa	z:I
wfb	A:[[I
wfb	B:I
wfb	VoidHunters.G:I
wfb	a:I
wfb	b:I
wfb	d:I
wfb	e:Lkma;
wfb	f:Z
wfb	h:I
wfb	i:I
wfb	j:I
wfb	k:Z
wfb	l:I
wfb	lsb.b:I
wfb	lsb.c:I
wfb	o:[Llsb;
wfb	p:I
wfb	q:I
wfb	r:Z
wfb	s:Z
wfb	u:I
wfb	v:[I
wfb	y:I
wfb	z:I
wg	me.r:Z
wg	o:Ljava/lang/String;
wg	p:Ljava/lang/String;
wga	VoidHunters.G:I
wga	a:Llwa;
wgb	aaa.b:Lvka;
wgb	cca.o:Lqrb;
wgb	g:Z
wgb	gra.p:Ljava/lang/String;
wgb	h:Ljava/lang/String;
wgb	i:Lanb;
wgb	kpb.q:Lqkb;
wgb	lea.o:Lqrb;
wgb	vjb.b:Lsfb;
wh	VoidHunters.G:I
wh	a:Lvga;
wh	b:Lkm;
wh	c:Lvga;
wh	d:Lvga;
wh	ds.e:I
wh	ds.h:[B
wh	e:Lds;
wh	f:Lvga;
wh	g:I
wh	h:J
wh	i:Lds;
wh	j:B
wh	k:I
wh	km.i:J
wh	km.n:Z
wh	km.p:Lds;
wh	km.q:B
wh	km.r:I
wh	m:I
wh	n:I
wh	o:Lkb;
wh	ov.o:Llpb;
wh	p:Llpb;
wh	sp.o:Lgj;
wh	tc.c:Lgj;
wha	VoidHunters.G:I
wha	a:I
wha	ae.c:I
wha	amb.b:Ljava/lang/String;
wha	bba.d:I
wha	bm.o:Leab;
wha	boa.a:Lno;
wha	bra.f:[Ljava/lang/String;
wha	dha.q:[Ljava/lang/String;
wha	dib.j:Ljava/lang/String;
wha	dv.f:I
wha	eab.k:Z
wha	edb.o:[I
wha	fh.g:Lllb;
wha	fja.r:Ljava/lang/String;
wha	iga.o:Lllb;
wha	inb.p:Ljava/lang/String;
wha	iv.o:I
wha	jeb.c:[I
wha	jha.o:[Ljava/lang/String;
wha	jrb.o:I
wha	kc.b:I
wha	kda.g:Ljava/lang/String;
wha	kg.s:Ljava/lang/String;
wha	kjb.o:I
wha	kn.p:Lllb;
wha	knb.o:Z
wha	lfa.m:I
wha	lo.b:Lllb;
wha	mba.a:Lae;
wha	moa.n:Ljava/lang/String;
wha	nda.o:Ljava/lang/String;
wha	nt.p:Ljava/lang/String;
wha	ob.l:[Ljava/lang/String;
wha	oda.t:Ljava/lang/String;
wha	qc.q:Lllb;
wha	r.m:Ljava/lang/String;
wha	ro.c:I
wha	rua.p:I
wha	sg.E:I
wha	tj.k:[Ljava/lang/String;
wha	tl.o:Ljava/lang/String;
wha	tm.o:[[I
wha	u.r:I
wha	uia.b:I
wha	urb.o:Lqca;
wha	vda.p:Ljava/lang/String;
wha	vg.p:[Ljava/lang/String;
wha	wga.a:Llwa;
wha	wm.b:Ljava/lang/String;
wha	wma.M:Ljava/lang/String;
wha	za.d:I
whb	VoidHunters.G:I
whb	b:Lub;
whb	c:Ldja;
whb	d:Ljava/lang/String;
wi	VoidHunters.G:I
wi	aob.o:Z
wi	asa.c:J
wi	bhb.f:I
wi	bkb.b:Ljava/applet/Applet;
wi	bm.o:Leab;
wi	bsa.o:Z
wi	c:Z
wi	dn.p:I
wi	ds.e:I
wi	ds.h:[B
wi	dva.o:Z
wi	dva.p:J
wi	eab.q:Ljava/lang/reflect/Method;
wi	eab.r:Ljava/lang/String;
wi	eab.w:Ljava/lang/String;
wi	ffa.a:I
wi	fm.b:[J
wi	fua.p:I
wi	hpb.k:J
wi	hqb.f:I
wi	igb.a:Ljava/awt/Canvas;
wi	ira.c:Ljava/awt/Frame;
wi	java/awt/Color.black:Ljava/awt/Color;
wi	java/awt/Insets.left:I
wi	java/awt/Insets.top:I
wi	java/awt/Rectangle.height:I
wi	java/awt/Rectangle.width:I
wi	java/lang/Boolean.TRUE:Ljava/lang/Boolean;
wi	java/lang/System.out:Ljava/io/PrintStream;
wi	jl.q:Lmab;
wi	lva.p:I
wi	mb.i:Z
wi	mob.f:I
wi	ncb.b:I
wi	nqa.a:Z
wi	omb.p:Lhrb;
wi	qtb.o:I
wi	qv.p:Ljava/applet/Applet;
wi	rda.p:I
wi	rda.q:Z
wi	sga.o:[J
wi	sv.e:I
wi	tu.a:Lwi;
wi	uf.E:Ljava/awt/Frame;
wi	uqa.p:I
wi	ve.o:I
wi	vpa.b:Leab;
wi	w.y:I
wia	a:Z
wia	b:Ljava/lang/String;
wia	z:Ljava/lang/String;
wj	o:I
wj	p:I
wj	q:Lswa;
wja	b:I
wja	c:[Ljava/lang/String;
wja	z:Ljava/lang/String;
wjb	asa.c:J
wjb	o:[C
wjb	p:I
wk	a:I
wk	b:[F
wkb	VoidHunters.G:I
wkb	a:I
wkb	b:I
wkb	c:I
wkb	d:[Ljava/lang/String;
wkb	e:[Ljava/lang/String;
wkb	nd.r:I
wkb	tha.p:I
wkb	tra.o:Lllb;
wl	VoidHunters.G:I
wl	aoa.c:[I
wl	bfb.f:I
wl	bfb.j:I
wl	bva.b:[I
wl	cl.b:[I
wl	gw.i:[I
wl	hj.o:[I
wl	iob.f:I
wl	ji.o:[I
wl	kgb.b:[I
wl	lf.p:[I
wl	lka.a:[I
wl	lr.o:[I
wl	mgb.p:[I
wl	mpa.o:[I
wl	o:Ljava/lang/String;
wl	p:Ljava/lang/String;
wl	pja.n:[I
wl	q:I
wl	teb.b:[I
wl	um.c:[I
wl	uv.a:[I
wl	vgb.p:[I
wl	vmb.a:[I
wl	wma.A:[I
wl	wma.C:[I
wl	wma.H:[I
wl	wma.J:S
wl	wma.L:S
wl	wma.e:[I
wl	wma.g:[I
wl	wma.h:[I
wl	wma.k:[S
wl	wma.l:[I
wl	wma.n:[S
wl	wma.o:[S
wl	wma.p:[S
wl	wma.r:[S
wl	wma.t:[I
wl	wma.v:[S
wl	wma.x:[I
wl	wma.y:S
wlb	VoidHunters.G:I
wlb	feb.b:[I
wlb	fnb.a:I
wlb	fnb.b:I
wlb	gn.m:I
wlb	hab.g:[Lwfb;
wlb	kg.p:[I
wlb	o:I
wlb	oea.o:I
wlb	p:I
wlb	q:Ldja;
wlb	rba.b:[[I
wlb	wfb.A:[[I
wlb	wfb.B:I
wlb	wfb.a:I
wlb	wfb.c:Lqjb;
wlb	wfb.d:I
wlb	wfb.e:Lkma;
wlb	wfb.f:Z
wlb	wfb.g:Lmua;
wlb	wfb.h:I
wlb	wfb.n:I
wlb	wfb.p:I
wlb	wfb.q:I
wlb	wfb.s:Z
wlb	wfb.t:Laqa;
wlb	wfb.u:I
wlb	wfb.v:[I
wlb	wfb.w:[[I
wlb	wfb.x:Llja;
wlb	wfb.y:I
wlb	wi.g:Z
wm	VoidHunters.G:I
wm	a:Z
wm	b:Ljava/lang/String;
wm	java/lang/System.out:Ljava/io/PrintStream;
wm	kjb.p:I
wm	mab.f:I
wm	tba.o:I
wm	tpa.e:[Ljava/lang/String;
wm	whb.a:I
wma	B:I
wma	F:Z
wma	J:S
wma	M:Ljava/lang/String;
wma	VoidHunters.G:I
wma	a:I
wma	d:I
wma	o:[S
wma	p:[S
wma	q:I
wma	r:[S
wma	s:I
wma	u:I
wma	z:B
wna	a:Ljava/lang/String;
wna	b:I
wna	c:Ltpb;
wna	d:I
wna	java/lang/System.out:Ljava/io/PrintStream;
wnb	VoidHunters.G:I
wnb	dn.r:Ldfa;
wnb	dw.c:Ldfa;
wnb	lrb.b:Ldfa;
wnb	o:[Lphb;
wnb	p:Ljava/lang/String;
wnb	q:I
wnb	qsb.d:Ljava/lang/String;
wnb	r:Ljava/lang/String;
wnb	tca.o:Ljava/lang/String;
wnb	vsa.q:Ljava/lang/String;
wnb	wba.p:Lge;
wo	ew.p:Ldra;
wo	o:Z
wo	p:Lllb;
woa	VoidHunters.G:I
woa	a:I
woa	c:I
woa	d:[F
woa	e:Ljava/lang/String;
woa	li.i:Z
woa	nma.b:[Lda;
wob	VoidHunters.G:I
wob	o:I
wob	p:I
wp	a:I
wp	b:I
wpa	bfa.p:Ljava/lang/String;
wpa	dn.r:Ldfa;
wpa	dw.c:Ldfa;
wpa	lrb.b:Ldfa;
wpa	o:Ljava/lang/String;
wpa	p:I
wpa	q:Ljava/lang/Object;
wpa	qsb.d:Ljava/lang/String;
wpa	r:I
wpa	wba.p:Lge;
wpb	VoidHunters.G:I
wpb	akb.a:Lasb;
wpb	o:Ljava/lang/String;
wpb	oq.d:I
wpb	p:Ljava/awt/Color;
wq	ama.o:F
wq	cka.o:Lhqb;
wq	crb.v:Lbwa;
wq	tma.r:Lij;
wqa	b:I
wqa	hwa.q:I
wqa	ih.e:I
wqa	pva.g:I
wqa	ska.o:Lbc;
wqa	vhb.d:Lbc;
wqb	b:Ljava/lang/String;
wqb	bma.n:I
wqb	c:[Ljava/lang/String;
wqb	cca.p:I
wqb	d:Ljava/lang/String;
wqb	e:Ljava/util/Hashtable;
wqb	ioa.p:I
wqb	klb.p:I
wqb	mmb.i:I
wqb	nca.o:I
wqb	qra.o:I
wqb	voa.b:I
wqb	wob.o:I
wr	o:I
wra	VoidHunters.G:I
wra	grb.j:[I
wra	java/lang/System.out:Ljava/io/PrintStream;
wra	o:Ljava/lang/String;
wra	p:I
wra	ts.c:J
wrb	li.i:Z
wrb	mmb.d:[Laja;
wrb	o:Ljava/lang/String;
wrb	p:[I
wrb	q:Lllb;
wrb	r:[Ljava/lang/String;
ws	VoidHunters.G:I
ws	lsa.f:J
ws	nkb.o:Ljava/lang/String;
ws	o:Ljava/lang/String;
ws	rw.n:F
wsa	a:I
wsa	b:I
wsa	c:[I
wsa	cr.f:I
wsa	d:I
wsa	e:I
wsa	f:I
wsa	fca.s:[Lcr;
wsa	g:I
wsb	VoidHunters.G:I
wsb	a:Ljava/lang/String;
wsb	b:I
wsb	c:Ljava/lang/String;
wsb	d:I
wsb	e:Ldja;
wsb	f:I
wsb	g:F
wsb	h:I
wsb	i:[Lujb;
wsb	j:I
wsb	ujb.a:Ljava/lang/String;
wsb	ujb.b:I
wsb	ujb.e:Ljava/lang/String;
wsb	ujb.f:Lasb;
wsb	ujb.i:Ljava/lang/String;
wt	VoidHunters.G:I
wt	a:I
wt	b:Ljava/lang/String;
wt	c:Ljava/lang/String;
wt	cjb.b:Ltpa;
wt	dfb.q:J
wt	dn.r:Ldfa;
wt	eib.p:J
wt	gka.o:Ldfa;
wt	iua.p:I
wta	apa.o:Ljava/lang/String;
wta	c:Lvq;
wta	cca.o:Lqrb;
wta	fob.d:Ljava/lang/String;
wta	lea.o:Lqrb;
wu	VoidHunters.G:I
wu	aka.p:Z
wu	asa.a:Laba;
wu	bg.o:Z
wu	d:Lpf;
wu	di.l:Lkda;
wu	dpa.p:Lfaa;
wu	dua.o:Z
wu	e:Ljava/lang/String;
wu	et.c:Laba;
wu	f:F
wu	foa.p:I
wu	g:Lrga;
wu	h:Lphb;
wu	idb.o:Z
wu	je.c:Laba;
wu	kca.a:Ljava/lang/String;
wu	ldb.o:I
wu	mjb.e:Z
wu	mnb.d:Z
wu	pea.d:Lslb;
wu	pf.pc:I
wu	pja.l:Lslb;
wu	qcb.q:Lslb;
wu	rga.a:[Leb;
wu	rga.b:Z
wu	rga.d:Lgf;
wu	si.o:[Z
wu	vga.b:I
wu	vqa.g:Luca;
wu	wda.o:Lkba;
wua	VoidHunters.G:I
wua	f:Lgab;
wua	gab.e:Z
wua	hob.d:I
wua	i:I
wua	j:I
wv	VoidHunters.G:I
wv	d:Lrt;
wv	hob.d:I
wv	i:I
wv	j:I
wv	k:[I
wv	l:Ljava/lang/String;
wv	m:I
wv	nl.e:Ld;
wv	noa.o:I
wv	opa.h:Z
wv	rt.g:Z
wva	VoidHunters.G:I
wva	a:Ljava/lang/String;
wva	b:I
wva	cta.p:Ljava/lang/String;
wva	di.l:Lkda;
wva	dpa.p:Lfaa;
ww	VoidHunters.G:I
ww	o:I
xa	nativeid:J
ya	nativeid:J
za	VoidHunters.G:I
za	coa.c:[I
za	fwa.g:Lcoa;
za	z:Ljava/lang/String;
