class	field	declared_type	descriptor	javap_line
VoidHunters	B	int	I	2
VoidHunters	D	int	I	5
VoidHunters	F	phb	Lphb;	8
VoidHunters	E	int[]	[I	11
VoidHunters	C	int	I	14
VoidHunters	G	int	I	17
a	b	oa	Loa;	6947
a	nativeid	long	J	6950
a	a	java.lang.Runnable	Ljava/lang/Runnable;	6953
aa	z	java.lang.String	Ljava/lang/String;	7105
aaa	a	java.lang.String	Ljava/lang/String;	7134
aaa	b	vka	Lvka;	7137
aab	o	hbb	Lhbb;	7352
ab	c	qda[]	[Lqda;	7537
ab	a	int	I	7540
ab	b	int	I	7543
aba	b	dja	Ldja;	7789
aba	a	aw	Law;	7792
abb	a	int	I	8193
abb	b	java.lang.String	Ljava/lang/String;	8196
acb	p	boolean	Z	9857
acb	r	java.lang.String	Ljava/lang/String;	9860
acb	q	java.lang.String	Ljava/lang/String;	9863
acb	o	java.lang.String	Ljava/lang/String;	9866
ad	o	java.lang.String	Ljava/lang/String;	9980
ada	a	int[]	[I	10118
ada	b	pia	Lpia;	10121
adb	a	int	I	10617
ae	a	int	I	10628
ae	d	int	I	10631
ae	c	int	I	10634
ae	g	ri	Lri;	10637
ae	i	int	I	10640
ae	h	int	I	10643
ae	b	boolean	Z	10646
ae	e	int	I	10649
ae	f	pr	Lpr;	10652
ae	j	int	I	10655
aea	a	int	I	11840
aea	b	int	I	11843
aea	z	java.lang.String	Ljava/lang/String;	11846
aeb	a	boolean	Z	12221
af	i	bhb	Lbhb;	12390
af	j	mib	Lmib;	12393
afa	o	java.lang.String	Ljava/lang/String;	13382
afa	p	java.lang.String	Ljava/lang/String;	13385
ag	q	dja	Ldja;	13560
ag	o	dcb	Ldcb;	13563
ag	p	int	I	13566
ah	o	int[]	[I	14010
aha	o	llb	Lllb;	14304
ahb	o	ij	Lij;	14726
ahb	p	int	I	14729
ai	z	java.lang.String	Ljava/lang/String;	14916
aia	h	int	I	15021
aia	j	int	I	15024
aia	k	int	I	15027
aia	i	int	I	15030
aib	a	crb[]	[Lcrb;	16356
aib	c	double	D	16359
aib	b	java.lang.String	Ljava/lang/String;	16362
aib	d	int	I	16365
aj	o	java.lang.String	Ljava/lang/String;	22017
aj	p	java.lang.String	Ljava/lang/String;	22020
ajb	k	int[]	[I	22504
ajb	j	int	I	22507
ajb	h	int	I	22510
ajb	g	int	I	22513
ajb	f	clb	Lclb;	22516
ajb	i	int	I	22519
ajb	d	int	I	22522
ajb	e	int	I	22525
ak	o	boolean	Z	22704
aka	p	boolean	Z	22858
aka	o	int[]	[I	22861
akb	a	asb	Lasb;	23198
al	f	gl	Lgl;	23316
al	g	int	I	23319
al	c	woa	Lwoa;	23322
al	b	float[]	[F	23325
al	a	java.lang.String	Ljava/lang/String;	23328
al	e	int[]	[I	23331
al	d	int	I	23334
alb	a	java.lang.String	Ljava/lang/String;	23735
alb	b	int	I	23738
alb	z	java.lang.String	Ljava/lang/String;	23741
am	q	int	I	23788
am	o	java.lang.String	Ljava/lang/String;	23791
am	p	java.lang.String	Ljava/lang/String;	23794
ama	o	float	F	24314
amb	b	java.lang.String	Ljava/lang/String;	24385
amb	a	java.lang.String	Ljava/lang/String;	24388
an	b	int	I	24798
ana	f	int	I	24902
ana	e	fga	Lfga;	24905
ana	d	int	I	24908
ana	g	ksa	Lksa;	24911
anb	m	int	I	25171
anb	i	int	I	25174
anb	q	int[]	[I	25177
anb	s	int	I	25180
anb	n	int	I	25183
anb	r	int	I	25186
anb	l	int	I	25189
anb	p	int	I	25192
anb	j	int	I	25195
anb	o	int	I	25198
anb	k	ml	Lml;	25201
anb	t	int	I	25204
ao	o	int	I	30008
aoa	a	anb	Lanb;	30632
aoa	d	int	I	30635
aoa	b	int	I	30638
aoa	e	int	I	30641
aoa	c	int[]	[I	30644
aoa	f	int	I	30647
aob	o	boolean	Z	32554
ap	o	byte[]	[B	32670
ap	p	int[]	[I	32673
ap	q	java.lang.String	Ljava/lang/String;	32676
apa	p	int	I	32827
apa	o	java.lang.String	Ljava/lang/String;	32830
apb	b	int	I	32924
apb	a	int	I	32927
apb	c	int	I	32930
aq	o	int	I	33085
aq	p	int[]	[I	33088
aqa	d	boolean	Z	33611
aqa	b	tbb	Ltbb;	33614
aqa	c	gqb	Lgqb;	33617
aqa	a	java.lang.String[]	[Ljava/lang/String;	33620
aqb	d	java.net.ProxySelector	Ljava/net/ProxySelector;	35375
aqb	e	llb	Lllb;	35378
aqb	f	int	I	35381
ar	d	boolean	Z	36099
ar	c	toa[]	[Ltoa;	36102
ar	b	int	I	36105
ar	a	java.lang.String	Ljava/lang/String;	36108
ara	f	int	I	37152
ara	e	int	I	37155
ara	d	int	I	37158
ara	g	java.lang.String	Ljava/lang/String;	37161
ara	h	int	I	37164
arb	I	byte[][]	[[B	37816
as	c	llb	Lllb;	38434
as	d	int	I	38437
asa	d	java.lang.String	Ljava/lang/String;	38498
asa	a	aba	Laba;	38501
asa	c	long	J	38504
asa	b	im	Lim;	38507
asa	e	int	I	38510
asb	e	boolean	Z	38652
asb	c	java.lang.Object[][]	[[Ljava/lang/Object;	38655
asb	b	java.lang.String	Ljava/lang/String;	38658
asb	h	int	I	38661
asb	d	fnb	Lfnb;	38664
asb	g	qp	Lqp;	38667
asb	f	int	I	38670
asb	a	llb	Lllb;	38673
asb	i	java.lang.Object[]	[Ljava/lang/Object;	38676
ata	J	int	I	43501
ata	B	int	I	43504
ata	I	int	I	43507
ata	K	phb	Lphb;	43510
ata	F	int	I	43513
ata	E	int	I	43516
ata	L	java.lang.String	Ljava/lang/String;	43519
ata	D	int	I	43522
ata	H	int	I	43525
ata	G	java.lang.String	Ljava/lang/String;	43528
atb	d	int	I	43873
atb	b	phb[]	[Lphb;	43876
atb	c	pfb	Lpfb;	43879
atb	a	pf	Lpf;	43882
atb	e	d	Ld;	43885
au	b	long	J	44219
au	d	long	J	44222
au	a	java.io.RandomAccessFile	Ljava/io/RandomAccessFile;	44225
au	c	int	I	44228
av	a	ml[]	[Lml;	44701
ava	a	int	I	44856
ava	z	java.lang.String	Ljava/lang/String;	44859
aw	Fb	llb	Lllb;	44916
aw	yb	int	I	44919
aw	xb	phb[]	[Lphb;	44922
aw	Cb	llb	Lllb;	44925
aw	wb	int	I	44928
aw	Bb	gl	Lgl;	44931
aw	Ab	int	I	44934
aw	zb	int	I	44937
aw	Eb	int[]	[I	44940
aw	Hb	int	I	44943
aw	vb	int	I	44946
aw	Ib	int	I	44949
aw	Gb	cna[]	[Lcna;	44952
aw	Db	java.lang.String	Ljava/lang/String;	44955
awa	p	java.lang.StringBuilder	Ljava/lang/StringBuilder;	45793
awa	o	java.lang.String[][]	[[Ljava/lang/String;	45796
awa	q	int	I	45799
b	v	int	I	46263
b	w	short	S	46266
b	z	boolean	Z	46269
b	a	float[][]	[[F	46272
b	j	short	S	46275
b	r	short	S	46278
b	n	boolean	Z	46281
b	p	cs[]	[Lcs;	46284
b	y	int[]	[I	46287
b	d	short	S	46290
b	l	short[]	[S	46293
b	h	byte[]	[B	46296
b	m	short[]	[S	46299
b	k	byte[]	[B	46302
b	q	float[][]	[[F	46305
b	f	sob	Lsob;	46308
b	A	int	I	46311
b	o	int[]	[I	46314
b	g	short[]	[S	46317
b	b	short[]	[S	46320
b	t	int	I	46323
b	s	short[]	[S	46326
b	x	int	I	46329
b	i	ffa[]	[Lffa;	46332
b	u	int	I	46335
b	c	int	I	46338
b	e	int[]	[I	46341
ba	nativeid	long	J	48887
baa	o	dja	Ldja;	48914
baa	p	int	I	48917
baa	q	int	I	48920
bab	a	java.lang.String	Ljava/lang/String;	49108
bab	b	java.lang.String	Ljava/lang/String;	49111
bb	o	java.lang.String	Ljava/lang/String;	49683
bba	d	int	I	49895
bba	a	int	I	49898
bba	e	java.lang.String	Ljava/lang/String;	49901
bba	b	wm[]	[Lwm;	49904
bba	c	rna[]	[Lrna;	49907
bba	f	java.lang.String	Ljava/lang/String;	49910
bbb	a	java.lang.String	Ljava/lang/String;	51623
bc	b	ij	Lij;	51752
bc	c	phb[]	[Lphb;	51755
bc	a	java.lang.String	Ljava/lang/String;	51758
bca	a	dpb	Ldpb;	51894
bd	a	java.lang.String	Ljava/lang/String;	52101
bda	a	java.lang.String	Ljava/lang/String;	53485
bda	z	java.lang.String	Ljava/lang/String;	53488
be	b	int	I	53798
be	a	int	I	53801
bea	f	float[]	[F	54222
bea	c	int[]	[I	54225
bea	b	dmb[]	[Ldmb;	54228
bea	a	java.lang.String[]	[Ljava/lang/String;	54231
bea	d	int	I	54234
bea	e	int	I	54237
beb	a	int	I	65234
bf	a	llb	Lllb;	65516
bfa	o	ij	Lij;	65633
bfa	p	java.lang.String	Ljava/lang/String;	65636
bfb	h	int	I	65741
bfb	d	boolean	Z	65744
bfb	g	int[]	[I	65747
bfb	e	int[]	[I	65750
bfb	k	int[]	[I	65753
bfb	b	int	I	65756
bfb	a	int	I	65759
bfb	f	int	I	65762
bfb	c	int[]	[I	65765
bfb	j	int	I	65768
bfb	i	int[]	[I	65771
bg	o	boolean	Z	67462
bga	o	java.lang.String	Ljava/lang/String;	67525
bgb	o	long	J	67631
bha	a	boolean	Z	67999
bhb	d	byte[]	[B	68396
bhb	e	java.lang.String	Ljava/lang/String;	68399
bhb	f	int	I	68402
bhb	g	int	I	68405
bhb	i	int	I	68408
bhb	h	tja	Ltja;	68411
bi	f	mob	Lmob;	69015
bi	c	mob	Lmob;	69018
bi	h	ds	Lds;	69021
bi	g	java.lang.String	Ljava/lang/String;	69024
bi	b	mob	Lmob;	69027
bi	i	java.net.URL	Ljava/net/URL;	69030
bi	d	java.io.DataInputStream	Ljava/io/DataInputStream;	69033
bi	e	eab	Leab;	69036
bi	a	int	I	69039
bia	d	int	I	69673
bia	c	int	I	69676
bib	g	java.math.BigInteger	Ljava/math/BigInteger;	69832
bib	e	java.lang.String	Ljava/lang/String;	69835
bib	f	int	I	69838
bja	p	int[]	[I	70573
bja	o	java.lang.String	Ljava/lang/String;	70576
bjb	o	int	I	70720
bjb	q	java.lang.String	Ljava/lang/String;	70723
bjb	p	qsa[]	[Lqsa;	70726
bk	w	faa	Lfaa;	70897
bk	v	jra	Ljra;	70900
bka	o	java.lang.String	Ljava/lang/String;	71270
bka	p	int	I	71273
bkb	b	java.applet.Applet	Ljava/applet/Applet;	71375
bkb	a	java.lang.String	Ljava/lang/String;	71378
bl	x	no	Lno;	71786
bl	w	int	I	71789
bl	A	int	I	71792
bl	y	java.lang.String	Ljava/lang/String;	71795
bl	z	boolean	Z	71798
bl	v	ida	Lida;	71801
bla	g	java.lang.String	Ljava/lang/String;	72460
bla	h	boolean	Z	72463
bla	f	vqa	Lvqa;	72466
bm	o	eab	Leab;	72826
bma	e	eb	Leb;	74654
bma	i	boolean	Z	74657
bma	l	boolean	Z	74660
bma	p	gla	Lgla;	74663
bma	g	boolean	Z	74666
bma	m	gla	Lgla;	74669
bma	k	gla	Lgla;	74672
bma	n	int	I	74675
bma	o	int	I	74678
bma	h	float[]	[F	74681
bma	f	boolean	Z	74684
bma	j	gla	Lgla;	74687
bmb	e	gnb	Lgnb;	75533
bmb	b	java.lang.String	Ljava/lang/String;	75536
bmb	d	asb	Lasb;	75539
bmb	c	asb	Lasb;	75542
bmb	a	gnb	Lgnb;	75545
bn	a	int	I	76435
bna	m	java.lang.String	Ljava/lang/String;	76585
bna	l	java.lang.ref.SoftReference	Ljava/lang/ref/SoftReference;	76588
bnb	q	java.lang.String	Ljava/lang/String;	76770
bnb	o	int	I	76773
bnb	p	int	I	76776
bo	o	java.lang.String	Ljava/lang/String;	76886
boa	a	no	Lno;	77036
boa	c	int[]	[I	77039
boa	b	java.lang.String	Ljava/lang/String;	77042
bob	j	int	I	77552
bob	f	int	I	77555
bob	a	int	I	77558
bob	d	no	Lno;	77561
bob	h	int	I	77564
bob	g	boolean	Z	77567
bob	i	int	I	77570
bob	e	dja	Ldja;	77573
bob	b	int	I	77576
bob	l	java.lang.String	Ljava/lang/String;	77579
bob	k	int	I	77582
bob	o	int	I	77585
bob	m	int	I	77588
bob	c	int	I	77591
bob	n	int	I	77594
bpa	b	nva	Lnva;	80591
bpa	a	int	I	80594
bpa	c	llb	Lllb;	80597
bpa	d	java.lang.String	Ljava/lang/String;	80600
bpb	o	java.lang.String	Ljava/lang/String;	80931
bpb	q	java.lang.String[]	[Ljava/lang/String;	80934
bpb	p	phb[][]	[[Lphb;	80937
bqa	f	java.lang.String	Ljava/lang/String;	81738
bqa	d	llb	Lllb;	81741
bqa	a	int	I	81744
bqa	c	int	I	81747
bqa	b	int	I	81750
bqa	e	int	I	81753
bqb	o	boolean[]	[Z	81857
bqb	p	java.lang.String	Ljava/lang/String;	81860
br	e	int	I	81971
br	f	lkb	Llkb;	81974
br	d	int[]	[I	81977
bra	f	java.lang.String[]	[Ljava/lang/String;	82041
bra	c	t	Lt;	82044
bra	a	java.awt.Canvas	Ljava/awt/Canvas;	82047
bra	g	ha	Lha;	82050
bra	e	long	J	82053
bra	b	fs	Lfs;	82056
bra	d	int	I	82059
brb	o	int	I	82213
bs	d	gj	Lgj;	82407
bs	a	ooa	Looa;	82410
bs	b	int[]	[I	82413
bs	c	int	I	82416
bsa	p	java.lang.String	Ljava/lang/String;	82677
bsa	q	llb	Lllb;	82680
bsa	o	boolean	Z	82683
bsb	a	int	I	82786
bsb	b	long[]	[J	82789
bsb	z	java.lang.String	Ljava/lang/String;	82792
bt	b	java.lang.String	Ljava/lang/String;	82835
bt	c	int	I	82838
bt	a	ds	Lds;	82841
bta	r	dka	Ldka;	83039
bta	q	int	I	83042
bta	o	java.lang.String	Ljava/lang/String;	83045
bta	p	int	I	83048
btb	b	asb	Lasb;	83238
btb	d	gdb[]	[Lgdb;	83241
btb	c	java.lang.String	Ljava/lang/String;	83244
btb	a	boolean	Z	83247
btb	z	java.lang.String	Ljava/lang/String;	83250
bu	z	java.lang.String	Ljava/lang/String;	83300
bua	o	boolean	Z	83332
bv	c	int	I	83397
bv	a	int[]	[I	83400
bv	b	llb	Lllb;	83403
bv	d	boolean	Z	83406
bv	e	int	I	83409
bva	f	qma[]	[Lqma;	87152
bva	b	int[]	[I	87155
bva	e	java.lang.String	Ljava/lang/String;	87158
bva	c	int	I	87161
bva	g	java.lang.String	Ljava/lang/String;	87164
bva	d	boolean	Z	87167
bw	c	java.lang.String	Ljava/lang/String;	87255
bw	a	java.lang.String	Ljava/lang/String;	87258
bw	b	java.lang.String	Ljava/lang/String;	87261
bw	z	java.lang.String	Ljava/lang/String;	87264
bwa	vb	llb	Lllb;	87315
bwa	Fb	java.lang.StringBuilder	Ljava/lang/StringBuilder;	87318
bwa	Cb	llb	Lllb;	87321
bwa	yb	long	J	87324
bwa	xb	int	I	87327
bwa	Ab	llb	Lllb;	87330
bwa	Bb	llb	Lllb;	87333
bwa	wb	qca	Lqca;	87336
bwa	zb	llb	Lllb;	87339
bwa	Db	llb[]	[Lllb;	87342
bwa	Eb	llb	Lllb;	87345
c	e	long	J	89024
c	f	byte[]	[B	89027
c	d	int	I	89030
ca	o	java.lang.String	Ljava/lang/String;	89159
ca	p	ij	Lij;	89162
caa	j	byte[]	[B	89273
caa	i	int[]	[I	89276
cab	p	int	I	89847
cab	r	int	I	89850
cab	q	java.lang.String	Ljava/lang/String;	89853
cab	o	pjb	Lpjb;	89856
cba	f	jaclib.memory.heap.NativeHeap	Ljaclib/memory/heap/NativeHeap;	90075
cba	e	gdb	Lgdb;	90078
cbb	w	short[]	[S	90179
cbb	r	byte[]	[B	90182
cbb	c	qeb[]	[Lqeb;	90185
cbb	t	short[]	[S	90188
cbb	L	int[]	[I	90191
cbb	u	short[]	[S	90194
cbb	q	long	J	90197
cbb	D	int	I	90200
cbb	f	int[]	[I	90203
cbb	g	bqa[]	[Lbqa;	90206
cbb	e	byte[]	[B	90209
cbb	p	int[]	[I	90212
cbb	m	byte[]	[B	90215
cbb	o	short[]	[S	90218
cbb	i	short[]	[S	90221
cbb	z	short[]	[S	90224
cbb	G	int[]	[I	90227
cbb	M	byte[]	[B	90230
cbb	J	byte[]	[B	90233
cbb	k	short[]	[S	90236
cbb	B	int	I	90239
cbb	I	int[]	[I	90242
cbb	E	byte[]	[B	90245
cbb	x	int[]	[I	90248
cbb	s	int	I	90251
cbb	a	int[]	[I	90254
cbb	K	short[]	[S	90257
cbb	d	byte	B	90260
cbb	l	tn[]	[Ltn;	90263
cbb	y	int[]	[I	90266
cbb	v	int[]	[I	90269
cbb	F	int[]	[I	90272
cbb	H	short[]	[S	90275
cbb	n	byte[]	[B	90278
cbb	b	short[]	[S	90281
cbb	C	int[]	[I	90284
cbb	j	int	I	90287
cbb	h	int	I	90290
cc	c	int	I	91615
cc	d	java.lang.String	Ljava/lang/String;	91618
cca	o	qrb	Lqrb;	92414
cca	p	int	I	92417
ccb	a	kl	Lkl;	92527
cd	b	int	I	92870
cd	c	int	I	92873
cd	a	java.lang.String	Ljava/lang/String;	92876
cda	b	int	I	92977
cda	a	jo[]	[Ljo;	92980
cdb	z	java.lang.String	Ljava/lang/String;	93923
ce	p	ij	Lij;	93977
ce	o	byte[]	[B	93980
ceb	r	java.lang.String	Ljava/lang/String;	94345
ceb	p	boolean	Z	94348
ceb	o	llb[]	[Lllb;	94351
ceb	q	int	I	94354
cf	b	int	I	94462
cf	c	int	I	94465
cf	a	java.lang.String	Ljava/lang/String;	94468
cfa	d	java.lang.String	Ljava/lang/String;	95286
cfa	f	java.lang.String	Ljava/lang/String;	95289
cfa	e	java.lang.String	Ljava/lang/String;	95292
cg	q	int	I	95523
cg	p	ij	Lij;	95526
cg	o	phb	Lphb;	95529
cg	r	int	I	95532
cga	o	java.lang.String[]	[Ljava/lang/String;	95716
cgb	a	boolean	Z	95817
ch	o	boolean	Z	95828
ch	p	int	I	95831
cha	o	boolean	Z	95895
cha	p	int	I	95898
cha	q	dka	Ldka;	95901
cha	r	java.lang.String	Ljava/lang/String;	95904
chb	a	int	I	96021
ci	c	llb	Lllb;	96148
ci	b	int	I	96151
ci	a	java.lang.String	Ljava/lang/String;	96154
cia	a	int	I	96462
cib	a	java.lang.String	Ljava/lang/String;	96473
cib	z	java.lang.String	Ljava/lang/String;	96476
cj	i	int	I	96519
cja	h	byte[]	[B	98457
cja	j	asb	Lasb;	98460
cja	c	int	I	98463
cja	d	int	I	98466
cja	f	int	I	98469
cja	a	byte[]	[B	98472
cja	g	int	I	98475
cja	e	int	I	98478
cja	b	int	I	98481
cja	i	int	I	98484
cja	z	java.lang.String	Ljava/lang/String;	98487
cjb	b	tpa	Ltpa;	98535
cjb	a	java.lang.String	Ljava/lang/String;	98538
cjb	z	java.lang.String	Ljava/lang/String;	98541
ck	o	phb[]	[Lphb;	98588
cka	p	int	I	99463
cka	o	hqb	Lhqb;	99466
ckb	j	int[][]	[[I	99633
ckb	i	int[]	[I	99636
cl	a	int[]	[I	101625
cl	b	int[]	[I	101628
cla	b	int	I	101784
cla	a	int	I	101787
clb	a	int	I	101875
cm	r	int	I	109699
cm	s	int	I	109702
cm	p	int	I	109705
cm	q	int	I	109708
cm	n	int	I	109711
cm	i	int	I	109714
cm	m	int	I	109717
cm	l	int	I	109720
cm	k	int	I	109723
cm	o	int	I	109726
cm	j	int[]	[I	109729
cma	a	int	I	111420
cn	b	java.lang.String	Ljava/lang/String;	112000
cn	a	float[][]	[[F	112003
cna	wb	java.lang.String	Ljava/lang/String;	112263
cna	vb	llb	Lllb;	112266
cna	xb	java.lang.String	Ljava/lang/String;	112269
cna	yb	llb	Lllb;	112272
cna	zb	int[]	[I	112275
cnb	q	ij	Lij;	112842
cnb	p	int	I	112845
cnb	o	int	I	112848
co	c	java.lang.Runnable	Ljava/lang/Runnable;	113539
co	f	boolean	Z	113542
co	d	sob	Lsob;	113545
co	b	int[]	[I	113548
co	e	daa	Ldaa;	113551
co	a	float[]	[F	113554
coa	d	int[]	[I	114059
coa	e	lc	Llc;	114062
coa	a	boolean	Z	114065
coa	c	int[]	[I	114068
coa	b	int[]	[I	114071
coa	f	int	I	114074
cob	v	int	I	116077
cob	z	javax.sound.sampled.AudioFormat	Ljavax/sound/sampled/AudioFormat;	116080
cob	x	byte[]	[B	116083
cob	y	javax.sound.sampled.SourceDataLine	Ljavax/sound/sampled/SourceDataLine;	116086
cob	w	boolean	Z	116089
cob	A	java.lang.String	Ljava/lang/String;	116092
cp	k	int	I	116384
cp	h	int	I	116387
cp	l	int	I	116390
cp	p	int	I	116393
cp	i	int	I	116396
cp	m	int	I	116399
cp	r	int	I	116402
cp	o	int	I	116405
cp	q	gl	Lgl;	116408
cp	j	java.lang.String	Ljava/lang/String;	116411
cp	g	java.lang.String	Ljava/lang/String;	116414
cp	n	eab	Leab;	116417
cp	f	int	I	116420
cpb	f	int	I	116747
cpb	h	int	I	116750
cpb	g	int	I	116753
cpb	i	jagdx.IDirect3DVolumeTexture	Ljagdx/IDirect3DVolumeTexture;	116756
cq	f	int	I	117000
cq	d	int	I	117003
cq	g	int	I	117006
cq	e	int	I	117009
cqa	q	java.lang.String	Ljava/lang/String;	117694
cqa	o	java.lang.String	Ljava/lang/String;	117697
cqa	p	int	I	117700
cqb	e	boolean	Z	117812
cqb	d	int	I	117815
cqb	c	int	I	117818
cqb	f	java.lang.String	Ljava/lang/String;	117821
cr	f	int	I	118800
cr	b	int[]	[I	118803
cr	d	float[][]	[[F	118806
cr	e	int	I	118809
cr	a	int[]	[I	118812
cr	c	int[]	[I	118815
cra	o	int	I	119383
crb	w	int[][]	[[I	119455
crb	u	int	I	119458
crb	v	bwa	Lbwa;	119461
cs	c	ehb	Lehb;	120013
cs	b	java.lang.String	Ljava/lang/String;	120016
cs	a	tu	Ltu;	120019
csa	a	java.lang.String	Ljava/lang/String;	120214
csa	b	java.lang.String	Ljava/lang/String;	120217
ct	a	gj	Lgj;	120459
ct	b	java.lang.String	Ljava/lang/String;	120462
cta	r	java.lang.String	Ljava/lang/String;	120704
cta	q	ij	Lij;	120707
cta	o	java.lang.String	Ljava/lang/String;	120710
cta	p	java.lang.String	Ljava/lang/String;	120713
ctb	g	sob	Lsob;	120909
ctb	d	int[]	[I	120912
ctb	e	int[]	[I	120915
ctb	c	byte[][]	[[B	120918
ctb	h	int[]	[I	120921
ctb	f	int[]	[I	120924
cu	o	java.lang.String	Ljava/lang/String;	121727
cu	p	java.lang.String	Ljava/lang/String;	121730
cv	a	dha	Ldha;	123181
cva	o	int	I	124908
cw	o	kla	Lkla;	124980
cw	p	caa[]	[Lcaa;	124983
cwa	a	dja	Ldja;	125089
cwa	b	java.lang.String	Ljava/lang/String;	125092
cwa	c	llb	Lllb;	125095
cwa	z	java.lang.String	Ljava/lang/String;	125098
da	b	sw	Lsw;	125166
da	a	ha	Lha;	125169
daa	n	boolean	Z	127063
daa	k	int[]	[I	127066
daa	e	int[]	[I	127069
daa	i	boolean	Z	127072
daa	h	float[]	[F	127075
daa	f	sob	Lsob;	127078
daa	g	int	I	127081
daa	l	boolean	Z	127084
daa	c	co	Lco;	127087
daa	b	int	I	127090
daa	m	int	I	127093
daa	d	boolean	Z	127096
daa	j	boolean	Z	127099
daa	a	int	I	127102
dab	d	int	I	135648
dab	c	dja	Ldja;	135651
dab	e	boolean	Z	135654
db	o	java.lang.String[]	[Ljava/lang/String;	136335
db	p	phb	Lphb;	136338
db	r	java.lang.String	Ljava/lang/String;	136341
db	q	int	I	136344
dbb	o	int	I	136960
dca	q	int[]	[I	137603
dca	p	boolean	Z	137606
dca	o	int	I	137609
dcb	e	int	I	137709
dcb	g	int	I	137712
dcb	d	int	I	137715
dcb	f	int	I	137718
dcb	z	java.lang.String	Ljava/lang/String;	137721
dd	o	llb	Lllb;	137775
dda	d	mka[]	[Lmka;	137873
dda	c	java.lang.String	Ljava/lang/String;	137876
ddb	o	java.lang.String	Ljava/lang/String;	138072
de	q	int	I	138166
de	p	int	I	138169
de	o	float	F	138172
dea	b	int	I	138335
dea	a	int	I	138338
dea	c	int	I	138341
deb	b	java.lang.String	Ljava/lang/String;	138352
df	o	aba	Laba;	138859
df	p	int	I	138862
dfa	a	int	I	139009
dfa	c	java.lang.String	Ljava/lang/String;	139012
dfa	b	java.lang.String	Ljava/lang/String;	139015
dfb	o	java.lang.String	Ljava/lang/String;	139085
dfb	p	java.lang.String	Ljava/lang/String;	139088
dfb	q	long	J	139091
dg	a	jaclib.memory.Buffer	Ljaclib/memory/Buffer;	139244
dg	b	qfa	Lqfa;	139247
dga	a	boolean	Z	139278
dgb	a	java.lang.String	Ljava/lang/String;	149564
dgb	b	java.lang.String	Ljava/lang/String;	149567
dgb	z	java.lang.String	Ljava/lang/String;	149570
dh	r	ri	Lri;	149621
dh	o	ri	Lri;	149624
dh	q	java.lang.String	Ljava/lang/String;	149627
dh	p	int	I	149630
dha	n	int	I	149821
dha	A	int	I	149824
dha	d	int[]	[I	149827
dha	v	int	I	149830
dha	e	int	I	149833
dha	t	int	I	149836
dha	b	int	I	149839
dha	r	int	I	149842
dha	k	int	I	149845
dha	w	byte[]	[B	149848
dha	i	byte[]	[B	149851
dha	s	int[]	[I	149854
dha	x	int	I	149857
dha	F	int	I	149860
dha	z	int[]	[I	149863
dha	h	byte[]	[B	149866
dha	p	int	I	149869
dha	q	java.lang.String[]	[Ljava/lang/String;	149872
dha	o	int	I	149875
dha	E	int[][]	[[I	149878
dha	c	byte	B	149881
dha	B	int[][]	[[I	149884
dha	D	byte[]	[B	149887
dha	g	byte[]	[B	149890
dha	l	boolean[]	[Z	149893
dha	G	byte[][]	[[B	149896
dha	a	int	I	149899
dha	u	kka	Lkka;	149902
dha	f	int[][]	[[I	149905
dha	m	boolean[]	[Z	149908
dha	y	int	I	149911
dha	C	int[]	[I	149914
dha	j	byte[]	[B	149917
dha	H	int	I	149920
dha	I	java.lang.String	Ljava/lang/String;	149923
dhb	o	java.lang.String	Ljava/lang/String;	150042
di	n	boolean	Z	150494
di	o	boolean	Z	150497
di	k	java.lang.String	Ljava/lang/String;	150500
di	l	kda	Lkda;	150503
di	i	jra	Ljra;	150506
di	m	java.lang.String	Ljava/lang/String;	150509
di	j	java.lang.String	Ljava/lang/String;	150512
di	p	int	I	150515
dia	o	int[]	[I	151078
dib	i	int	I	151343
dib	g	int	I	151346
dib	f	int	I	151349
dib	j	java.lang.String	Ljava/lang/String;	151352
dib	h	int	I	151355
dj	b	java.lang.String	Ljava/lang/String;	152008
dj	c	boolean	Z	152011
dj	a	java.lang.String	Ljava/lang/String;	152014
djb	t	rqa[]	[Lrqa;	152199
djb	r	boolean	Z	152202
djb	s	ima[][]	[[Lima;	152205
dka	a	int	I	153740
dkb	b	float	F	153793
dkb	a	java.lang.String	Ljava/lang/String;	153796
dl	d	int	I	153918
dla	b	lta	Llta;	153929
dla	e	llb	Lllb;	153932
dla	d	int	I	153935
dla	a	int	I	153938
dla	c	int	I	153941
dla	f	pe	Lpe;	153944
dm	b	boolean	Z	155433
dma	f	int	I	155873
dma	i	int[]	[I	155876
dma	j	int	I	155879
dma	h	int[]	[I	155882
dma	e	int[]	[I	155885
dma	a	int	I	155888
dma	g	int	I	155891
dma	d	int	I	155894
dma	l	int[]	[I	155897
dma	b	int[]	[I	155900
dma	c	int	I	155903
dma	k	int[]	[I	155906
dmb	b	ri	Lri;	160247
dmb	c	int	I	160250
dmb	a	int	I	160253
dn	o	float[]	[F	160584
dn	p	int	I	160587
dn	r	dfa	Ldfa;	160590
dn	q	int	I	160593
dna	a	com.ms.directX.DSBufferDesc[]	[Lcom/ms/directX/DSBufferDesc;	160870
dna	b	com.ms.directX.DSCursors[]	[Lcom/ms/directX/DSCursors;	160873
dnb	d	int	I	160943
dnb	e	byte[]	[B	160946
dob	o	java.lang.String	Ljava/lang/String;	161053
dob	q	java.lang.String	Ljava/lang/String;	161056
dob	p	java.lang.String	Ljava/lang/String;	161059
dp	b	dja	Ldja;	161259
dp	a	llb	Lllb;	161262
dp	z	java.lang.String	Ljava/lang/String;	161265
dpa	o	java.lang.String	Ljava/lang/String;	161315
dpa	p	faa	Lfaa;	161318
dpa	q	java.lang.String	Ljava/lang/String;	161321
dq	f	int[]	[I	161706
dq	c	int	I	161709
dq	d	int	I	161712
dq	b	int	I	161715
dq	a	int	I	161718
dq	e	int[]	[I	161721
dqa	t	ij	Lij;	163166
dqa	u	java.lang.String	Ljava/lang/String;	163169
dqb	d	int[]	[I	165127
dqb	a	byte[]	[B	165130
dqb	c	java.lang.String	Ljava/lang/String;	165133
dqb	b	int[]	[I	165136
dr	a	int	I	166298
dr	z	java.lang.String	Ljava/lang/String;	166301
dra	o	kka	Lkka;	166351
dra	n	hbb	Lhbb;	166354
dra	u	int	I	166357
dra	v	phb[]	[Lphb;	166360
dra	q	boolean	Z	166363
dra	s	int	I	166366
dra	j	hbb	Lhbb;	166369
dra	m	kka	Lkka;	166372
dra	r	int[]	[I	166375
dra	w	kka	Lkka;	166378
dra	h	int	I	166381
dra	p	int[]	[I	166384
dra	k	hbb	Lhbb;	166387
dra	i	boolean	Z	166390
dra	l	hbb	Lhbb;	166393
dra	t	int	I	166396
drb	j	int	I	167882
drb	k	java.lang.String	Ljava/lang/String;	167885
drb	i	int	I	167888
ds	g	int	I	168133
ds	e	int	I	168136
ds	d	int	I	168139
ds	h	byte[]	[B	168142
ds	f	java.lang.String	Ljava/lang/String;	168145
dsa	q	qrb	Lqrb;	171497
dsa	p	java.lang.String	Ljava/lang/String;	171500
dsa	o	java.lang.String	Ljava/lang/String;	171503
dsb	p	ngb	Lngb;	171612
dsb	o	java.lang.String	Ljava/lang/String;	171615
dt	o	asb	Lasb;	171727
dtb	a	java.lang.String	Ljava/lang/String;	171988
du	i	java.awt.Canvas	Ljava/awt/Canvas;	172335
du	j	java.awt.Shape	Ljava/awt/Shape;	172338
du	g	java.awt.Rectangle	Ljava/awt/Rectangle;	172341
du	h	java.awt.Image	Ljava/awt/Image;	172344
dua	p	khb	Lkhb;	172513
dua	o	boolean	Z	172516
dv	e	int	I	172770
dv	c	ij	Lij;	172773
dv	b	java.lang.Object	Ljava/lang/Object;	172776
dv	a	boolean	Z	172779
dv	f	int	I	172782
dv	d	java.lang.String	Ljava/lang/String;	172785
dva	p	long	J	173270
dva	o	boolean	Z	173273
dw	b	int	I	173558
dw	a	int[]	[I	173561
dw	c	dfa	Ldfa;	173564
dwa	o	java.lang.String	Ljava/lang/String;	173758
dxVertexLayout	b	jagdx.IDirect3DVertexDeclaration	Ljagdx/IDirect3DVertexDeclaration;	173906
ea	f	int	I	174084
ea	j	int	I	174087
ea	d	int	I	174090
ea	k	java.lang.String[]	[Ljava/lang/String;	174093
ea	h	int	I	174096
ea	i	int	I	174099
ea	g	int	I	174102
ea	e	int	I	174105
ea	l	int	I	174108
eaa	p	ri	Lri;	174167
eaa	o	java.lang.String	Ljava/lang/String;	174170
eaa	q	int	I	174173
eab	e	tlb	Ltlb;	174394
eab	s	java.lang.String	Ljava/lang/String;	174397
eab	j	boolean	Z	174400
eab	u	mob	Lmob;	174403
eab	p	java.lang.Thread	Ljava/lang/Thread;	174406
eab	d	au	Lau;	174409
eab	o	au	Lau;	174412
eab	b	int	I	174415
eab	t	au	Lau;	174418
eab	v	java.lang.String	Ljava/lang/String;	174421
eab	f	mob	Lmob;	174424
eab	a	java.lang.Object	Ljava/lang/Object;	174427
eab	h	long	J	174430
eab	x	eea	Leea;	174433
eab	c	java.lang.Object	Ljava/lang/Object;	174436
eab	q	java.lang.reflect.Method	Ljava/lang/reflect/Method;	174439
eab	m	java.lang.String	Ljava/lang/String;	174442
eab	r	java.lang.String	Ljava/lang/String;	174445
eab	i	java.lang.String	Ljava/lang/String;	174448
eab	w	java.lang.String	Ljava/lang/String;	174451
eab	k	boolean	Z	174454
eab	l	au[]	[Lau;	174457
eab	g	boolean	Z	174460
eab	n	java.awt.EventQueue	Ljava/awt/EventQueue;	174463
ebb	a	dja	Ldja;	176803
ebb	b	boolean	Z	176806
eca	e	int	I	176952
eca	d	java.lang.String	Ljava/lang/String;	176955
eca	c	uf	Luf;	176958
ecb	a	int[]	[I	177256
ed	p	int	I	177664
ed	o	int	I	177667
edb	o	int[]	[I	177801
ee	o	int[]	[I	177896
ee	p	int	I	177899
ee	q	java.lang.String[][]	[[Ljava/lang/String;	177902
ee	r	java.lang.String	Ljava/lang/String;	177905
eea	b	com.ms.directX.DirectDraw	Lcom/ms/directX/DirectDraw;	180147
eea	c	int	I	180150
eea	a	int[]	[I	180153
ef	C	int	I	180387
ef	A	java.lang.String	Ljava/lang/String;	180390
ef	D	int	I	180393
ef	z	int	I	180396
ef	B	boolean	Z	180399
ef	x	int	I	180402
ef	E	boolean	Z	180405
ef	y	arb	Larb;	180408
ef	w	int	I	180411
ef	v	boolean	Z	180414
efb	b	vfa	Lvfa;	181296
efb	c	ri	Lri;	181299
efb	a	llb	Lllb;	181302
eg	p	rbb	Lrbb;	181436
eg	o	int	I	181439
ega	o	int[]	[I	181799
ega	p	java.lang.String	Ljava/lang/String;	181802
egb	o	java.lang.String[]	[Ljava/lang/String;	181938
eh	p	int	I	182036
eh	o	java.lang.String	Ljava/lang/String;	182039
eha	p	java.lang.String	Ljava/lang/String;	182188
eha	o	wma[]	[Lwma;	182191
eha	q	int	I	182194
ehb	f	java.lang.Boolean	Ljava/lang/Boolean;	182304
ehb	g	int	I	182307
ehb	e	int	I	182310
ehb	b	fh	Lfh;	182313
ehb	c	vga	Lvga;	182316
ehb	d	gnb	Lgnb;	182319
ehb	a	int	I	182322
ei	b	int	I	182572
ei	k	int	I	182575
ei	g	int	I	182578
ei	c	ae	Lae;	182581
ei	l	int	I	182584
ei	h	int	I	182587
ei	d	int	I	182590
ei	m	int	I	182593
ei	f	java.lang.String	Ljava/lang/String;	182596
ei	e	java.lang.String	Ljava/lang/String;	182599
ei	i	java.lang.String[]	[Ljava/lang/String;	182602
ei	j	no	Lno;	182605
ei	a	int	I	182608
eia	r	java.lang.String	Ljava/lang/String;	183006
eia	q	kla	Lkla;	183009
eia	o	phb[]	[Lphb;	183012
eia	p	java.lang.String	Ljava/lang/String;	183015
eib	p	long	J	183124
eib	o	int	I	183127
ej	b	java.lang.String	Ljava/lang/String;	183522
ej	a	llb	Lllb;	183525
ej	c	no	Lno;	183528
eja	p	java.lang.String	Ljava/lang/String;	183650
eja	o	int[]	[I	183653
ejb	p	int	I	184010
ejb	o	java.lang.String	Ljava/lang/String;	184013
ek	o	int	I	184613
eka	a	java.lang.String	Ljava/lang/String;	185099
eka	b	boolean	Z	185102
ela	o	int	I	185727
ela	q	int	I	185730
ela	p	int	I	185733
elb	e	int	I	185953
elb	a	int	I	185956
elb	c	short[]	[S	185959
elb	b	int	I	185962
elb	d	short[]	[S	185965
elb	g	int	I	185968
elb	h	int	I	185971
elb	f	bob	Lbob;	185974
em	o	boolean	Z	186846
ema	q	java.lang.String	Ljava/lang/String;	187005
ema	p	dja	Ldja;	187008
ema	o	mfb[]	[Lmfb;	187011
ema	r	java.lang.String	Ljava/lang/String;	187014
emb	p	int	I	187131
emb	o	int[]	[I	187134
ena	p	dja	Ldja;	188646
ena	q	int	I	188649
ena	o	java.lang.String[]	[Ljava/lang/String;	188652
ena	r	java.lang.String	Ljava/lang/String;	188655
enb	b	boolean	Z	188902
enb	c	int	I	188905
enb	a	java.lang.String	Ljava/lang/String;	188908
enb	z	java.lang.String	Ljava/lang/String;	188911
eo	o	int[]	[I	188959
eoa	a	lta	Llta;	190125
eob	o	dqb	Ldqb;	190242
eob	p	int[]	[I	190245
ep	o	kb	Lkb;	190349
epa	o	llb	Lllb;	190789
epb	n	float	F	190892
epb	e	float	F	190895
epb	g	float	F	190898
epb	l	float	F	190901
epb	j	float	F	190904
epb	h	float	F	190907
epb	m	phb	Lphb;	190910
epb	c	float	F	190913
epb	f	float	F	190916
epb	k	float	F	190919
epb	i	float	F	190922
epb	b	float	F	190925
epb	d	float	F	190928
eq	o	java.lang.String	Ljava/lang/String;	192003
eqa	o	int	I	192108
eqb	a	char[]	[C	192177
er	o	boolean	Z	192394
era	o	jra	Ljra;	192460
era	p	int	I	192463
era	r	boolean	Z	192466
era	q	java.lang.String	Ljava/lang/String;	192469
era	s	java.lang.String	Ljava/lang/String;	192472
erb	o	ri	Lri;	192581
erb	p	boolean	Z	192584
es	b	kc	Lkc;	192689
es	a	java.lang.String	Ljava/lang/String;	192692
esa	p	int	I	192907
esa	o	java.lang.String	Ljava/lang/String;	192910
esb	j	asb	Lasb;	193013
esb	i	byte	B	193016
et	a	int	I	193403
et	c	aba	Laba;	193406
et	b	int	I	193409
eta	a	java.awt.Dimension	Ljava/awt/Dimension;	194033
eta	b	int	I	194036
etb	a	java.lang.String	Ljava/lang/String;	194295
etb	b	java.lang.String	Ljava/lang/String;	194298
eu	j	int	I	194493
eu	g	int	I	194496
eu	k	int	I	194499
eu	h	lpb	Llpb;	194502
eu	i	fcb	Lfcb;	194505
eu	f	int	I	194508
eua	a	java.lang.String	Ljava/lang/String;	195124
eua	z	java.lang.String	Ljava/lang/String;	195127
ev	a	int	I	195171
ev	d	int	I	195174
ev	b	java.lang.String	Ljava/lang/String;	195177
ev	c	java.lang.String	Ljava/lang/String;	195180
ev	e	int	I	195183
eva	o	gl	Lgl;	195279
ew	p	dra	Ldra;	195633
ew	o	boolean	Z	195636
ewa	o	java.lang.String	Ljava/lang/String;	196058
f	d	f	Lf;	196154
f	e	boolean	Z	196157
f	f	int	I	196160
f	g	dl	Ldl;	196163
fa	g	int	I	196215
fa	f	int	I	196218
fa	d	gd[]	[Lgd;	196221
fa	e	java.lang.String[]	[Ljava/lang/String;	196224
faa	k	int	I	196375
faa	i	int	I	196378
faa	j	dq	Ldq;	196381
fab	b	java.lang.String	Ljava/lang/String;	197160
fab	e	bra	Lbra;	197163
fab	c	fs[]	[Lfs;	197166
fab	d	boolean	Z	197169
fab	a	d	Ld;	197172
fb	p	java.lang.String	Ljava/lang/String;	198551
fb	o	int	I	198554
fba	b	int	I	198858
fba	a	cda[]	[Lcda;	198861
fba	c	java.lang.String	Ljava/lang/String;	198864
fbb	e	jjb	Ljjb;	201254
fbb	f	int[]	[I	201257
fbb	d	qg[]	[Lqg;	201260
fbb	c	int	I	201263
fbb	i	int	I	201266
fbb	g	int	I	201269
fbb	a	int	I	201272
fbb	b	la	Lla;	201275
fbb	h	qfa	Lqfa;	201278
fbb	j	int[]	[I	201281
fc	o	java.lang.String	Ljava/lang/String;	201875
fca	K	float[]	[F	202061
fca	x	int	I	202064
fca	D	float[]	[F	202067
fca	l	int	I	202070
fca	d	wsa[]	[Lwsa;	202073
fca	t	int	I	202076
fca	F	boolean	Z	202079
fca	B	int	I	202082
fca	G	byte[][]	[[B	202085
fca	m	int	I	202088
fca	h	float[]	[F	202091
fca	s	cr[]	[Lcr;	202094
fca	q	int[]	[I	202097
fca	r	float[]	[F	202100
fca	y	byte[]	[B	202103
fca	o	int[]	[I	202106
fca	g	int	I	202109
fca	w	int	I	202112
fca	u	int	I	202115
fca	f	int	I	202118
fca	i	uha[]	[Luha;	202121
fca	j	boolean	Z	202124
fca	A	float[]	[F	202127
fca	k	float[]	[F	202130
fca	p	boolean[]	[Z	202133
fca	E	int	I	202136
fca	v	int	I	202139
fca	H	int[]	[I	202142
fca	n	float[]	[F	202145
fca	J	int	I	202148
fca	I	float[]	[F	202151
fca	e	boolean	Z	202154
fca	z	ota[]	[Lota;	202157
fca	C	byte[]	[B	202160
fcb	d	asb	Lasb;	204522
fcb	c	bmb	Lbmb;	204525
fcb	e	asb	Lasb;	204528
fcb	i	asb	Lasb;	204531
fcb	j	asb	Lasb;	204534
fcb	l	asb	Lasb;	204537
fcb	f	asb	Lasb;	204540
fcb	h	asb	Lasb;	204543
fcb	b	asb	Lasb;	204546
fcb	m	asb	Lasb;	204549
fcb	k	asb	Lasb;	204552
fcb	a	asb	Lasb;	204555
fcb	g	java.lang.String	Ljava/lang/String;	204558
fd	p	int	I	206649
fd	q	int	I	206652
fd	o	java.lang.String	Ljava/lang/String;	206655
fd	r	int	I	206658
fda	o	int	I	206797
fda	p	java.awt.Font	Ljava/awt/Font;	206800
fdb	R	int[]	[I	206926
fdb	T	java.lang.String	Ljava/lang/String;	206929
fdb	S	java.lang.String	Ljava/lang/String;	206932
fdb	P	boolean	Z	206935
fdb	Q	int	I	206938
fdb	J	int[]	[I	206941
fdb	U	cl	Lcl;	206944
fe	o	int[]	[I	207891
fe	p	int	I	207894
feb	a	aba	Laba;	208203
feb	b	int[]	[I	208206
ff	p	java.lang.String	Ljava/lang/String;	208355
ff	o	ona	Lona;	208358
ffa	a	int	I	208458
ffa	b	int	I	208461
ffa	z	java.lang.String	Ljava/lang/String;	208464
ffb	e	java.lang.String	Ljava/lang/String;	208516
ffb	a	java.lang.String	Ljava/lang/String;	208519
ffb	d	java.lang.String	Ljava/lang/String;	208522
ffb	b	java.lang.String	Ljava/lang/String;	208525
ffb	c	java.lang.String	Ljava/lang/String;	208528
fg	a	java.lang.String	Ljava/lang/String;	208927
fga	p	int	I	209121
fga	s	int	I	209124
fga	h	int	I	209127
fga	j	int	I	209130
fga	n	int	I	209133
fga	m	int	I	209136
fga	i	int	I	209139
fga	t	int	I	209142
fga	o	boolean	Z	209145
fga	v	int	I	209148
fga	l	int	I	209151
fga	q	int	I	209154
fga	u	int	I	209157
fga	r	int	I	209160
fga	k	int	I	209163
fgb	k	gnb	Lgnb;	214406
fgb	l	llb	Lllb;	214409
fgb	m	long[]	[J	214412
fh	h	java.lang.String	Ljava/lang/String;	214535
fh	d	fh	Lfh;	214538
fh	f	llb	Lllb;	214541
fh	e	fh	Lfh;	214544
fh	i	long	J	214547
fh	j	java.lang.String	Ljava/lang/String;	214550
fh	g	llb	Lllb;	214553
fha	p	int	I	214785
fha	o	java.lang.String[][]	[[Ljava/lang/String;	214788
fha	q	java.lang.String	Ljava/lang/String;	214791
fhb	q	llb	Lllb;	214948
fhb	o	java.lang.String	Ljava/lang/String;	214951
fhb	p	boolean	Z	214954
fi	o	fdb	Lfdb;	215060
fi	p	dja	Ldja;	215063
fia	a	java.lang.String	Ljava/lang/String;	215168
fib	h	java.lang.String	Ljava/lang/String;	216442
fib	f	ibb	Libb;	216445
fib	e	boolean	Z	216448
fib	j	waa	Lwaa;	216451
fib	i	boolean	Z	216454
fib	g	rga	Lrga;	216457
fj	a	java.lang.String	Ljava/lang/String;	217070
fj	d	long[]	[J	217073
fj	f	byte[]	[B	217076
fj	h	long[]	[J	217079
fj	k	byte[]	[B	217082
fj	j	long[]	[J	217085
fj	l	long[]	[J	217088
fj	i	long[]	[J	217091
fj	b	int	I	217094
fj	e	int	I	217097
fj	c	java.lang.String	Ljava/lang/String;	217100
fj	g	int	I	217103
fja	o	int	I	218301
fja	r	java.lang.String	Ljava/lang/String;	218304
fja	q	caa[]	[Lcaa;	218307
fja	p	rq	Lrq;	218310
fjb	b	java.lang.String	Ljava/lang/String;	218641
fjb	a	java.lang.String	Ljava/lang/String;	218644
fjb	c	kob	Lkob;	218647
fk	c	int	I	219026
fk	e	int	I	219029
fk	d	java.lang.String	Ljava/lang/String;	219032
fka	e	int	I	219106
fka	d	ml	Lml;	219109
fka	f	ml	Lml;	219112
fkb	k	int	I	220354
fkb	m	tjb	Ltjb;	220357
fkb	v	int	I	220360
fkb	y	gd	Lgd;	220363
fkb	g	cja	Lcja;	220366
fkb	o	int	I	220369
fkb	r	int	I	220372
fkb	h	int	I	220375
fkb	z	java.lang.String	Ljava/lang/String;	220378
fkb	l	int	I	220381
fkb	u	int	I	220384
fkb	i	int	I	220387
fkb	w	int	I	220390
fkb	n	sd	Lsd;	220393
fkb	f	int	I	220396
fkb	e	int	I	220399
fkb	p	int	I	220402
fkb	d	int	I	220405
fkb	q	int	I	220408
fkb	x	int	I	220411
fkb	j	fga	Lfga;	220414
fkb	t	int	I	220417
fkb	s	int	I	220420
fla	o	java.lang.String	Ljava/lang/String;	220917
flb	o	vka	Lvka;	221018
fm	c	int	I	221222
fm	e	int	I	221225
fm	b	long[]	[J	221228
fm	a	int	I	221231
fm	d	int	I	221234
fm	z	java.lang.String	Ljava/lang/String;	221237
fma	b	java.lang.String	Ljava/lang/String;	221288
fma	c	java.lang.String	Ljava/lang/String;	221291
fmb	p	java.lang.String	Ljava/lang/String;	221881
fmb	o	int[]	[I	221884
fmb	q	java.lang.String	Ljava/lang/String;	221887
fmb	r	int	I	221890
fn	f	qfa	Lqfa;	222057
fn	d	bt	Lbt;	222060
fn	c	boolean	Z	222063
fn	e	im	Lim;	222066
fna	p	int	I	222830
fna	o	int	I	222833
fnb	a	int	I	222907
fnb	b	int	I	222910
fnb	c	java.util.Hashtable	Ljava/util/Hashtable;	222913
fo	d	int	I	223224
fo	a	int	I	223227
fo	c	gdb	Lgdb;	223230
fo	b	gdb	Lgdb;	223233
foa	q	int	I	224667
foa	o	int	I	224670
foa	p	int	I	224673
fob	c	int	I	224749
fob	a	int	I	224752
fob	d	java.lang.String	Ljava/lang/String;	224755
fob	b	java.lang.String	Ljava/lang/String;	224758
fpa	d	java.lang.String	Ljava/lang/String;	224947
fpb	b	java.lang.String	Ljava/lang/String;	225260
fpb	c	java.lang.String	Ljava/lang/String;	225263
fpb	d	byte[][]	[[B	225266
fq	p	java.lang.String	Ljava/lang/String;	225890
fq	o	int[]	[I	225893
fq	q	java.lang.String	Ljava/lang/String;	225896
fqb	p	java.lang.String	Ljava/lang/String;	226217
fqb	o	java.lang.String[]	[Ljava/lang/String;	226220
fra	c	java.lang.String	Ljava/lang/String;	227046
fra	b	int	I	227049
fra	a	int	I	227052
fs	b	boolean	Z	227593
fs	a	int	I	227596
fs	c	int	I	227599
fsa	o	kba	Lkba;	227755
fsb	g	float	F	227867
fsb	i	int	I	227870
fsb	d	int	I	227873
fsb	e	int	I	227876
fsb	h	int	I	227879
fsb	f	int	I	227882
ft	u	byte[]	[B	229010
ft	t	int	I	229013
fta	e	jagdx.IDirect3DVertexShader	Ljagdx/IDirect3DVertexShader;	229215
fta	g	jagdx.IDirect3DVertexShader	Ljagdx/IDirect3DVertexShader;	229218
fta	m	nla	Lnla;	229221
fta	h	jagdx.IDirect3DVertexShader	Ljagdx/IDirect3DVertexShader;	229224
fta	p	float[]	[F	229227
fta	f	boolean	Z	229230
fta	l	jagdx.IDirect3DVertexShader	Ljagdx/IDirect3DVertexShader;	229233
fta	o	eb	Leb;	229236
fta	k	float[]	[F	229239
fta	i	jagdx.IDirect3DVertexShader	Ljagdx/IDirect3DVertexShader;	229242
fta	n	boolean	Z	229245
fta	j	boolean	Z	229248
ftb	o	int	I	230309
fu	o	jra	Ljra;	230380
fua	p	int	I	230536
fua	q	int	I	230539
fua	o	boolean	Z	230542
fv	p	java.lang.String	Ljava/lang/String;	230616
fv	q	java.lang.String	Ljava/lang/String;	230619
fv	o	int[]	[I	230622
fva	o	int	I	230722
fva	p	boolean	Z	230725
fw	a	int	I	231320
fwa	i	pfa	Lpfa;	231327
fwa	a	llb	Lllb;	231330
fwa	g	coa	Lcoa;	231333
fwa	e	java.math.BigInteger	Ljava/math/BigInteger;	231336
fwa	h	int	I	231339
fwa	f	ga[]	[Lga;	231342
fwa	b	java.math.BigInteger	Ljava/math/BigInteger;	231345
fwa	j	ona	Lona;	231348
fwa	d	km	Lkm;	231351
fwa	c	ds	Lds;	231354
ga	f	pfa	Lpfa;	232256
ga	n	int	I	232259
ga	u	gnb	Lgnb;	232262
ga	t	qp	Lqp;	232265
ga	l	fo	Lfo;	232268
ga	p	int	I	232271
ga	j	fo	Lfo;	232274
ga	s	llb	Lllb;	232277
ga	k	byte[]	[B	232280
ga	w	int	I	232283
ga	g	ona	Lona;	232286
ga	d	byte[]	[B	232289
ga	r	jtb	Ljtb;	232292
ga	o	boolean	Z	232295
ga	v	ij	Lij;	232298
ga	i	ij	Lij;	232301
ga	h	int	I	232304
ga	q	boolean	Z	232307
ga	e	long	J	232310
ga	m	boolean	Z	232313
gaa	o	int	I	234318
gaa	p	int	I	234321
gab	f	int	I	234444
gab	j	java.lang.String[]	[Ljava/lang/String;	234447
gab	a	osa[]	[Losa;	234450
gab	c	int	I	234453
gab	b	sfa	Lsfa;	234456
gab	d	int	I	234459
gab	g	int	I	234462
gab	i	ij	Lij;	234465
gab	h	int[][]	[[I	234468
gab	e	boolean	Z	234471
gba	q	int	I	235151
gba	o	java.lang.String	Ljava/lang/String;	235154
gba	p	llb	Lllb;	235157
gba	r	int	I	235160
gbb	o	int	I	235316
gbb	q	int	I	235319
gbb	p	java.lang.String	Ljava/lang/String;	235322
gca	q	char[]	[C	235667
gca	o	java.lang.String	Ljava/lang/String;	235670
gca	p	java.lang.String	Ljava/lang/String;	235673
gca	r	lkb	Llkb;	235676
gcb	q	kba	Lkba;	236153
gcb	o	java.lang.String	Ljava/lang/String;	236156
gcb	r	java.lang.String	Ljava/lang/String;	236159
gcb	s	java.lang.String	Ljava/lang/String;	236162
gcb	u	java.lang.String	Ljava/lang/String;	236165
gcb	t	java.lang.String	Ljava/lang/String;	236168
gcb	p	boolean	Z	236171
gd	g	int	I	236299
gd	f	int	I	236302
gd	e	boolean	Z	236305
gd	h	int	I	236308
gd	i	byte[]	[B	236311
gda	m	ml	Lml;	236356
gda	k	java.lang.String	Ljava/lang/String;	236359
gda	i	int	I	236362
gda	e	int	I	236365
gda	h	ml	Lml;	236368
gda	j	int	I	236371
gda	g	int	I	236374
gda	d	int	I	236377
gda	f	int	I	236380
gda	l	int	I	236383
gdb	i	asb	Lasb;	236515
gdb	d	java.lang.String	Ljava/lang/String;	236518
gdb	h	byte[]	[B	236521
gdb	a	long	J	236524
gdb	j	int	I	236527
gdb	c	long	J	236530
gdb	f	byte[]	[B	236533
gdb	e	long	J	236536
gdb	m	au	Lau;	236539
gdb	b	long	J	236542
gdb	g	long	J	236545
gdb	k	long	J	236548
gdb	l	int	I	236551
ge	e	boolean	Z	238458
ge	b	java.lang.String	Ljava/lang/String;	238461
ge	d	boolean	Z	238464
ge	c	int	I	238467
ge	a	java.lang.String	Ljava/lang/String;	238470
gea	J	int	I	238693
gea	K	shb	Lshb;	238696
gea	M	int	I	238699
gea	P	int	I	238702
gea	O	int	I	238705
gea	L	qpb	Lqpb;	238708
gea	Q	int	I	238711
gea	N	oe	Loe;	238714
geb	o	llb	Lllb;	239397
gfb	a	llb	Lllb;	239645
gg	l	int	I	239905
gg	k	int	I	239908
gg	j	int	I	239911
gg	i	int	I	239914
ggb	a	int	I	240466
gh	p	java.lang.String	Ljava/lang/String;	240477
gh	o	java.lang.String	Ljava/lang/String;	240480
gha	r	ri	Lri;	240592
gha	o	int	I	240595
gha	q	rrb	Lrrb;	240598
gha	p	llb	Lllb;	240601
ghb	d	byte[]	[B	240935
gi	b	int	I	241018
gi	a	int	I	241021
gia	l	boolean	Z	241079
gia	i	int	I	241082
gia	k	eab	Leab;	241085
gia	j	java.lang.String	Ljava/lang/String;	241088
gib	b	java.lang.String[]	[Ljava/lang/String;	241489
gib	a	int	I	241492
gib	c	java.lang.String	Ljava/lang/String;	241495
gjb	o	dja	Ldja;	241942
gjb	p	llb	Lllb;	241945
gk	o	java.lang.String	Ljava/lang/String;	242049
gk	p	boolean	Z	242052
gka	o	dfa	Ldfa;	242155
gka	p	kb	Lkb;	242158
gka	q	int	I	242161
gkb	p	java.util.zip.CRC32	Ljava/util/zip/CRC32;	242278
gkb	o	int	I	242281
gkb	q	java.lang.String	Ljava/lang/String;	242284
gl	a	int	I	242396
gl	c	java.lang.String	Ljava/lang/String;	242399
gl	b	java.lang.String	Ljava/lang/String;	242402
gl	d	int	I	242405
gla	c	int	I	242495
gla	b	java.lang.String	Ljava/lang/String;	242498
gla	a	jp	Ljp;	242501
glb	b	mkb	Lmkb;	242609
glb	c	java.lang.String[]	[Ljava/lang/String;	242612
glb	a	java.lang.String	Ljava/lang/String;	242615
gm	N	phb	Lphb;	242876
gm	H	ij	Lij;	242879
gm	K	int	I	242882
gm	L	eeb	Leeb;	242885
gm	M	byte[]	[B	242888
gm	I	java.lang.String	Ljava/lang/String;	242891
gm	J	java.lang.String	Ljava/lang/String;	242894
gma	c	jagdx.IDirect3DSurface	Ljagdx/IDirect3DSurface;	243493
gma	a	jagdx.IDirect3DSwapChain	Ljagdx/IDirect3DSwapChain;	243496
gma	b	jagdx.IDirect3DSurface	Ljagdx/IDirect3DSurface;	243499
gmb	a	java.lang.String	Ljava/lang/String;	243666
gmb	b	java.lang.String	Ljava/lang/String;	243669
gmb	c	llb	Lllb;	243672
gn	m	int	I	243799
gn	j	int	I	243802
gn	l	int	I	243805
gn	k	gl	Lgl;	243808
gna	j	int	I	244730
gna	l	int	I	244733
gna	m	java.lang.String	Ljava/lang/String;	244736
gna	i	byte[]	[B	244739
gna	k	int[]	[I	244742
gnb	f	java.lang.String	Ljava/lang/String;	245250
gnb	d	int	I	245253
gnb	g	int	I	245256
gnb	b	ksa	Lksa;	245259
gnb	e	ksa	Lksa;	245262
gnb	a	int	I	245265
gnb	c	ksa[]	[Lksa;	245268
go	o	ri	Lri;	246072
go	p	int	I	246075
go	q	llb	Lllb;	246078
goa	K	java.lang.String	Ljava/lang/String;	246196
goa	J	java.lang.String	Ljava/lang/String;	246199
goa	M	boolean	Z	246202
goa	L	boolean	Z	246205
goa	N	ttb	Lttb;	246208
gob	c	int	I	246554
gob	b	java.lang.String	Ljava/lang/String;	246557
gob	a	java.lang.String[]	[Ljava/lang/String;	246560
gob	z	java.lang.String	Ljava/lang/String;	246563
gp	q	java.lang.String[]	[Ljava/lang/String;	246608
gp	o	long[]	[J	246611
gp	p	int	I	246614
gp	r	long[][]	[[J	246617
gpa	f	java.lang.String	Ljava/lang/String;	246973
gpa	e	jaclib.memory.heap.NativeHeap	Ljaclib/memory/heap/NativeHeap;	246976
gpb	d	int	I	247080
gpb	f	int[]	[I	247083
gpb	e	int	I	247086
gq	o	java.lang.String	Ljava/lang/String;	247150
gqa	b	java.lang.String	Ljava/lang/String;	247251
gqa	a	int	I	247254
gqb	c	int	I	247596
gqb	b	java.lang.String	Ljava/lang/String;	247599
gqb	a	int	I	247602
gr	o	java.lang.String	Ljava/lang/String;	248077
gra	p	java.lang.String	Ljava/lang/String;	248176
gra	o	int	I	248179
grb	m	int	I	248574
grb	l	int[]	[I	248577
grb	j	int[]	[I	248580
grb	k	int	I	248583
grb	i	java.lang.String	Ljava/lang/String;	248586
gs	e	oe	Loe;	249357
gs	d	java.lang.String	Ljava/lang/String;	249360
gs	b	llb	Lllb;	249363
gs	a	apb[]	[Lapb;	249366
gs	c	int	I	249369
gsa	o	java.lang.String[]	[Ljava/lang/String;	249501
gsa	p	java.lang.String	Ljava/lang/String;	249504
gt	q	boolean	Z	249625
gt	o	llb	Lllb;	249628
gt	p	float	F	249631
gtb	a	java.lang.String	Ljava/lang/String;	249800
gtb	b	int	I	249803
gtb	c	int	I	249806
gtb	d	ij	Lij;	249809
gu	p	int	I	250162
gu	o	java.lang.String	Ljava/lang/String;	250165
gu	q	java.lang.String	Ljava/lang/String;	250168
gva	b	java.lang.String	Ljava/lang/String;	250570
gva	a	dja	Ldja;	250573
gw	j	int	I	250687
gw	i	int[]	[I	250690
gwa	p	java.lang.String	Ljava/lang/String;	251140
gwa	o	boolean	Z	251143
h	nativeid	long	J	251359
ha	a	d	Ld;	251484
ha	b	int	I	251487
haa	o	java.lang.String	Ljava/lang/String;	252674
haa	p	java.lang.String	Ljava/lang/String;	252677
hab	f	boolean	Z	252830
hab	k	int	I	252833
hab	i	int	I	252836
hab	j	java.lang.String	Ljava/lang/String;	252839
hab	h	int	I	252842
hab	g	wfb[]	[Lwfb;	252845
hab	e	java.lang.String	Ljava/lang/String;	252848
hb	d	int[]	[I	253306
hb	b	long	J	253309
hb	a	int	I	253312
hb	c	boolean	Z	253315
hba	o	int	I	253576
hbb	A	int[]	[I	253649
hbb	q	int	I	253652
hbb	E	gnb	Lgnb;	253655
hbb	G	int[]	[I	253658
hbb	O	fkb[][]	[[Lfkb;	253661
hbb	r	int[]	[I	253664
hbb	u	q	Lq;	253667
hbb	j	int[]	[I	253670
hbb	p	int	I	253673
hbb	K	int[]	[I	253676
hbb	M	int[]	[I	253679
hbb	N	byte[]	[B	253682
hbb	n	int[]	[I	253685
hbb	v	int[]	[I	253688
hbb	y	int[]	[I	253691
hbb	t	int[]	[I	253694
hbb	H	fkb[][]	[[Lfkb;	253697
hbb	l	int[]	[I	253700
hbb	z	int	I	253703
hbb	o	int[]	[I	253706
hbb	D	int[]	[I	253709
hbb	I	int[]	[I	253712
hbb	B	int[]	[I	253715
hbb	x	int[]	[I	253718
hbb	h	long	J	253721
hbb	m	int	I	253724
hbb	i	long	J	253727
hbb	F	int	I	253730
hbb	k	ht	Lht;	253733
hbb	L	boolean	Z	253736
hbb	s	boolean	Z	253739
hbb	w	int	I	253742
hbb	C	kka	Lkka;	253745
hc	c	float	F	259089
hc	d	int	I	259092
hc	e	int[][][]	[[[I	259095
hc	h	float[][]	[[F	259098
hc	b	int[][][]	[[[I	259101
hc	f	int[][]	[[I	259104
hc	g	int[]	[I	259107
hc	a	int[]	[I	259110
hca	o	llb	Lllb;	259748
hcb	p	int	I	260069
hcb	o	int	I	260072
hcb	q	java.lang.String	Ljava/lang/String;	260075
hda	a	boolean	Z	260512
he	o	int	I	260525
hfa	F	byte[]	[B	260917
hfa	G	int[]	[I	260920
hg	b	aib	Laib;	273305
hg	d	int	I	273308
hg	a	int[]	[I	273311
hg	c	int	I	273314
hga	p	ij	Lij;	273987
hga	o	int[]	[I	273990
hgb	o	osa	Losa;	274097
hgb	p	java.lang.String	Ljava/lang/String;	274100
hh	o	int	I	274206
hha	o	boolean	Z	274340
hha	p	khb	Lkhb;	274343
hi	a	int	I	274619
hi	b	int	I	274622
hia	o	int[][]	[[I	275788
hj	q	long	J	276026
hj	p	java.lang.String	Ljava/lang/String;	276029
hj	o	int[]	[I	276032
hja	p	java.lang.String	Ljava/lang/String;	276209
hja	o	byte[][]	[[B	276212
hjb	o	abb	Labb;	276385
hk	i	java.lang.String	Ljava/lang/String;	276486
hk	j	int	I	276489
hka	d	java.lang.String[]	[Ljava/lang/String;	276818
hkb	a	pe	Lpe;	277371
hl	i	rga	Lrga;	278072
hl	h	jagdx.IDirect3DPixelShader	Ljagdx/IDirect3DPixelShader;	278075
hl	g	jagdx.IDirect3DVertexShader	Ljagdx/IDirect3DVertexShader;	278078
hl	f	float[]	[F	278081
hl	j	boolean	Z	278084
hl	k	boolean	Z	278087
hl	e	nla	Lnla;	278090
hla	a	int[]	[I	278862
hla	b	java.lang.String	Ljava/lang/String;	278865
hlb	p	int	I	279136
hlb	o	java.lang.String	Ljava/lang/String;	279139
hm	o	java.lang.String	Ljava/lang/String;	279336
hma	b	int	I	279590
hma	e	boolean	Z	279593
hma	a	int	I	279596
hma	c	int[]	[I	279599
hma	d	int[]	[I	279602
hmb	o	java.lang.String	Ljava/lang/String;	280141
hn	a	int	I	280243
hna	q	int	I	280254
hna	p	int	I	280257
hna	s	int	I	280260
hna	n	int	I	280263
hna	r	tw	Ltw;	280266
hna	o	int	I	280269
hnb	U	phb[]	[Lphb;	281716
hnb	M	boolean	Z	281719
hnb	X	llb	Lllb;	281722
hnb	L	htb	Lhtb;	281725
hnb	K	boolean	Z	281728
hnb	R	htb	Lhtb;	281731
hnb	Q	htb	Lhtb;	281734
hnb	W	htb	Lhtb;	281737
hnb	T	htb[]	[Lhtb;	281740
hnb	N	fm[]	[Lfm;	281743
hnb	V	htb	Lhtb;	281746
hnb	P	nva	Lnva;	281749
hnb	O	htb	Lhtb;	281752
hnb	S	usb	Lusb;	281755
hnb	J	boolean	Z	281758
ho	a	fwa	Lfwa;	283852
ho	z	java.lang.String	Ljava/lang/String;	283855
hoa	o	int	I	283896
hoa	p	java.lang.String	Ljava/lang/String;	283899
hob	j	int	I	284171
hob	l	java.lang.String	Ljava/lang/String;	284174
hob	e	java.lang.String	Ljava/lang/String;	284177
hob	f	hob	Lhob;	284180
hob	i	int	I	284183
hob	d	int	I	284186
hob	h	int	I	284189
hob	k	int	I	284192
hob	g	int	I	284195
hp	b	llb	Lllb;	284660
hp	a	java.lang.StringBuilder	Ljava/lang/StringBuilder;	284663
hpa	p	int	I	284848
hpa	o	llb[]	[Lllb;	284851
hpb	j	java.lang.String	Ljava/lang/String;	284954
hpb	i	boolean	Z	284957
hpb	k	long	J	284960
hq	h	java.awt.image.ColorModel	Ljava/awt/image/ColorModel;	285556
hq	i	java.lang.String	Ljava/lang/String;	285559
hq	j	java.awt.Image	Ljava/awt/Image;	285562
hq	g	java.awt.image.ImageConsumer	Ljava/awt/image/ImageConsumer;	285565
hq	k	java.awt.Canvas	Ljava/awt/Canvas;	285568
hqa	o	java.lang.String	Ljava/lang/String;	286178
hqb	b	llb	Lllb;	286277
hqb	g	java.lang.String	Ljava/lang/String;	286280
hqb	c	int	I	286283
hqb	f	int	I	286286
hqb	i	aw	Law;	286289
hqb	d	long	J	286292
hqb	k	java.lang.String[][]	[[Ljava/lang/String;	286295
hqb	h	int	I	286298
hqb	e	int[]	[I	286301
hqb	a	java.lang.String	Ljava/lang/String;	286304
hqb	j	java.lang.String	Ljava/lang/String;	286307
hr	o	java.lang.String[]	[Ljava/lang/String;	288443
hra	o	bs	Lbs;	289528
hrb	a	int	I	289664
hrb	b	boolean	Z	289667
hrb	z	java.lang.String	Ljava/lang/String;	289670
hsa	o	java.lang.String	Ljava/lang/String;	290039
hsb	a	cbb[]	[Lcbb;	290137
ht	h	java.lang.String	Ljava/lang/String;	290305
ht	k	ij	Lij;	290308
ht	i	hbb	Lhbb;	290311
ht	j	qkb	Lqkb;	290314
hta	o	int	I	291237
htb	w	llb	Lllb;	291454
htb	x	boolean	Z	291457
htb	t	boolean	Z	291460
htb	A	gj	Lgj;	291463
htb	z	int	I	291466
htb	y	boolean	Z	291469
htb	v	java.lang.String	Ljava/lang/String;	291472
htb	u	boolean	Z	291475
hu	d	int	I	292324
hu	c	int	I	292327
hu	e	int	I	292330
hu	b	int	I	292333
hu	a	int	I	292336
hua	d	int	I	292354
hv	o	dja	Ldja;	292434
hv	p	java.lang.String	Ljava/lang/String;	292437
hva	b	java.lang.Throwable	Ljava/lang/Throwable;	292547
hva	a	java.lang.String	Ljava/lang/String;	292550
hva	c	java.lang.String[]	[Ljava/lang/String;	292553
hw	a	int	I	292599
hw	e	asb	Lasb;	292602
hw	c	long[]	[J	292605
hw	d	int[][]	[[I	292608
hw	b	int	I	292611
hwa	r	ima[]	[Lima;	292974
hwa	q	int	I	292977
hwa	o	os	Los;	292980
hwa	p	phb[][]	[[Lphb;	292983
i	a	qeb[]	[Lqeb;	293138
i	nativeid	long	J	293141
i	b	ya	Lya;	293144
i	c	tn[]	[Ltn;	293147
i	d	oa	Loa;	293150
iab	a	oe	Loe;	293636
ib	o	java.lang.String	Ljava/lang/String;	293872
ibb	a	int	I	294390
ibb	b	long	J	294393
ibb	c	jp	Ljp;	294396
ic	o	java.lang.String	Ljava/lang/String;	294591
ica	p	java.lang.String	Ljava/lang/String;	294768
ica	o	java.lang.String	Ljava/lang/String;	294771
icb	o	int	I	294909
icb	p	pr	Lpr;	294912
ida	x	kba	Lkba;	295078
ida	w	gj	Lgj;	295081
ida	v	ij	Lij;	295084
idb	o	boolean	Z	296362
idb	p	int	I	296365
ie	p	int	I	296434
ie	o	phb	Lphb;	296437
iea	d	int	I	297682
ieb	o	int[]	[I	297758
ifa	e	java.lang.String	Ljava/lang/String;	298209
ifa	d	int	I	298212
ifa	h	java.lang.String	Ljava/lang/String;	298215
ifa	i	int	I	298218
ifa	f	char[]	[C	298221
ifa	g	java.lang.String[]	[Ljava/lang/String;	298224
iga	o	llb	Lllb;	298773
igb	a	java.awt.Canvas	Ljava/awt/Canvas;	298873
igb	b	java.lang.String	Ljava/lang/String;	298876
ih	f	java.lang.String[]	[Ljava/lang/String;	299134
ih	d	int	I	299137
ih	e	int	I	299140
ih	c	int	I	299143
iha	o	java.lang.String	Ljava/lang/String;	300217
ihb	d	int	I	300353
ihb	e	int	I	300356
ii	g	java.lang.String	Ljava/lang/String;	300937
ii	d	dja	Ldja;	300940
ii	b	opa[]	[Lopa;	300943
ii	f	ehb	Lehb;	300946
ii	e	asb	Lasb;	300949
ii	c	asb	Lasb;	300952
ii	h	boolean	Z	300955
ii	i	int	I	300958
ii	a	java.lang.String	Ljava/lang/String;	300961
iia	c	java.lang.String	Ljava/lang/String;	302200
iia	d	int	I	302203
iia	e	int	I	302206
iib	e	int[]	[I	303591
iib	d	bt	Lbt;	303594
iib	c	jjb	Ljjb;	303597
ij	a	ksa	Lksa;	304225
ij	b	ksa	Lksa;	304228
ija	h	int	I	305166
ija	c	java.lang.String	Ljava/lang/String;	305169
ija	d	int	I	305172
ija	e	int	I	305175
ija	a	int	I	305178
ija	b	mob	Lmob;	305181
ija	g	int	I	305184
ija	f	int	I	305187
ijb	o	java.lang.String	Ljava/lang/String;	305416
ik	h	int	I	305519
ik	d	int	I	305522
ik	e	int	I	305525
ik	f	int	I	305528
ik	g	int	I	305531
ik	i	int	I	305534
ika	c	int[]	[I	306534
ika	a	int[]	[I	306537
ika	b	int	I	306540
ikb	o	java.lang.String	Ljava/lang/String;	307242
il	l	int	I	307611
il	i	int	I	307614
il	k	int	I	307617
il	j	int	I	307620
ila	d	java.lang.String	Ljava/lang/String;	308362
ilb	z	java.lang.String	Ljava/lang/String;	308679
im	o	float	F	308719
im	q	faa	Lfaa;	308722
im	p	int	I	308725
im	m	int	I	308728
im	n	float	F	308731
im	l	boolean	Z	308734
ima	a	byte[]	[B	309378
ima	d	int	I	309381
ima	b	int[]	[I	309384
ima	f	int	I	309387
ima	h	byte[]	[B	309390
ima	i	int	I	309393
ima	e	int	I	309396
ima	g	int	I	309399
ima	c	int	I	309402
imb	c	int	I	310187
imb	a	int	I	310190
imb	e	int	I	310193
imb	d	int	I	310196
imb	b	java.lang.String	Ljava/lang/String;	310199
in	c	int	I	310794
in	a	int[]	[I	310797
in	b	int	I	310800
ina	p	int	I	310837
ina	o	java.lang.String	Ljava/lang/String;	310840
inb	q	cna[][]	[[Lcna;	310938
inb	p	java.lang.String	Ljava/lang/String;	310941
inb	o	java.lang.String	Ljava/lang/String;	310944
io	p	int	I	311058
ioa	q	dja	Ldja;	311178
ioa	o	int	I	311181
ioa	p	int	I	311184
iob	f	int	I	311457
iob	e	java.lang.String	Ljava/lang/String;	311460
iob	g	int	I	311463
iob	z	java.lang.String	Ljava/lang/String;	311466
ip	o	java.lang.String	Ljava/lang/String;	311513
ip	p	java.awt.Dimension	Ljava/awt/Dimension;	311516
ipa	p	java.lang.String	Ljava/lang/String;	311622
ipa	q	java.lang.String	Ljava/lang/String;	311625
ipa	o	java.lang.String	Ljava/lang/String;	311628
ipb	a	int	I	311734
ipb	b	tsa[]	[Ltsa;	311737
iq	a	int	I	311902
iqa	o	java.lang.String	Ljava/lang/String;	312145
iqb	o	phb	Lphb;	312250
iqb	p	long	J	312253
ir	o	java.lang.String	Ljava/lang/String;	312355
ira	b	lkb	Llkb;	312898
ira	c	java.awt.Frame	Ljava/awt/Frame;	312901
is	k	int	I	313638
it	k	int	I	314289
it	m	java.lang.String	Ljava/lang/String;	314292
it	j	int	I	314295
it	l	int	I	314298
it	i	int	I	314301
ita	F	boolean	Z	315077
ita	A	java.lang.String	Ljava/lang/String;	315080
ita	D	java.lang.String	Ljava/lang/String;	315083
ita	E	uf	Luf;	315086
ita	B	uf	Luf;	315089
ita	C	uf	Luf;	315092
itb	p	long	J	315955
itb	o	int	I	315958
iua	o	java.lang.String	Ljava/lang/String;	316093
iua	p	int	I	316096
iv	p	java.lang.String	Ljava/lang/String;	316245
iv	o	int	I	316248
iva	p	int	I	316344
iva	o	int	I	316347
iw	F	java.lang.String[]	[Ljava/lang/String;	316607
iw	H	int	I	316610
iw	I	int	I	316613
iw	B	int	I	316616
iw	C	int	I	316619
iw	E	int	I	316622
iw	D	java.lang.String	Ljava/lang/String;	316625
iw	G	int	I	316628
iwa	a	java.lang.String	Ljava/lang/String;	317937
iwa	b	int	I	317940
iwa	c	java.lang.String	Ljava/lang/String;	317943
j	nativeid	long	J	318052
ja	nativeid	long	J	318299
jab	o	int[]	[I	318378
jab	p	int	I	318381
jaclib	a	int	I	318577
jaclib	b	long	J	318580
jaclib	d	int	I	318731
jaclib	e	int	I	318734
jaclib	b	int	I	318737
jaclib	c	byte[]	[B	318740
jaclib	a	jaclib.memory.Buffer	Ljaclib/memory/Buffer;	318743
jaclib	a	boolean	Z	319187
jaclib	peer	long	J	319190
jaclib	b	int	I	319193
jaclib	b	int	I	319323
jaclib	d	int	I	319326
jaclib	a	boolean	Z	319329
jaclib	c	jaclib.memory.heap.NativeHeap	Ljaclib/memory/heap/NativeHeap;	319332
jaclib	reference	jaclib.peer.PeerReference	Ljaclib/peer/PeerReference;	319628
jaclib	a	jaclib.peer.PeerReference	Ljaclib/peer/PeerReference;	319664
jaclib	peer	long	J	319667
jaclib	b	jaclib.peer.PeerReference	Ljaclib/peer/PeerReference;	319670
jaclib	b	java.lang.ref.ReferenceQueue	Ljava/lang/ref/ReferenceQueue;	319777
jaclib	c	jaclib.peer.PeerReference	Ljaclib/peer/PeerReference;	319780
jaclib	a	jaclib.peer.PeerReference	Ljaclib/peer/PeerReference;	319783
jagdx	PixelShader1xMaxValue	float	F	320011
jagdx	MaxPrimitiveCount	int	I	320014
jagdx	MaxVertexW	float	F	320017
jagdx	MaxPointSize	float	F	320020
jagdx	LineCaps	int	I	320023
jagdx	MaxVertexIndex	int	I	320026
jagdx	RasterCaps	int	I	320029
jagdx	PresentationIntervals	int	I	320032
jagdx	MaxActiveLights	int	I	320035
jagdx	VolumeTextureAddressCaps	int	I	320038
jagdx	CursorCaps	int	I	320041
jagdx	MaxVertexBlendMatrices	int	I	320044
jagdx	MaxVertexShaderConst	int	I	320047
jagdx	TextureCaps	int	I	320050
jagdx	TextureAddressCaps	int	I	320053
jagdx	MaxAnisotropy	int	I	320056
jagdx	SrcBlendCaps	int	I	320059
jagdx	PrimitiveMiscCaps	int	I	320062
jagdx	MaxUserClipPlanes	int	I	320065
jagdx	MaxTextureBlendStages	int	I	320068
jagdx	AlphaCmpCaps	int	I	320071
jagdx	MaxVolumeExtent	int	I	320074
jagdx	TextureOpCaps	int	I	320077
jagdx	CubeTextureFilterCaps	int	I	320080
jagdx	DevCaps	int	I	320083
jagdx	DestBlendCaps	int	I	320086
jagdx	MaxTextureWidth	int	I	320089
jagdx	PixelShaderVersion	int	I	320092
jagdx	Caps3	int	I	320095
jagdx	GuardBandRight	float	F	320098
jagdx	VertexShaderVersion	int	I	320101
jagdx	ZCmpCaps	int	I	320104
jagdx	MaxStreams	int	I	320107
jagdx	AdapterOrdinal	int	I	320110
jagdx	GuardBandTop	float	F	320113
jagdx	ExtentsAdjust	float	F	320116
jagdx	VolumeTextureFilterCaps	int	I	320119
jagdx	MaxTextureHeight	int	I	320122
jagdx	MaxTextureRepeat	int	I	320125
jagdx	GuardBandBottom	float	F	320128
jagdx	ShadeCaps	int	I	320131
jagdx	FVFCaps	int	I	320134
jagdx	TextureFilterCaps	int	I	320137
jagdx	MaxSimultaneousTextures	int	I	320140
jagdx	VS20Caps	jagdx.D3DVSHADERCAPS2_0	Ljagdx/D3DVSHADERCAPS2_0;	320143
jagdx	StencilCaps	int	I	320146
jagdx	VertexProcessingCaps	int	I	320149
jagdx	MaxTextureAspectRatio	int	I	320152
jagdx	DeviceType	int	I	320155
jagdx	Caps	int	I	320158
jagdx	Caps2	int	I	320161
jagdx	MaxStreamStride	int	I	320164
jagdx	GuardBandLeft	float	F	320167
jagdx	MaxVertexBlendMatrixIndex	int	I	320170
jagdx	PS20Caps	jagdx.D3DPSHADERCAPS2_0	Ljagdx/D3DPSHADERCAPS2_0;	320173
jagdx	MasterAdapterOrdinal	int	I	320176
jagdx	VertexTextureFilterCaps	int	I	320179
jagdx	DeclTypes	int	I	320182
jagdx	NumSimultaneousRTs	int	I	320185
jagdx	MaxVertexShader30InstructionSlots	int	I	320188
jagdx	AdapterOrdinalInGroup	int	I	320191
jagdx	MaxPixelShader30InstructionSlots	int	I	320194
jagdx	StretchRectFilterCaps	int	I	320197
jagdx	MaxVShaderInstructionsExecuted	int	I	320200
jagdx	MaxPShaderInstructionsExecuted	int	I	320203
jagdx	NumberOfAdaptersInGroup	int	I	320206
jagdx	DevCaps2	int	I	320209
jagdx	Format	int	I	320230
jagdx	Width	int	I	320233
jagdx	Height	int	I	320236
jagdx	RefreshRate	int	I	320239
jagdx	Windowed	boolean	Z	320298
jagdx	DeviceWindow	java.awt.Canvas	Ljava/awt/Canvas;	320301
jagdx	FullScreen_RefreshRateInHz	int	I	320304
jagdx	BackBufferFormat	int	I	320307
jagdx	BackBufferCount	int	I	320310
jagdx	MultiSampleType	int	I	320313
jagdx	BackBufferWidth	int	I	320316
jagdx	MultiSampleQuality	int	I	320319
jagdx	PresentationInterval	int	I	320322
jagdx	Flags	int	I	320325
jagdx	EnableAutoDepthStencil	boolean	Z	320328
jagdx	SwapEffect	int	I	320331
jagdx	BackBufferHeight	int	I	320334
jagdx	AutoDepthStencilFormat	int	I	320337
jagdx	NumTemps	int	I	320385
jagdx	Caps	int	I	320388
jagdx	NumInstructionSlots	int	I	320391
jagdx	StaticFlowControlDepth	int	I	320394
jagdx	DynamicFlowControlDepth	int	I	320397
jagdx	DynamicFlowControlDepth	int	I	320408
jagdx	NumTemps	int	I	320411
jagdx	StaticFlowControlDepth	int	I	320414
jagdx	Caps	int	I	320417
jagdx	a	jaclib.peer.tqb	Ljaclib/peer/tqb;	320539
jagdx	b	jaclib.peer.tqb	Ljaclib/peer/tqb;	320731
jagdx	a	float[]	[F	320734
jagdx	a	jaclib.peer.tqb	Ljaclib/peer/tqb;	321545
jagex3	peer	long	J	322072
jaggl	c	int	I	322127
jaggl	b	java.util.Hashtable	Ljava/util/Hashtable;	322261
jaggl	c	java.util.Hashtable	Ljava/util/Hashtable;	322264
jaggl	peer	long	J	322267
jaggl	a	java.lang.Thread	Ljava/lang/Thread;	322270
jb	a	boolean	Z	322979
jb	b	java.lang.String	Ljava/lang/String;	322982
jb	z	java.lang.String	Ljava/lang/String;	322985
jba	i	int	I	323031
jba	a	int	I	323034
jba	f	int	I	323037
jba	g	no	Lno;	323040
jba	d	int	I	323043
jba	b	llb	Lllb;	323046
jba	c	int	I	323049
jba	h	llb	Lllb;	323052
jba	e	int	I	323055
jc	o	java.lang.String	Ljava/lang/String;	323870
jca	o	java.lang.String	Ljava/lang/String;	324378
jca	p	java.lang.String	Ljava/lang/String;	324381
jd	o	tu	Ltu;	324616
jd	p	java.lang.String	Ljava/lang/String;	324619
jda	p	java.lang.String	Ljava/lang/String;	324891
jda	o	java.lang.String[]	[Ljava/lang/String;	324894
jdb	a	java.lang.String	Ljava/lang/String;	325048
je	c	aba	Laba;	325634
je	a	mkb	Lmkb;	325637
je	d	mkb	Lmkb;	325640
je	b	vca	Lvca;	325643
jea	o	java.lang.String	Ljava/lang/String;	326341
jea	q	java.lang.String	Ljava/lang/String;	326344
jea	p	int	I	326347
jeb	b	java.util.Random	Ljava/util/Random;	326523
jeb	c	int[]	[I	326526
jf	g	jagdx.IDirect3DCubeTexture	Ljagdx/IDirect3DCubeTexture;	327007
jf	f	int	I	327010
jfa	g	int[]	[I	327224
jfa	c	sob	Lsob;	327227
jfa	e	int[]	[I	327230
jfa	f	int[]	[I	327233
jfa	h	int[]	[I	327236
jfa	i	int[]	[I	327239
jfa	d	byte[][]	[[B	327242
jfb	o	llb	Lllb;	328365
jg	b	java.awt.Robot	Ljava/awt/Robot;	328467
jg	a	java.awt.Component	Ljava/awt/Component;	328470
jga	a	int	I	328625
jga	b	java.lang.String	Ljava/lang/String;	328628
jgb	o	java.lang.String	Ljava/lang/String;	328746
jh	o	java.lang.String	Ljava/lang/String;	328974
jh	p	java.lang.String	Ljava/lang/String;	328977
jha	p	int	I	329086
jha	o	java.lang.String[]	[Ljava/lang/String;	329089
jhb	o	java.lang.String	Ljava/lang/String;	329184
ji	p	qkb	Lqkb;	329286
ji	o	int[]	[I	329289
jia	o	int	I	329582
jib	o	boolean	Z	330146
jj	p	float	F	330212
jj	q	java.lang.String	Ljava/lang/String;	330215
jj	r	java.lang.String	Ljava/lang/String;	330218
jj	o	int	I	330221
jja	a	java.lang.String	Ljava/lang/String;	330426
jja	b	java.lang.String	Ljava/lang/String;	330429
jjb	a	ob	Lob;	330555
jjb	g	ob	Lob;	330558
jjb	d	boolean	Z	330561
jjb	f	java.lang.String	Ljava/lang/String;	330564
jjb	e	aia[]	[Laia;	330567
jjb	c	aia[]	[Laia;	330570
jjb	b	ob	Lob;	330573
jk	Cb	int	I	330940
jk	Ib	llb	Lllb;	330943
jk	Lb	boolean	Z	330946
jk	wb	llb	Lllb;	330949
jk	xb	java.lang.String	Ljava/lang/String;	330952
jk	zb	long	J	330955
jk	yb	int	I	330958
jk	Db	int	I	330961
jk	Hb	java.lang.String	Ljava/lang/String;	330964
jk	Eb	boolean	Z	330967
jk	Jb	llb	Lllb;	330970
jk	Fb	boolean	Z	330973
jk	Gb	int	I	330976
jk	Kb	long	J	330979
jk	Nb	llb	Lllb;	330982
jk	Ab	int	I	330985
jk	vb	int	I	330988
jk	Bb	int	I	330991
jk	Mb	llb	Lllb;	330994
jkb	a	boolean	Z	331347
jkb	b	int	I	331350
jl	p	int	I	331361
jl	r	char	C	331364
jl	q	mab	Lmab;	331367
jl	o	java.lang.String	Ljava/lang/String;	331370
jla	B	java.lang.String	Ljava/lang/String;	331482
jlb	j	int	I	331792
jlb	m	int	I	331795
jlb	v	int[]	[I	331798
jlb	p	int	I	331801
jlb	i	int[][]	[[I	331804
jlb	k	int	I	331807
jlb	w	int[][]	[[I	331810
jlb	u	int	I	331813
jlb	l	int	I	331816
jlb	n	int	I	331819
jlb	q	int	I	331822
jlb	r	int	I	331825
jlb	o	int	I	331828
jlb	t	java.lang.String	Ljava/lang/String;	331831
jlb	s	int	I	331834
jm	o	java.lang.String	Ljava/lang/String;	332811
jma	r	int	I	333103
jma	q	java.util.Hashtable	Ljava/util/Hashtable;	333106
jma	o	fo	Lfo;	333109
jma	p	byte[]	[B	333112
jmb	s	java.lang.String	Ljava/lang/String;	333240
jmb	p	int	I	333243
jmb	q	int[]	[I	333246
jmb	r	int[]	[I	333249
jmb	o	java.lang.String	Ljava/lang/String;	333252
jn	e	vh	Lvh;	333393
jn	a	llb	Lllb;	333396
jn	b	fh	Lfh;	333399
jn	c	java.lang.String	Ljava/lang/String;	333402
jn	d	fh	Lfh;	333405
jna	o	llb	Lllb;	333654
jnb	p	java.math.BigInteger	Ljava/math/BigInteger;	333750
jnb	o	int	I	333753
jo	d	int[]	[I	334275
jo	a	java.security.SecureRandom	Ljava/security/SecureRandom;	334278
jo	h	int	I	334281
jo	f	int	I	334284
jo	g	java.lang.String	Ljava/lang/String;	334287
jo	b	int	I	334290
jo	c	int	I	334293
jo	e	int	I	334296
joa	b	int[]	[I	335336
joa	a	int	I	335339
job	q	java.lang.String	Ljava/lang/String;	335780
job	o	java.lang.String	Ljava/lang/String;	335783
job	p	int[]	[I	335786
jp	Jc	java.util.Random	Ljava/util/Random;	335900
jp	Oc	int	I	335903
jp	yc	ij	Lij;	335906
jp	zc	jaggl.OpenGL	Ljaggl/OpenGL;	335909
jp	Ic	ij	Lij;	335912
jp	Uc	ij	Lij;	335915
jp	Cc	ij	Lij;	335918
jp	bd	ij	Lij;	335921
jp	Ec	ij	Lij;	335924
jp	Gc	ij	Lij;	335927
jp	cd	boolean	Z	335930
jp	Kc	boolean	Z	335933
jp	Tc	long	J	335936
jp	Sc	jaggl.MapBuffer	Ljaggl/MapBuffer;	335939
jp	Rc	int	I	335942
jp	Lc	boolean	Z	335945
jp	Yc	boolean	Z	335948
jp	Pc	esb[]	[Lesb;	335951
jp	Dc	boolean	Z	335954
jp	Vc	jaggl.MapBuffer	Ljaggl/MapBuffer;	335957
jp	Ac	boolean	Z	335960
jp	Fc	int	I	335963
jp	Wc	int[]	[I	335966
jp	Zc	boolean	Z	335969
jp	Xc	boolean	Z	335972
jp	Bc	java.lang.String	Ljava/lang/String;	335975
jp	Hc	boolean	Z	335978
jp	Qc	boolean	Z	335981
jp	Mc	boolean	Z	335984
jp	ad	java.lang.String	Ljava/lang/String;	335987
jp	Nc	int	I	335990
jpa	b	int	I	341636
jpa	c	dja	Ldja;	341639
jpa	a	boolean	Z	341642
jpa	d	int	I	341645
jq	o	int	I	342554
jqa	o	java.lang.String[]	[Ljava/lang/String;	342626
jqb	o	float[]	[F	342741
jra	d	boolean[]	[Z	343431
jra	c	int	I	343434
jra	b	java.lang.String	Ljava/lang/String;	343437
jra	a	tpa	Ltpa;	343440
jrb	p	java.lang.String	Ljava/lang/String;	343661
jrb	o	int	I	343664
js	r	int	I	343829
js	s	int	I	343832
js	p	java.lang.String[]	[Ljava/lang/String;	343835
js	q	boolean	Z	343838
js	o	int	I	343841
jsb	d	int	I	344149
jsb	c	int	I	344152
jsb	e	java.lang.String[]	[Ljava/lang/String;	344155
jt	p	int	I	344918
jt	o	vla	Lvla;	344921
jta	o	llb	Lllb;	345313
jta	q	java.lang.String	Ljava/lang/String;	345316
jta	r	asb	Lasb;	345319
jta	p	int	I	345322
jtb	k	boolean	Z	345425
jtb	n	boolean	Z	345428
jtb	l	boolean	Z	345431
jtb	m	int	I	345434
ju	o	java.lang.String	Ljava/lang/String;	345527
jua	a	int	I	346277
jv	d	dja	Ldja;	346423
jv	e	asb	Lasb;	346426
jv	a	asb	Lasb;	346429
jv	c	pfb	Lpfb;	346432
jv	b	int	I	346435
jv	f	java.lang.String	Ljava/lang/String;	346438
jw	a	java.lang.String	Ljava/lang/String;	350466
jw	b	int	I	350469
jw	c	boolean	Z	350472
jw	d	java.lang.String	Ljava/lang/String;	350475
jw	z	java.lang.String	Ljava/lang/String;	350478
jwa	k	llb	Lllb;	350528
jwa	l	int	I	350531
jwa	j	int	I	350534
jwa	i	int	I	350537
jwa	m	int	I	350540
k	p	java.lang.String	Ljava/lang/String;	351007
k	r	int	I	351010
k	q	java.lang.String	Ljava/lang/String;	351013
k	o	java.lang.String	Ljava/lang/String;	351016
kaa	o	java.lang.String[]	[Ljava/lang/String;	351736
kab	p	java.lang.String	Ljava/lang/String;	351831
kab	q	caa[]	[Lcaa;	351834
kb	a	int	I	352092
kb	b	int	I	352095
kba	a	lta	Llta;	352150
kbb	q	java.lang.String	Ljava/lang/String;	352216
kbb	i	int	I	352219
kbb	j	int	I	352222
kbb	k	int	I	352225
kbb	l	int	I	352228
kbb	o	int	I	352231
kbb	n	int	I	352234
kbb	s	int	I	352237
kbb	p	int	I	352240
kbb	r	int	I	352243
kbb	m	int	I	352246
kc	e	int[]	[I	353361
kc	d	int	I	353364
kc	f	boa	Lboa;	353367
kc	a	java.lang.String	Ljava/lang/String;	353370
kc	c	boolean[]	[Z	353373
kc	b	int	I	353376
kca	a	java.lang.String	Ljava/lang/String;	354411
kca	b	int[]	[I	354414
kcb	o	int	I	354838
kcb	p	int	I	354841
kda	i	ij	Lij;	355105
kda	d	int	I	355108
kda	l	boolean	Z	355111
kda	b	int	I	355114
kda	n	int	I	355117
kda	c	ij	Lij;	355120
kda	j	ova	Lova;	355123
kda	o	boolean	Z	355126
kda	p	boolean	Z	355129
kda	a	boolean	Z	355132
kda	e	boolean	Z	355135
kda	k	int[]	[I	355138
kda	h	int	I	355141
kda	m	um	Lum;	355144
kda	q	boolean	Z	355147
kda	f	int	I	355150
kda	g	java.lang.String	Ljava/lang/String;	355153
kdb	o	int	I	357779
kea	b	boolean	Z	358116
kea	a	llb	Lllb;	358119
keb	o	java.lang.String	Ljava/lang/String;	358347
kf	a	int	I	358447
kg	r	dja	Ldja;	358777
kg	t	java.lang.String	Ljava/lang/String;	358780
kg	q	java.lang.String	Ljava/lang/String;	358783
kg	s	java.lang.String	Ljava/lang/String;	358786
kg	o	int	I	358789
kg	p	int[]	[I	358792
kga	o	int	I	358955
kgb	a	int	I	360163
kgb	b	int[]	[I	360166
kha	b	int	I	360472
kha	o	rpa	Lrpa;	360475
kha	g	int	I	360478
kha	i	ij	Lij;	360481
kha	s	rpa	Lrpa;	360484
kha	t	qfa	Lqfa;	360487
kha	k	boolean	Z	360490
kha	q	int	I	360493
kha	v	int	I	360496
kha	h	rpa	Lrpa;	360499
kha	m	int	I	360502
kha	d	java.lang.String	Ljava/lang/String;	360505
kha	w	aia	Laia;	360508
kha	e	boolean	Z	360511
kha	l	aia[]	[Laia;	360514
kha	n	nv	Lnv;	360517
kha	p	int	I	360520
kha	f	boolean	Z	360523
kha	a	boolean	Z	360526
kha	r	int	I	360529
kha	c	boolean	Z	360532
kha	u	nv	Lnv;	360535
kha	j	boolean	Z	360538
khb	c	int	I	362208
khb	a	java.lang.String	Ljava/lang/String;	362211
khb	b	boolean	Z	362214
ki	p	llb	Lllb;	362368
ki	o	int	I	362371
kia	a	java.lang.String	Ljava/lang/String;	362466
kia	b	java.lang.String	Ljava/lang/String;	362469
kib	d	int	I	362721
kj	o	gj	Lgj;	362918
kj	p	java.lang.String	Ljava/lang/String;	362921
kj	q	java.lang.String	Ljava/lang/String;	362924
kja	C	java.lang.String	Ljava/lang/String;	363039
kja	F	hob	Lhob;	363042
kja	B	ij	Lij;	363045
kja	G	java.lang.String	Ljava/lang/String;	363048
kja	D	java.lang.String[]	[Ljava/lang/String;	363051
kja	E	ij	Lij;	363054
kjb	p	int	I	364045
kjb	o	int	I	364048
kk	o	oe	Loe;	364119
kk	p	java.lang.String	Ljava/lang/String;	364122
kka	d	gnb	Lgnb;	364467
kka	e	byte[]	[B	364470
kkb	o	fg	Lfg;	365955
kkb	p	int	I	365958
kl	c	phb	Lphb;	366056
kl	e	java.lang.String	Ljava/lang/String;	366059
kl	b	uwa[]	[Luwa;	366062
kl	a	java.lang.String	Ljava/lang/String;	366065
kl	d	int	I	366068
kla	e	sja	Lsja;	366355
kla	g	int[]	[I	366358
kla	f	ha	Lha;	366361
kla	c	aja	Laja;	366364
kla	d	dfa	Ldfa;	366367
kla	a	sja	Lsja;	366370
kla	b	java.lang.String	Ljava/lang/String;	366373
klb	q	ij	Lij;	366805
klb	o	int[]	[I	366808
klb	r	ida	Lida;	366811
klb	p	int	I	366814
km	p	ds	Lds;	366919
km	r	int	I	366922
km	o	int	I	366925
km	q	byte	B	366928
km	s	java.lang.String	Ljava/lang/String;	366931
kma	d	java.lang.String	Ljava/lang/String;	367349
kma	c	java.lang.String	Ljava/lang/String;	367352
kmb	b	java.lang.String	Ljava/lang/String;	367800
kmb	e	java.lang.String	Ljava/lang/String;	367803
kmb	c	boolean	Z	367806
kmb	a	int	I	367809
kmb	f	int	I	367812
kmb	d	java.lang.String	Ljava/lang/String;	367815
kn	r	float[]	[F	367924
kn	p	llb	Lllb;	367927
kn	o	float[]	[F	367930
kn	q	dja	Ldja;	367933
knb	q	java.lang.String	Ljava/lang/String;	368273
knb	p	java.lang.String	Ljava/lang/String;	368276
knb	r	java.lang.String	Ljava/lang/String;	368279
knb	o	boolean	Z	368282
ko	e	phb[]	[Lphb;	368425
ko	f	int[]	[I	368428
ko	g	int	I	368431
ko	d	java.lang.String	Ljava/lang/String;	368434
koa	l	int	I	369003
koa	i	int	I	369006
koa	j	int	I	369009
koa	k	java.lang.String	Ljava/lang/String;	369012
kob	f	byte[]	[B	369441
kob	e	java.lang.String	Ljava/lang/String;	369444
kob	d	boolean	Z	369447
kp	o	java.lang.String	Ljava/lang/String;	369740
kpa	o	java.lang.String	Ljava/lang/String;	370037
kpb	q	qkb	Lqkb;	370271
kpb	s	jo[]	[Ljo;	370274
kpb	r	java.lang.String	Ljava/lang/String;	370277
kq	o	int[]	[I	370391
kr	a	java.lang.String[]	[Ljava/lang/String;	370768
kra	a	int[]	[I	370972
kra	b	java.lang.String	Ljava/lang/String;	370975
krb	n	byte[]	[B	379327
ks	o	java.lang.String	Ljava/lang/String;	379476
ks	q	char[]	[C	379479
ks	p	java.lang.String	Ljava/lang/String;	379482
ks	r	pr	Lpr;	379485
ksa	c	ksa	Lksa;	379745
ksa	a	ksa	Lksa;	379748
ksa	b	long	J	379751
kt	p	int	I	380422
kt	s	int	I	380425
kt	o	int	I	380428
kt	r	int[]	[I	380431
kt	j	int	I	380434
kt	l	int	I	380437
kt	k	byte[]	[B	380440
kt	n	int	I	380443
kt	m	int	I	380446
kt	i	int	I	380449
kt	q	int	I	380452
ktb	q	int	I	381565
ktb	r	int	I	381568
ktb	p	int	I	381571
ktb	o	java.lang.String	Ljava/lang/String;	381574
ku	c	int	I	381682
ku	d	java.lang.String	Ljava/lang/String;	381685
kua	b	int[]	[I	382123
kua	a	phb	Lphb;	382126
kua	e	boolean	Z	382129
kua	f	int[]	[I	382132
kua	c	float[][]	[[F	382135
kua	d	int[]	[I	382138
kv	f	rtb[]	[Lrtb;	382290
kv	e	int	I	382293
kv	c	boolean	Z	382296
kv	g	bt	Lbt;	382299
kv	d	boolean	Z	382302
kva	a	int	I	383357
kva	f	kb	Lkb;	383360
kva	h	jp	Ljp;	383363
kva	d	int	I	383366
kva	c	boolean	Z	383369
kva	b	mj	Lmj;	383372
kva	i	tu	Ltu;	383375
kva	g	int	I	383378
kva	e	int	I	383381
kw	vb	int	I	385067
kw	Db	eab	Leab;	385070
kw	Cb	llb	Lllb;	385073
kw	zb	boolean	Z	385076
kw	Eb	java.lang.StringBuilder	Ljava/lang/StringBuilder;	385079
kw	Bb	boolean	Z	385082
kw	Ab	int	I	385085
kw	wb	long	J	385088
kw	Hb	int	I	385091
kw	Fb	llb	Lllb;	385094
kw	Kb	llb	Lllb;	385097
kw	xb	gj	Lgj;	385100
kw	yb	int	I	385103
kw	Jb	java.lang.String	Ljava/lang/String;	385106
kw	Gb	int	I	385109
kw	Ib	mob	Lmob;	385112
kwa	o	asb	Lasb;	387250
la	d	vab	Lvab;	387397
la	c	vab	Lvab;	387400
la	g	vab	Lvab;	387403
la	i	vab	Lvab;	387406
la	l	boolean	Z	387409
la	k	int	I	387412
la	f	boolean	Z	387415
la	e	boolean	Z	387418
la	h	aia	Laia;	387421
la	m	int	I	387424
la	j	boolean	Z	387427
laa	o	int	I	388333
lb	o	java.lang.String	Ljava/lang/String;	388480
lb	p	ef	Lef;	388483
lba	o	java.lang.String	Ljava/lang/String;	388710
lbb	c	java.lang.String	Ljava/lang/String;	388841
lbb	b	int	I	388844
lbb	j	int[]	[I	388847
lbb	e	int	I	388850
lbb	d	int	I	388853
lbb	f	qqb	Lqqb;	388856
lbb	i	qdb	Lqdb;	388859
lbb	a	int	I	388862
lbb	h	java.lang.String	Ljava/lang/String;	388865
lbb	g	et[]	[Let;	388868
lc	a	int	I	393005
lc	c	java.util.Hashtable	Ljava/util/Hashtable;	393008
lc	b	bs	Lbs;	393011
lcb	p	java.lang.String	Ljava/lang/String;	393416
lcb	t	phb[]	[Lphb;	393419
lcb	r	llb	Lllb;	393422
lcb	q	ml[]	[Lml;	393425
lcb	s	java.lang.String	Ljava/lang/String;	393428
lcb	o	boolean	Z	393431
lda	o	java.lang.Object	Ljava/lang/Object;	393737
ldb	q	int	I	393838
ldb	p	java.lang.String	Ljava/lang/String;	393841
ldb	r	long	J	393844
ldb	o	int	I	393847
le	h	int	I	393947
le	d	rt	Lrt;	393950
le	g	boolean	Z	393953
le	e	le[]	[Lle;	393956
le	f	gab	Lgab;	393959
lea	o	qrb	Lqrb;	394585
leb	o	dja	Ldja;	394757
lf	o	boolean	Z	394995
lf	p	int[]	[I	394998
lfa	m	int	I	395095
lfa	l	int	I	395098
lfa	j	boolean	Z	395101
lfa	i	int	I	395104
lfa	k	int	I	395107
lfb	b	java.lang.String	Ljava/lang/String;	395445
lfb	d	boolean	Z	395448
lfb	a	java.util.Hashtable	Ljava/util/Hashtable;	395451
lfb	e	java.lang.String	Ljava/lang/String;	395454
lfb	c	int	I	395457
lg	d	java.lang.String	Ljava/lang/String;	395581
lgb	o	int	I	395970
lgb	p	java.lang.String	Ljava/lang/String;	395973
lh	a	java.lang.String	Ljava/lang/String;	396124
lh	b	java.lang.String	Ljava/lang/String;	396127
lhb	a	no	Lno;	396457
li	i	boolean	Z	396948
li	h	int	I	396951
lia	c	java.lang.String	Ljava/lang/String;	397275
lia	b	int	I	397278
lib	q	java.lang.String	Ljava/lang/String;	397665
lib	p	java.lang.String	Ljava/lang/String;	397668
lib	o	java.util.Calendar	Ljava/util/Calendar;	397671
lj	a	int	I	397782
lja	c	java.lang.String	Ljava/lang/String;	397871
lja	e	int	I	397874
lja	b	int	I	397877
lja	d	int	I	397880
lja	g	int	I	397883
lja	h	int	I	397886
lja	a	int	I	397889
lja	f	int	I	397892
ljb	o	int	I	399799
ljb	p	java.lang.String	Ljava/lang/String;	399802
lka	a	int[]	[I	399974
lkb	a	int[]	[I	400097
ll	p	aja	Laja;	400345
ll	o	boolean	Z	400348
lla	g	int	I	401011
lla	h	int	I	401014
lla	e	int	I	401017
lla	j	java.util.zip.Inflater	Ljava/util/zip/Inflater;	401020
lla	f	ds	Lds;	401023
lla	i	java.util.zip.Deflater	Ljava/util/zip/Deflater;	401026
lla	a	java.util.zip.CRC32	Ljava/util/zip/CRC32;	401029
lla	d	int	I	401032
lla	b	int	I	401035
lla	c	int	I	401038
llb	u	int	I	401500
llb	o	int	I	401503
llb	v	int	I	401506
llb	Z	boolean	Z	401509
llb	B	int	I	401512
llb	tb	phb	Lphb;	401515
llb	P	int	I	401518
llb	Q	boolean	Z	401521
llb	L	int	I	401524
llb	db	int	I	401527
llb	r	int	I	401530
llb	t	int	I	401533
llb	K	int	I	401536
llb	fb	int	I	401539
llb	ob	phb	Lphb;	401542
llb	S	boolean	Z	401545
llb	D	int	I	401548
llb	hb	int	I	401551
llb	G	int	I	401554
llb	W	boolean	Z	401557
llb	nb	phb[]	[Lphb;	401560
llb	bb	int	I	401563
llb	J	boolean	Z	401566
llb	X	int	I	401569
llb	gb	phb[]	[Lphb;	401572
llb	R	java.lang.String	Ljava/lang/String;	401575
llb	ib	int	I	401578
llb	A	phb[]	[Lphb;	401581
llb	q	phb	Lphb;	401584
llb	sb	int	I	401587
llb	n	int	I	401590
llb	w	int	I	401593
llb	V	java.lang.String	Ljava/lang/String;	401596
llb	O	boolean	Z	401599
llb	H	java.lang.String	Ljava/lang/String;	401602
llb	E	int	I	401605
llb	ab	int	I	401608
llb	I	int	I	401611
llb	mb	phb[]	[Lphb;	401614
llb	ub	phb[]	[Lphb;	401617
llb	cb	phb	Lphb;	401620
llb	eb	no	Lno;	401623
llb	U	int	I	401626
llb	jb	int	I	401629
llb	y	boolean	Z	401632
llb	s	java.lang.String	Ljava/lang/String;	401635
llb	p	int	I	401638
llb	rb	int	I	401641
llb	kb	java.lang.String	Ljava/lang/String;	401644
llb	x	int	I	401647
llb	C	int	I	401650
llb	T	boolean	Z	401653
llb	pb	boolean	Z	401656
llb	Y	int	I	401659
llb	qb	int	I	401662
llb	lb	ij	Lij;	401665
llb	F	int	I	401668
llb	M	int	I	401671
llb	N	boolean	Z	401674
llb	z	phb	Lphb;	401677
lm	b	dja	Ldja;	404638
lm	a	java.lang.String	Ljava/lang/String;	404641
lma	z	java.lang.String	Ljava/lang/String;	404729
lmb	a	java.lang.String	Ljava/lang/String;	404813
lmb	b	int	I	404816
lna	p	java.lang.String	Ljava/lang/String;	404902
lna	o	boolean[]	[Z	404905
lnb	j	int	I	405185
lnb	i	jv	Ljv;	405188
lnb	k	int	I	405191
lo	d	java.lang.String	Ljava/lang/String;	405818
lo	b	llb	Lllb;	405821
lo	a	wf[]	[Lwf;	405824
lo	c	phb[]	[Lphb;	405827
loa	o	no	Lno;	406084
lob	b	int	I	406189
lob	a	java.lang.String	Ljava/lang/String;	406192
lob	c	llb[]	[Lllb;	406195
lp	a	java.lang.String	Ljava/lang/String;	407014
lp	b	int[]	[I	407017
lpb	i	int	I	407206
lpb	e	eab	Leab;	407209
lpb	k	int	I	407212
lpb	f	boolean	Z	407215
lpb	g	mob	Lmob;	407218
lpb	j	java.io.OutputStream	Ljava/io/OutputStream;	407221
lpb	c	boolean	Z	407224
lpb	a	byte[]	[B	407227
lpb	h	java.net.Socket	Ljava/net/Socket;	407230
lpb	b	java.io.InputStream	Ljava/io/InputStream;	407233
lpb	d	int	I	407236
lq	i	dja	Ldja;	408071
lq	j	java.lang.String	Ljava/lang/String;	408074
lqa	p	phb[]	[Lphb;	408278
lqa	o	mm	Lmm;	408281
lqb	o	int[][]	[[I	408385
lr	o	int[]	[I	408826
lr	q	java.lang.String	Ljava/lang/String;	408829
lr	p	int	I	408832
lra	m	le	Lle;	408984
lra	o	java.lang.String	Ljava/lang/String;	408987
lra	n	int[]	[I	408990
lra	l	int[]	[I	408993
lra	q	le[]	[Lle;	408996
lra	k	le	Lle;	408999
lra	p	le	Lle;	409002
lrb	b	dfa	Ldfa;	410439
lrb	a	java.lang.String	Ljava/lang/String;	410442
lrb	d	int	I	410445
lrb	c	int	I	410448
lrb	f	boolean	Z	410451
lrb	e	int	I	410454
ls	p	int	I	411500
ls	o	int	I	411503
ls	r	int	I	411506
ls	q	boolean	Z	411509
lsa	f	long	J	411704
lsa	g	int	I	411707
lsa	d	int	I	411710
lsa	e	llb	Lllb;	411713
lsb	c	int	I	411827
lsb	a	int	I	411830
lsb	b	int	I	411833
lta	b	float	F	411921
lta	d	int	I	411924
lta	e	int	I	411927
lta	a	float	F	411930
lta	f	int[]	[I	411933
lta	c	float	F	411936
ltb	o	java.lang.String	Ljava/lang/String;	412339
ltb	p	int	I	412342
ltb	q	java.lang.String	Ljava/lang/String;	412345
lu	f	int[]	[I	412503
lu	g	int	I	412506
lu	d	boolean	Z	412509
lu	a	java.lang.String	Ljava/lang/String;	412512
lu	b	ml	Lml;	412515
lu	e	int	I	412518
lu	c	java.lang.String	Ljava/lang/String;	412521
lua	b	qob[]	[Lqob;	412619
lua	d	int	I	412622
lua	a	int	I	412625
lua	c	int	I	412628
lv	o	java.lang.String	Ljava/lang/String;	413289
lva	o	float[]	[F	413706
lva	p	int	I	413709
lw	g	int	I	414003
lw	f	boolean	Z	414006
lw	l	int	I	414009
lw	m	int	I	414012
lw	h	int	I	414015
lw	k	int	I	414018
lw	d	int	I	414021
lw	j	int	I	414024
lw	e	java.lang.String	Ljava/lang/String;	414027
lw	i	llb	Lllb;	414030
lwa	wb	llb	Lllb;	414484
lwa	vb	java.lang.String	Ljava/lang/String;	414487
lwa	xb	asb	Lasb;	414490
m	o	int	I	414989
m	p	int	I	414992
ma	o	java.lang.String	Ljava/lang/String;	415278
maa	o	int	I	415383
mab	b	int	I	415706
mab	f	int	I	415709
mab	c	int[]	[I	415712
mab	g	java.awt.Image	Ljava/awt/Image;	415715
mab	a	VoidHunters	LVoidHunters;	415718
mab	e	java.lang.String	Ljava/lang/String;	415721
mab	h	java.lang.String	Ljava/lang/String;	415724
mab	d	int	I	415727
mb	k	java.lang.String[]	[Ljava/lang/String;	415830
mb	i	boolean	Z	415833
mb	j	int	I	415836
mba	a	ae	Lae;	416218
mba	b	int	I	416221
mbb	a	java.lang.String	Ljava/lang/String;	416301
mbb	c	int	I	416304
mbb	b	boolean	Z	416307
mbb	d	java.lang.String	Ljava/lang/String;	416310
mc	t	shb	Lshb;	416440
mc	u	int	I	416443
md	j	ij	Lij;	418274
md	i	ev[]	[Lev;	418277
mdb	o	int	I	418896
me	r	boolean	Z	418971
me	s	llb	Lllb;	418974
me	q	llb	Lllb;	418977
mea	f	boolean	Z	421178
mea	e	ij	Lij;	421181
mea	d	qfa	Lqfa;	421184
meb	a	int	I	421610
meb	d	uja	Luja;	421613
meb	b	no	Lno;	421616
meb	e	int	I	421619
meb	c	float[]	[F	421622
mf	z	java.lang.String	Ljava/lang/String;	422023
mfb	a	boolean	Z	422169
mg	o	phb[][]	[[Lphb;	422935
mga	b	byte	B	423272
mga	c	int	I	423275
mga	f	jagdx.IDirect3DVertexBuffer	Ljagdx/IDirect3DVertexBuffer;	423278
mga	g	nla	Lnla;	423281
mga	d	boolean	Z	423284
mga	e	boolean	Z	423287
mga	a	int	I	423290
mgb	o	boolean	Z	423573
mgb	q	int	I	423576
mgb	p	int[]	[I	423579
mha	a	int	I	423843
mhb	o	ij	Lij;	423939
mi	o	phb	Lphb;	424190
mia	c	boolean	Z	424463
mia	a	boolean[]	[Z	424466
mia	b	vka[]	[Lvka;	424469
mia	d	eab	Leab;	424472
mia	e	boolean	Z	424475
mib	b	boolean	Z	424805
mib	g	int	I	424808
mib	h	boolean	Z	424811
mib	i	int	I	424814
mib	k	boolean	Z	424817
mib	j	java.lang.String	Ljava/lang/String;	424820
mib	l	mfa	Lmfa;	424823
mib	d	af	Laf;	424826
mib	f	ij	Lij;	424829
mib	c	int	I	424832
mib	a	tja[]	[Ltja;	424835
mib	e	boolean	Z	424838
mj	h	int	I	427919
mj	g	mj	Lmj;	427922
mj	i	mj	Lmj;	427925
mj	c	mj	Lmj;	427928
mj	f	mj	Lmj;	427931
mj	e	mj	Lmj;	427934
mj	a	mj	Lmj;	427937
mj	b	mj	Lmj;	427940
mj	d	mj	Lmj;	427943
mja	p	dja	Ldja;	428080
mja	o	boolean	Z	428083
mjb	k	boolean	Z	428189
mjb	o	eb	Leb;	428192
mjb	l	int	I	428195
mjb	c	dja	Ldja;	428198
mjb	j	boolean	Z	428201
mjb	m	int	I	428204
mjb	e	boolean	Z	428207
mjb	b	boolean	Z	428210
mjb	n	int	I	428213
mjb	f	int	I	428216
mjb	d	int	I	428219
mjb	i	boolean	Z	428222
mjb	h	pf	Lpf;	428225
mjb	g	int	I	428228
mjb	a	boolean	Z	428231
mk	p	java.lang.String	Ljava/lang/String;	430501
mk	o	boolean[]	[Z	430504
mka	c	boolean	Z	430844
mka	b	java.lang.String	Ljava/lang/String;	430847
mka	a	java.lang.String	Ljava/lang/String;	430850
ml	g	int[]	[I	430874
ml	b	int	I	430877
ml	a	aqa	Laqa;	430880
ml	d	imb[]	[Limb;	430883
ml	c	qjb	Lqjb;	430886
ml	h	eka	Leka;	430889
ml	r	int	I	430892
ml	k	lja	Llja;	430895
ml	f	ml[]	[Lml;	430898
ml	o	int	I	430901
ml	m	int	I	430904
ml	j	int	I	430907
ml	e	int	I	430910
ml	i	int	I	430913
ml	n	int	I	430916
ml	q	int	I	430919
ml	p	int	I	430922
ml	l	byte[][][]	[[[B	430925
mla	q	llb	Lllb;	446554
mla	o	java.lang.String	Ljava/lang/String;	446557
mla	s	float[]	[F	446560
mla	p	float[]	[F	446563
mla	r	java.lang.String	Ljava/lang/String;	446566
mlb	q	ij	Lij;	446969
mlb	o	boolean	Z	446972
mlb	r	int	I	446975
mlb	p	java.lang.String	Ljava/lang/String;	446978
mm	Wb	llb	Lllb;	447079
mm	wb	llb	Lllb;	447082
mm	Vb	java.lang.String	Ljava/lang/String;	447085
mm	Pb	byte[]	[B	447088
mm	xb	boolean	Z	447091
mm	Db	int	I	447094
mm	Jb	llb	Lllb;	447097
mm	Kb	int	I	447100
mm	Hb	llb	Lllb;	447103
mm	ec	int	I	447106
mm	Qb	boolean	Z	447109
mm	bc	llb	Lllb;	447112
mm	Cb	int	I	447115
mm	vb	llb	Lllb;	447118
mm	Zb	llb[]	[Lllb;	447121
mm	Tb	llb	Lllb;	447124
mm	cc	boolean	Z	447127
mm	Rb	llb	Lllb;	447130
mm	Gb	boolean	Z	447133
mm	Bb	int	I	447136
mm	ac	boolean	Z	447139
mm	Fb	int	I	447142
mm	zb	int	I	447145
mm	Sb	llb	Lllb;	447148
mm	Mb	llb	Lllb;	447151
mm	Ab	llb	Lllb;	447154
mm	Ob	long	J	447157
mm	Lb	llb	Lllb;	447160
mm	dc	llb	Lllb;	447163
mm	fc	boolean	Z	447166
mm	Yb	llb	Lllb;	447169
mm	Nb	long	J	447172
mm	Xb	boolean	Z	447175
mm	yb	llb	Lllb;	447178
mm	Eb	llb	Lllb;	447181
mm	Ib	java.lang.String[]	[Ljava/lang/String;	447184
mm	Ub	int	I	447187
mma	a	int	I	447533
mmb	f	int	I	447612
mmb	i	int	I	447615
mmb	b	java.lang.String	Ljava/lang/String;	447618
mmb	d	aja[]	[Laja;	447621
mmb	g	int	I	447624
mmb	c	int	I	447627
mmb	h	int	I	447630
mmb	a	int	I	447633
mmb	e	java.lang.String	Ljava/lang/String;	447636
mmb	z	java.lang.String	Ljava/lang/String;	447639
mn	a	java.lang.String	Ljava/lang/String;	447702
mna	b	int	I	448046
mna	c	java.lang.String	Ljava/lang/String;	448049
mnb	b	int	I	448496
mnb	d	boolean	Z	448499
mnb	a	boolean	Z	448502
mnb	g	java.lang.String	Ljava/lang/String;	448505
mnb	e	boolean	Z	448508
mnb	f	int	I	448511
mnb	c	qfa	Lqfa;	448514
mo	i	java.lang.String	Ljava/lang/String;	448780
mo	j	java.lang.String	Ljava/lang/String;	448783
moa	k	int	I	449134
moa	n	java.lang.String	Ljava/lang/String;	449137
moa	i	int[]	[I	449140
moa	j	int[]	[I	449143
moa	m	int	I	449146
moa	l	int	I	449149
mob	g	mob	Lmob;	449799
mob	d	java.lang.Object	Ljava/lang/Object;	449802
mob	b	java.lang.Object	Ljava/lang/Object;	449805
mob	f	int	I	449808
mob	c	int	I	449811
mob	a	int	I	449814
mob	e	int	I	449817
mp	p	qrb	Lqrb;	449831
mp	o	int	I	449834
mpa	o	int[]	[I	449943
mpa	p	float[]	[F	449946
mpb	u	int	I	450195
mpb	h	int[]	[I	450198
mpb	r	int	I	450201
mpb	q	int	I	450204
mpb	o	int	I	450207
mpb	j	rpa	Lrpa;	450210
mpb	l	java.lang.String[]	[Ljava/lang/String;	450213
mpb	s	rpa	Lrpa;	450216
mpb	k	java.lang.String	Ljava/lang/String;	450219
mpb	t	aia	Laia;	450222
mpb	g	of	Lof;	450225
mpb	n	of	Lof;	450228
mpb	v	of	Lof;	450231
mpb	m	of	Lof;	450234
mpb	i	aia	Laia;	450237
mpb	p	aia[]	[Laia;	450240
mq	i	mj	Lmj;	451924
mq	j	int	I	451927
mq	k	int	I	451930
mqa	s	int	I	452180
mqa	r	gl	Lgl;	452183
mqa	p	java.lang.String	Ljava/lang/String;	452186
mqa	o	float	F	452189
mqa	q	int	I	452192
mqb	z	boolean	Z	452445
mqb	v	int	I	452448
mqb	x	java.lang.String	Ljava/lang/String;	452451
mqb	B	int	I	452454
mqb	A	int	I	452457
mqb	u	int	I	452460
mqb	y	int	I	452463
mqb	w	int	I	452466
mqb	C	llb	Lllb;	452469
mr	L	java.lang.String	Ljava/lang/String;	453740
mr	M	ij	Lij;	453743
mr	K	htb	Lhtb;	453746
mr	J	java.lang.String	Ljava/lang/String;	453749
mra	o	int	I	454237
ms	x	boolean	Z	454746
ms	r	int	I	454749
ms	A	int[]	[I	454752
ms	w	int	I	454755
ms	y	ij	Lij;	454758
ms	v	int	I	454761
ms	z	boolean	Z	454764
ms	t	long	J	454767
ms	q	int	I	454770
ms	s	boolean	Z	454773
ms	u	java.lang.String	Ljava/lang/String;	454776
ms	o	int	I	454779
ms	p	int	I	454782
msa	o	llb	Lllb;	457712
msa	q	float[]	[F	457715
msa	s	rbb	Lrbb;	457718
msa	p	java.lang.String	Ljava/lang/String;	457721
msa	r	java.lang.String	Ljava/lang/String;	457724
mt	o	int	I	458134
mta	a	java.lang.String[][]	[[Ljava/lang/String;	458205
mtb	o	int	I	458433
mtb	q	java.lang.String	Ljava/lang/String;	458436
mtb	p	int	I	458439
mu	B	shb	Lshb;	458617
mua	c	boolean	Z	458751
mua	d	int	I	458754
mua	e	int	I	458757
mua	f	int	I	458760
mv	d	int	I	459535
mv	h	int[]	[I	459538
mv	i	int	I	459541
mv	j	int[]	[I	459544
mv	e	mob[]	[Lmob;	459547
mv	f	byte[][][]	[[[B	459550
mv	g	mob[]	[Lmob;	459553
mv	k	int[]	[I	459556
mw	c	of	Lof;	459733
mw	g	jjb	Ljjb;	459736
mw	h	boolean	Z	459739
mw	e	int	I	459742
mw	f	boolean	Z	459745
mw	d	java.lang.String	Ljava/lang/String;	459748
mwa	o	java.lang.String	Ljava/lang/String;	460438
mwa	p	jra	Ljra;	460441
n	nativeid	long	J	460604
na	p	ka[]	[Lka;	460733
na	q	int	I	460736
na	o	java.lang.String	Ljava/lang/String;	460739
naa	d	e	Le;	460839
nb	o	java.lang.String	Ljava/lang/String;	460916
nbb	w	int	I	461656
nbb	x	boolean	Z	461659
nbb	u	boolean	Z	461662
nbb	v	boolean	Z	461665
nbb	y	llb	Lllb;	461668
nc	b	java.lang.Object	Ljava/lang/Object;	462350
nc	a	boolean	Z	462353
nca	o	int	I	463059
ncb	a	int[][]	[[I	463130
ncb	b	int	I	463133
ncb	z	java.lang.String	Ljava/lang/String;	463136
nd	r	int	I	463180
nd	q	java.lang.String	Ljava/lang/String;	463183
nd	s	dja	Ldja;	463186
nd	p	int	I	463189
nd	o	java.lang.String	Ljava/lang/String;	463192
nda	q	int	I	463313
nda	p	java.awt.Image	Ljava/awt/Image;	463316
nda	o	java.lang.String	Ljava/lang/String;	463319
ndb	c	int	I	463582
ndb	a	uca	Luca;	463585
ndb	b	java.lang.String	Ljava/lang/String;	463588
ne	k	float[]	[F	463716
ne	q	byte[]	[B	463719
ne	E	short[]	[S	463722
ne	i	od	Lod;	463725
ne	G	short[]	[S	463728
ne	D	uia[]	[Luia;	463731
ne	w	int	I	463734
ne	u	int	I	463737
ne	t	short	S	463740
ne	g	short[]	[S	463743
ne	d	int	I	463746
ne	b	short[]	[S	463749
ne	A	short[]	[S	463752
ne	n	short[]	[S	463755
ne	r	dga[]	[Ldga;	463758
ne	l	short[]	[S	463761
ne	C	short	S	463764
ne	j	short	S	463767
ne	a	int[]	[I	463770
ne	m	java.lang.String	Ljava/lang/String;	463773
ne	B	int	I	463776
ne	h	short[]	[S	463779
ne	H	int[]	[I	463782
ne	v	boolean	Z	463785
ne	K	int[][]	[[I	463788
ne	e	short	S	463791
ne	s	int[]	[I	463794
ne	c	short[]	[S	463797
ne	J	float[]	[F	463800
ne	f	int	I	463803
ne	z	byte[]	[B	463806
ne	p	boolean	Z	463809
ne	o	int	I	463812
ne	F	int[]	[I	463815
ne	x	int	I	463818
ne	y	int[]	[I	463821
ne	I	short[]	[S	463824
neb	p	java.lang.String	Ljava/lang/String;	468234
neb	q	tsa[]	[Ltsa;	468237
neb	o	llb	Lllb;	468240
nf	c	llb	Lllb;	468351
nf	a	int	I	468354
nf	b	java.lang.String	Ljava/lang/String;	468357
nfa	e	int[]	[I	468617
nfa	d	int	I	468620
nfb	a	llb	Lllb;	468826
ng	a	java.lang.String	Ljava/lang/String;	468947
nga	a	java.lang.String	Ljava/lang/String;	469338
nga	g	ksa	Lksa;	469341
nga	c	java.lang.String	Ljava/lang/String;	469344
nga	b	ksa	Lksa;	469347
nga	f	int	I	469350
nga	e	java.lang.String	Ljava/lang/String;	469353
nga	d	int	I	469356
nga	h	ksa[]	[Lksa;	469359
ngb	I	byte[][]	[[B	469871
nh	o	java.lang.String	Ljava/lang/String;	470439
nha	p	java.lang.String	Ljava/lang/String;	470539
nha	o	dja	Ldja;	470542
nhb	o	int[]	[I	470657
nhb	p	boolean	Z	470660
nia	p	int	I	470939
nia	o	boolean	Z	470942
nj	a	pfa	Lpfa;	471279
nk	a	of	Lof;	471779
nk	b	qfa	Lqfa;	471782
nkb	p	byte[]	[B	472168
nkb	r	int	I	472171
nkb	q	int	I	472174
nkb	o	java.lang.String	Ljava/lang/String;	472177
nl	d	ana	Lana;	472419
nl	h	boolean	Z	472422
nl	g	boolean	Z	472425
nl	k	int	I	472428
nl	f	int	I	472431
nl	i	int	I	472434
nl	n	float	F	472437
nl	e	d	Ld;	472440
nl	l	int	I	472443
nl	m	int	I	472446
nl	j	java.lang.String	Ljava/lang/String;	472449
nla	Vc	boolean[]	[Z	472643
nla	Tc	jagdx.IDirect3DVertexShader	Ljagdx/IDirect3DVertexShader;	472646
nla	Fc	jagdx.D3DLIGHT	Ljagdx/D3DLIGHT;	472649
nla	Oc	int	I	472652
nla	Rc	boolean[]	[Z	472655
nla	Yc	jagdx.D3DPRESENT_PARAMETERS	Ljagdx/D3DPRESENT_PARAMETERS;	472658
nla	Ac	jagdx.D3DLIGHT	Ljagdx/D3DLIGHT;	472661
nla	Bc	float[]	[F	472664
nla	Zc	boolean	Z	472667
nla	Ic	jagdx.IDirect3D	Ljagdx/IDirect3D;	472670
nla	Hc	jagdx.D3DCAPS	Ljagdx/D3DCAPS;	472673
nla	Dc	jagdx.D3DLIGHT	Ljagdx/D3DLIGHT;	472676
nla	Sc	jaclib.peer.tqb	Ljaclib/peer/tqb;	472679
nla	zc	jagdx.PixelBuffer	Ljagdx/PixelBuffer;	472682
nla	Nc	boolean	Z	472685
nla	Lc	boolean[]	[Z	472688
nla	Cc	int[]	[I	472691
nla	Ec	int	I	472694
nla	Wc	tu[]	[Ltu;	472697
nla	Jc	boolean	Z	472700
nla	Pc	int[]	[I	472703
nla	Mc	jagdx.IDirect3DDevice	Ljagdx/IDirect3DDevice;	472706
nla	Xc	int[]	[I	472709
nla	Qc	boolean	Z	472712
nla	Uc	gma	Lgma;	472715
nla	yc	boolean[]	[Z	472718
nla	Kc	jagdx.GeometryBuffer	Ljagdx/GeometryBuffer;	472721
nla	Gc	int	I	472724
nlb	p	int	I	477377
nlb	o	llb	Lllb;	477380
nma	a	int	I	477547
nma	b	da[]	[Lda;	477550
nmb	f	long[]	[J	477669
nmb	e	long	J	477672
nmb	d	long	J	477675
nmb	g	long	J	477678
nmb	c	int	I	477681
nmb	h	int	I	477684
nn	b	int	I	478201
nn	a	int	I	478204
nna	F	java.lang.String	Ljava/lang/String;	478599
nna	E	int[]	[I	478602
nna	D	java.lang.String	Ljava/lang/String;	478605
nna	B	os	Los;	478608
nna	w	int	I	478611
nna	v	llb	Lllb;	478614
nna	C	djb	Ldjb;	478617
nna	H	no	Lno;	478620
nna	x	java.lang.String	Ljava/lang/String;	478623
nna	z	ae	Lae;	478626
nna	A	int	I	478629
nna	y	htb[]	[Lhtb;	478632
nnb	e	int	I	479224
nnb	f	java.lang.String	Ljava/lang/String;	479227
nnb	d	java.lang.String	Ljava/lang/String;	479230
no	H	int	I	479442
no	t	int[]	[I	479445
no	y	int[]	[I	479448
no	l	ija[]	[Lija;	479451
no	m	int[]	[I	479454
no	F	int[]	[I	479457
no	u	byte[]	[B	479460
no	A	int	I	479463
no	k	int	I	479466
no	o	int	I	479469
no	C	int[]	[I	479472
no	v	int[]	[I	479475
no	s	java.lang.StringBuilder	Ljava/lang/StringBuilder;	479478
no	r	int	I	479481
no	z	int	I	479484
no	n	int	I	479487
no	w	int	I	479490
no	B	int	I	479493
no	q	int	I	479496
no	D	int	I	479499
no	p	java.lang.String[]	[Ljava/lang/String;	479502
no	x	int	I	479505
no	E	int	I	479508
no	G	int	I	479511
noa	p	dka	Ldka;	482087
noa	o	int	I	482090
noa	q	int	I	482093
nob	o	phb	Lphb;	482195
nob	p	int	I	482198
np	o	int	I	482292
npa	d	int	I	482364
npa	b	byte[][]	[[B	482367
npa	a	int[]	[I	482370
npa	c	double	D	482373
npb	b	boolean	Z	482904
npb	f	int	I	482907
npb	d	int	I	482910
npb	e	int	I	482913
npb	a	int	I	482916
npb	g	boolean	Z	482919
npb	c	boolean	Z	482922
nqa	c	boolean	Z	483853
nqa	b	boolean[][]	[[Z	483856
nqa	a	boolean	Z	483859
nr	o	java.lang.String	Ljava/lang/String;	483976
nr	p	boolean	Z	483979
nra	b	int	I	484189
nra	a	java.lang.String	Ljava/lang/String;	484192
nrb	b	pgb[]	[Lpgb;	485748
nrb	a	java.lang.String	Ljava/lang/String;	485751
ns	a	java.lang.String	Ljava/lang/String;	485858
nsa	o	int	I	485980
nsa	p	ha	Lha;	485983
nsb	a	int	I	486194
nt	q	llb	Lllb;	486205
nt	o	int	I	486208
nt	p	java.lang.String	Ljava/lang/String;	486211
nu	p	int	I	486526
nu	o	java.lang.String	Ljava/lang/String;	486529
nu	q	int	I	486532
nua	p	int	I	486676
nua	o	int	I	486679
nv	t	qfa	Lqfa;	486905
nv	l	int	I	486908
nv	q	int	I	486911
nv	o	int	I	486914
nv	v	int	I	486917
nv	n	boolean	Z	486920
nv	s	int	I	486923
nv	r	java.lang.String	Ljava/lang/String;	486926
nv	w	int	I	486929
nv	p	java.lang.String	Ljava/lang/String;	486932
nv	m	int	I	486935
nv	u	int	I	486938
nv	k	int	I	486941
nva	x	htb	Lhtb;	487705
nva	y	int	I	487708
nva	H	boolean	Z	487711
nva	G	sha	Lsha;	487714
nva	A	htb	Lhtb;	487717
nva	w	tia	Ltia;	487720
nva	D	java.lang.String	Ljava/lang/String;	487723
nva	I	java.lang.String	Ljava/lang/String;	487726
nva	v	no	Lno;	487729
nva	B	int	I	487732
nva	E	java.lang.String	Ljava/lang/String;	487735
nva	z	boolean	Z	487738
nw	o	int	I	489561
nw	p	kb	Lkb;	489564
nwa	c	eab	Leab;	489668
nwa	a	int	I	489671
nwa	d	boolean	Z	489674
nwa	b	rha[]	[Lrha;	489677
oa	m	boolean	Z	490471
oa	c	ij	Lij;	490474
oa	k	ya	Lya;	490477
oa	nativeid	long	J	490480
oa	e	p	Lp;	490483
oa	j	pw	Lpw;	490486
oa	d	int	I	490489
oa	f	int	I	490492
oa	i	gnb	Lgnb;	490495
oa	g	a[]	[La;	490498
oa	h	boolean	Z	490501
oa	l	int	I	490504
oaa	j	phb	Lphb;	491728
oaa	k	ij	Lij;	491731
oaa	h	lla	Llla;	491734
oaa	i	int	I	491737
oab	o	int	I	491927
ob	m	java.lang.String	Ljava/lang/String;	492117
ob	n	int	I	492120
ob	h	int	I	492123
ob	j	int	I	492126
ob	o	int	I	492129
ob	l	java.lang.String[]	[Ljava/lang/String;	492132
ob	k	int	I	492135
ob	i	int	I	492138
oba	o	java.lang.String	Ljava/lang/String;	492609
oba	p	java.lang.String	Ljava/lang/String;	492612
obb	o	java.lang.String[]	[Ljava/lang/String;	492721
oca	a	dpb	Ldpb;	493088
ocb	j	java.lang.String	Ljava/lang/String;	493492
ocb	m	java.lang.String[]	[Ljava/lang/String;	493495
ocb	f	uf	Luf;	493498
ocb	h	int[]	[I	493501
ocb	k	uf	Luf;	493504
ocb	i	java.lang.String	Ljava/lang/String;	493507
ocb	g	java.lang.String	Ljava/lang/String;	493510
ocb	l	int	I	493513
od	a	int	I	494265
oda	t	java.lang.String	Ljava/lang/String;	494385
oda	u	shb[]	[Lshb;	494388
odb	a	int	I	496103
odb	b	llb	Lllb;	496106
odb	d	int	I	496109
odb	c	int	I	496112
oe	a	java.lang.String	Ljava/lang/String;	496531
oea	q	double	D	496596
oea	o	int	I	496599
oea	p	java.lang.String	Ljava/lang/String;	496602
oeb	o	int	I	496742
of	a	gj	Lgj;	496808
of	c	long	J	496811
of	b	qfa	Lqfa;	496814
ofb	o	boolean	Z	496937
og	r	ha	Lha;	497171
og	s	java.lang.String	Ljava/lang/String;	497174
og	q	int	I	497177
og	o	java.lang.String	Ljava/lang/String;	497180
og	p	java.lang.String	Ljava/lang/String;	497183
oga	o	int	I	497294
ogb	o	int	I	497665
oh	p	int	I	498145
oh	o	java.lang.String	Ljava/lang/String;	498148
oha	o	pr	Lpr;	498251
oha	p	java.lang.String	Ljava/lang/String;	498254
ohb	o	mm	Lmm;	498352
oi	h	int	I	498533
oi	B	int	I	498536
oi	t	int[]	[I	498539
oi	f	int	I	498542
oi	i	int	I	498545
oi	c	int	I	498548
oi	s	int	I	498551
oi	l	int	I	498554
oi	p	int	I	498557
oi	a	int	I	498560
oi	v	int	I	498563
oi	j	int	I	498566
oi	d	int	I	498569
oi	E	int	I	498572
oi	b	int	I	498575
oi	u	int	I	498578
oi	n	int	I	498581
oi	g	int	I	498584
oi	o	int	I	498587
oi	C	int	I	498590
oi	r	int	I	498593
oi	q	int	I	498596
oi	x	int	I	498599
oi	z	int	I	498602
oi	D	int	I	498605
oi	k	int	I	498608
oi	m	int	I	498611
oi	w	sob	Lsob;	498614
oi	A	int	I	498617
oi	y	int	I	498620
oi	e	int	I	498623
oib	b	java.lang.String	Ljava/lang/String;	499649
oib	a	llb	Lllb;	499652
oib	c	int	I	499655
oib	z	java.lang.String	Ljava/lang/String;	499658
oj	b	clb	Lclb;	499718
oj	l	float	F	499721
oj	j	float	F	499724
oj	h	float	F	499727
oj	c	float	F	499730
oj	k	float	F	499733
oj	g	float	F	499736
oj	d	float	F	499739
oj	n	float	F	499742
oj	f	float	F	499745
oj	e	float	F	499748
oj	m	float	F	499751
oj	i	float	F	499754
oja	p	no	Lno;	502618
oja	o	java.lang.String	Ljava/lang/String;	502621
ojb	a	int	I	502719
ojb	z	java.lang.String	Ljava/lang/String;	502722
ok	b	sw[]	[Lsw;	502761
ok	a	java.lang.String	Ljava/lang/String;	502764
oka	b	int	I	503624
oka	a	int[]	[I	503627
okb	c	boolean	Z	503661
okb	b	mj	Lmj;	503664
okb	f	int	I	503667
okb	e	boolean	Z	503670
okb	g	int	I	503673
okb	d	jagdx.IDirect3DIndexBuffer	Ljagdx/IDirect3DIndexBuffer;	503676
okb	a	nla	Lnla;	503679
ola	p	qka	Lqka;	503943
ola	n	byte[]	[B	503946
ola	o	int[]	[I	503949
ola	q	java.lang.String	Ljava/lang/String;	503952
olb	l	int	I	504218
olb	i	int[]	[I	504221
olb	k	int	I	504224
olb	m	int	I	504227
olb	j	int	I	504230
om	d	int	I	504822
om	e	int	I	504825
om	c	pr	Lpr;	504828
oma	d	int	I	505785
oma	k	int	I	505788
oma	e	boolean	Z	505791
oma	g	int	I	505794
oma	a	int	I	505797
oma	b	java.lang.String	Ljava/lang/String;	505800
oma	l	mib	Lmib;	505803
oma	j	int	I	505806
oma	c	java.lang.String	Ljava/lang/String;	505809
oma	f	int	I	505812
oma	h	java.lang.String[]	[Ljava/lang/String;	505815
oma	i	float	F	505818
omb	p	hrb	Lhrb;	507161
omb	o	java.lang.String	Ljava/lang/String;	507164
omb	q	int	I	507167
on	i	java.awt.Component	Ljava/awt/Component;	507272
ona	l	java.lang.String	Ljava/lang/String;	507390
ona	a	vga	Lvga;	507393
ona	d	vga	Lvga;	507396
ona	c	vga	Lvga;	507399
ona	f	vga	Lvga;	507402
ona	e	ds	Lds;	507405
ona	m	int	I	507408
ona	h	long	J	507411
ona	i	ds	Lds;	507414
ona	j	byte	B	507417
ona	k	int	I	507420
ona	g	int	I	507423
ona	b	km	Lkm;	507426
onb	a	int	I	507804
ooa	yb	llb[]	[Lllb;	507893
ooa	vb	llb[]	[Lllb;	507896
ooa	Ab	int	I	507899
ooa	wb	llb	Lllb;	507902
ooa	zb	java.lang.String	Ljava/lang/String;	507905
ooa	xb	int	I	507908
op	p	int	I	508732
op	o	int	I	508735
opa	g	byte	B	508812
opa	k	boolean	Z	508815
opa	d	byte	B	508818
opa	p	byte	B	508821
opa	a	boolean	Z	508824
opa	e	boolean	Z	508827
opa	j	byte	B	508830
opa	s	boolean	Z	508833
opa	r	boolean	Z	508836
opa	i	boolean	Z	508839
opa	h	boolean	Z	508842
opa	b	byte	B	508845
opa	q	int	I	508848
opa	o	int	I	508851
opa	f	int	I	508854
opa	l	short	S	508857
opa	n	byte	B	508860
opa	c	byte	B	508863
opa	m	boolean	Z	508866
opb	o	int	I	508877
opb	p	java.lang.String	Ljava/lang/String;	508880
oq	f	int	I	509083
oq	z	int	I	509086
oq	p	int	I	509089
oq	j	int	I	509092
oq	G	int	I	509095
oq	q	int	I	509098
oq	y	int	I	509101
oq	i	int	I	509104
oq	b	int	I	509107
oq	d	int	I	509110
oq	x	int	I	509113
oq	l	int	I	509116
oq	s	int	I	509119
oq	t	int	I	509122
oq	I	int	I	509125
oq	n	int	I	509128
oq	w	int	I	509131
oq	E	int	I	509134
oq	o	int	I	509137
oq	g	int	I	509140
oq	h	int	I	509143
oq	F	int	I	509146
oq	a	int	I	509149
oq	v	int	I	509152
oq	r	int	I	509155
oq	C	int	I	509158
oq	k	int	I	509161
oq	H	int	I	509164
oq	u	int	I	509167
oq	c	int	I	509170
oq	A	int	I	509173
oq	m	int	I	509176
oq	e	int	I	509179
oq	D	int	I	509182
oqa	q	phb[]	[Lphb;	510636
oqa	p	int	I	510639
oqa	o	int	I	510642
oqb	q	int	I	510750
oqb	p	int	I	510753
oqb	l	int	I	510756
oqb	i	int	I	510759
oqb	m	int	I	510762
oqb	o	int	I	510765
oqb	j	int	I	510768
oqb	n	java.lang.String	Ljava/lang/String;	510771
oqb	k	java.lang.String	Ljava/lang/String;	510774
or	z	java.lang.String	Ljava/lang/String;	511491
ora	e	tu	Ltu;	511529
ora	d	nla	Lnla;	511532
ora	b	boolean	Z	511535
ora	c	kb	Lkb;	511538
ora	a	mj	Lmj;	511541
orb	o	java.lang.String	Ljava/lang/String;	511599
os	V	boolean	Z	511704
os	R	ttb	Lttb;	511707
os	T	no	Lno;	511710
os	S	boolean	Z	511713
os	W	boolean	Z	511716
os	U	boolean	Z	511719
osa	d	int	I	512285
osa	f	int	I	512288
osa	e	boolean	Z	512291
osa	z	java.lang.String	Ljava/lang/String;	512294
osb	b	int	I	512342
osb	a	java.lang.String	Ljava/lang/String;	512345
ot	a	java.lang.String	Ljava/lang/String;	512466
ot	c	java.lang.String	Ljava/lang/String;	512469
ot	b	int	I	512472
ota	j	boolean[]	[Z	512552
ota	f	int[]	[I	512555
ota	l	int[]	[I	512558
ota	h	int[]	[I	512561
ota	i	int[]	[I	512564
ota	e	int[]	[I	512567
ota	k	int[][]	[[I	512570
ota	c	int[]	[I	512573
ota	a	float[]	[F	512576
ota	g	int[]	[I	512579
ota	b	int[]	[I	512582
ota	d	int	I	512585
otb	q	int	I	514602
otb	p	java.lang.String	Ljava/lang/String;	514605
otb	o	java.lang.String	Ljava/lang/String;	514608
ou	o	java.lang.String	Ljava/lang/String;	514717
ou	r	int	I	514720
ou	p	java.lang.String	Ljava/lang/String;	514723
ou	q	int	I	514726
oua	b	dja	Ldja;	514834
oua	a	boolean	Z	514837
oua	z	java.lang.String	Ljava/lang/String;	514840
ov	o	lpb	Llpb;	514887
ova	a	int	I	514988
ova	c	byte[]	[B	514991
ova	e	int	I	514994
ova	d	int	I	514997
ova	b	int	I	515000
ova	f	int	I	515003
ow	a	int	I	515344
ow	b	int	I	515347
owa	i	short[]	[S	515360
owa	j	java.lang.String	Ljava/lang/String;	515363
owa	l	int[]	[I	515366
owa	k	int[]	[I	515369
owa	n	int[][]	[[I	515372
owa	m	int	I	515375
p	g	int	I	516400
p	d	boolean	Z	516403
p	f	java.awt.Canvas	Ljava/awt/Canvas;	516406
p	e	int	I	516409
p	nativeid	long	J	516412
p	h	long	J	516415
pa	a	llb	Lllb;	516574
pa	c	java.lang.String	Ljava/lang/String;	516577
pa	b	int	I	516580
paa	q	int	I	516784
paa	o	java.lang.String	Ljava/lang/String;	516787
paa	p	java.lang.String	Ljava/lang/String;	516790
pab	k	kka[]	[Lkka;	517076
pab	m	int	I	517079
pab	l	byte[]	[B	517082
pb	k	pb	Lpb;	517207
pb	c	int	I	517210
pb	g	pb	Lpb;	517213
pb	j	int	I	517216
pb	d	pb	Lpb;	517219
pb	e	pb	Lpb;	517222
pb	i	int	I	517225
pb	a	mj	Lmj;	517228
pb	l	pb	Lpb;	517231
pb	h	pb	Lpb;	517234
pb	b	pb	Lpb;	517237
pb	m	int	I	517240
pb	n	java.lang.String	Ljava/lang/String;	517243
pb	f	byte[]	[B	517246
pba	p	int	I	517599
pba	o	int	I	517602
pba	r	int	I	517605
pba	q	float	F	517608
pbb	a	java.lang.String	Ljava/lang/String;	517725
pc	a	java.awt.Component	Ljava/awt/Component;	518152
pca	k	int	I	518261
pca	i	uj[]	[Luj;	518264
pca	l	java.lang.String	Ljava/lang/String;	518267
pca	j	int	I	518270
pca	m	int	I	518273
pcb	o	boolean	Z	518781
pcb	p	int	I	518784
pd	e	int	I	519051
pd	f	int	I	519054
pd	i	int	I	519057
pd	g	int[][]	[[I	519060
pd	d	int	I	519063
pd	h	int	I	519066
pe	p	lua	Llua;	519486
pe	i	boolean	Z	519489
pe	o	int	I	519492
pe	n	ij	Lij;	519495
pe	j	it[]	[Lit;	519498
pe	x	ij	Lij;	519501
pe	y	int	I	519504
pe	l	int[]	[I	519507
pe	g	mqb[]	[Lmqb;	519510
pe	w	int[]	[I	519513
pe	a	rba[]	[Lrba;	519516
pe	e	aib	Laib;	519519
pe	k	sg[]	[Lsg;	519522
pe	d	java.lang.String	Ljava/lang/String;	519525
pe	t	cq[]	[Lcq;	519528
pe	h	boolean	Z	519531
pe	s	oq[]	[Loq;	519534
pe	v	boolean	Z	519537
pe	f	una	Luna;	519540
pe	c	int[]	[I	519543
pe	b	bea	Lbea;	519546
pe	u	fba	Lfba;	519549
pe	q	boolean	Z	519552
pe	r	int	I	519555
pe	m	nbb[]	[Lnbb;	519558
pea	b	int	I	547939
pea	a	int	I	547942
pea	d	slb	Lslb;	547945
pea	c	java.lang.String	Ljava/lang/String;	547948
peb	z	java.lang.String	Ljava/lang/String;	548106
pf	jc	jaclib.memory.heap.NativeHeap	Ljaclib/memory/heap/NativeHeap;	548184
pf	Yb	java.lang.String[]	[Ljava/lang/String;	548187
pf	Mb	rga	Lrga;	548190
pf	s	ij	Lij;	548193
pf	qc	java.lang.Object	Ljava/lang/Object;	548196
pf	rb	java.util.Hashtable	Ljava/util/Hashtable;	548199
pf	db	int	I	548202
pf	peer	long	J	548205
pf	i	int	I	548208
pf	Zb	jagex3.graphics2.hw.NativeInterface	Ljagex3/graphics2/hw/NativeInterface;	548211
pf	Ab	asb	Lasb;	548214
pf	m	jaclib.memory.heap.NativeHeapBuffer	Ljaclib/memory/heap/NativeHeapBuffer;	548217
pf	ec	boolean	Z	548220
pf	Nb	int	I	548223
pf	O	oj	Loj;	548226
pf	mb	int	I	548229
pf	ob	int	I	548232
pf	t	oj	Loj;	548235
pf	f	oj	Loj;	548238
pf	gb	oj	Loj;	548241
pf	yb	oj	Loj;	548244
pf	vc	oj	Loj;	548247
pf	Bb	int	I	548250
pf	pc	int	I	548253
pf	X	boolean	Z	548256
pf	Rb	float	F	548259
pf	Qb	int	I	548262
pf	z	aba[]	[Laba;	548265
pf	u	float	F	548268
pf	l	float[]	[F	548271
pf	M	boolean	Z	548274
pf	L	int	I	548277
pf	Sb	float	F	548280
pf	uc	boolean	Z	548283
pf	v	int	I	548286
pf	Hb	boolean	Z	548289
pf	wb	boolean	Z	548292
pf	lb	int	I	548295
pf	bc	ura[]	[Lura;	548298
pf	Y	int	I	548301
pf	W	int	I	548304
pf	fb	float[]	[F	548307
pf	ab	int	I	548310
pf	J	float[]	[F	548313
pf	h	int	I	548316
pf	Db	float[]	[F	548319
pf	lc	int	I	548322
pf	c	float[]	[F	548325
pf	Fb	float[]	[F	548328
pf	Pb	int	I	548331
pf	p	float	F	548334
pf	Lb	fsb[]	[Lfsb;	548337
pf	Ub	boolean	Z	548340
pf	nb	int	I	548343
pf	cb	float[]	[F	548346
pf	wc	float[]	[F	548349
pf	dc	uda[]	[Luda;	548352
pf	I	atb	Latb;	548355
pf	U	aba[]	[Laba;	548358
pf	B	float	F	548361
pf	bb	int	I	548364
pf	H	int	I	548367
pf	sc	boolean	Z	548370
pf	hc	boolean	Z	548373
pf	q	boolean	Z	548376
pf	E	uda	Luda;	548379
pf	F	int	I	548382
pf	k	int	I	548385
pf	xc	int	I	548388
pf	Ob	int	I	548391
pf	V	int	I	548394
pf	Ib	je	Lje;	548397
pf	kb	jaclib.memory.Stream	Ljaclib/memory/Stream;	548400
pf	Xb	boolean	Z	548403
pf	kc	as	Las;	548406
pf	e	int	I	548409
pf	tc	float	F	548412
pf	d	int	I	548415
pf	Wb	int	I	548418
pf	r	float	F	548421
pf	tb	int	I	548424
pf	Gb	int	I	548427
pf	nc	boolean	Z	548430
pf	x	float	F	548433
pf	j	int	I	548436
pf	g	boolean	Z	548439
pf	ib	int	I	548442
pf	K	int	I	548445
pf	eb	boolean	Z	548448
pf	Z	float	F	548451
pf	vb	boolean	Z	548454
pf	gc	float[]	[F	548457
pf	Cb	int	I	548460
pf	Q	ura	Lura;	548463
pf	xb	float	F	548466
pf	sb	boolean	Z	548469
pf	Eb	oj[]	[Loj;	548472
pf	N	boolean	Z	548475
pf	cc	boolean	Z	548478
pf	ub	boolean	Z	548481
pf	pb	mma	Lmma;	548484
pf	qb	int	I	548487
pf	mc	int	I	548490
pf	A	kba[]	[Lkba;	548493
pf	y	int	I	548496
pf	Kb	int	I	548499
pf	jb	int	I	548502
pf	n	int	I	548505
pf	oc	float	F	548508
pf	zb	boolean	Z	548511
pf	rc	int	I	548514
pf	Tb	boolean	Z	548517
pf	fc	clb	Lclb;	548520
pf	C	mkb	Lmkb;	548523
pf	G	vmb	Lvmb;	548526
pf	w	roa	Lroa;	548529
pf	ic	vmb	Lvmb;	548532
pf	o	vmb	Lvmb;	548535
pf	Vb	vmb	Lvmb;	548538
pf	D	roa	Lroa;	548541
pf	P	mkb	Lmkb;	548544
pf	hb	roa	Lroa;	548547
pf	Jb	roa	Lroa;	548550
pf	R	roa	Lroa;	548553
pf	S	mkb	Lmkb;	548556
pf	T	vca	Lvca;	548559
pf	ac	boolean	Z	548562
pfa	d	vga	Lvga;	558085
pfa	c	boolean	Z	558088
pfa	e	int	I	558091
pfa	a	java.lang.String	Ljava/lang/String;	558094
pfa	b	java.lang.Thread	Ljava/lang/Thread;	558097
pfb	a	java.lang.String	Ljava/lang/String;	558756
pfb	e	int	I	558759
pfb	b	vh	Lvh;	558762
pfb	c	nga	Lnga;	558765
pfb	d	int	I	558768
pga	o	java.lang.String	Ljava/lang/String;	559679
pgb	m	int[]	[I	559840
pgb	j	llb	Lllb;	559843
pgb	b	gl	Lgl;	559846
pgb	n	java.lang.String	Ljava/lang/String;	559849
pgb	h	int	I	559852
pgb	i	long	J	559855
pgb	q	int	I	559858
pgb	d	java.lang.String	Ljava/lang/String;	559861
pgb	k	boolean	Z	559864
pgb	e	java.lang.String	Ljava/lang/String;	559867
pgb	f	int	I	559870
pgb	o	java.lang.String	Ljava/lang/String;	559873
pgb	a	int	I	559876
pgb	c	int	I	559879
pgb	g	dja	Ldja;	559882
pgb	l	java.lang.String	Ljava/lang/String;	559885
pgb	p	java.lang.String	Ljava/lang/String;	559888
ph	o	int	I	560367
pha	o	ds	Lds;	560539
pha	p	java.lang.String	Ljava/lang/String;	560542
pha	q	java.lang.String	Ljava/lang/String;	560545
pha	r	java.lang.String[]	[Ljava/lang/String;	560548
phb	r	int[]	[I	560677
pi	n	int[]	[I	567320
pi	k	java.lang.String[]	[Ljava/lang/String;	567323
pi	l	int[][]	[[I	567326
pi	m	int[]	[I	567329
pia	v	ita	Lita;	567815
pia	w	htb	Lhtb;	567818
pia	x	mma	Lmma;	567821
pib	c	int	I	568258
pib	a	int	I	568261
pib	d	int	I	568264
pib	g	qfa	Lqfa;	568267
pib	b	int	I	568270
pib	f	boolean	Z	568273
pib	e	boolean	Z	568276
pja	l	slb	Lslb;	569126
pja	o	java.lang.String	Ljava/lang/String;	569129
pja	p	int	I	569132
pja	k	int[]	[I	569135
pja	n	int[]	[I	569138
pja	m	int	I	569141
pja	j	int	I	569144
pja	i	java.lang.String	Ljava/lang/String;	569147
pjb	xb	llb	Lllb;	569736
pjb	vb	java.lang.Object	Ljava/lang/Object;	569739
pjb	Ab	llb	Lllb;	569742
pjb	yb	llb	Lllb;	569745
pjb	wb	llb	Lllb;	569748
pjb	zb	int	I	569751
pjb	Bb	llb	Lllb;	569754
pjb	Cb	llb	Lllb;	569757
pjb	Db	java.lang.String	Ljava/lang/String;	569760
pk	o	int	I	571082
pk	p	int	I	571085
pka	o	int	I	571202
pkb	o	long	J	571271
pl	e	java.lang.String	Ljava/lang/String;	571335
pla	B	int	I	571424
pla	C	eeb	Leeb;	571427
plb	o	java.lang.String	Ljava/lang/String;	571934
pma	q	java.lang.String	Ljava/lang/String;	572429
pma	p	java.lang.String	Ljava/lang/String;	572432
pma	o	int	I	572435
pmb	o	phb[]	[Lphb;	572544
pmb	p	int	I	572547
pn	a	java.lang.String	Ljava/lang/String;	572845
pn	b	int	I	572848
pnb	d	ksa	Lksa;	572964
pnb	a	ksa	Lksa;	572967
pnb	b	nga	Lnga;	572970
pnb	c	int	I	572973
po	p	java.lang.String	Ljava/lang/String;	573284
po	o	boolean	Z	573287
poa	o	boolean	Z	573389
pob	c	mma	Lmma;	573494
pob	d	int	I	573497
pob	b	int	I	573500
pob	a	int	I	573503
pp	o	int[]	[I	574290
pp	q	java.lang.String	Ljava/lang/String;	574293
pp	p	java.lang.String	Ljava/lang/String;	574296
ppa	o	java.lang.String	Ljava/lang/String;	574402
ppa	q	java.lang.String	Ljava/lang/String;	574405
ppa	p	int[]	[I	574408
ppb	c	ri	Lri;	574572
ppb	d	java.lang.String	Ljava/lang/String;	574575
ppb	a	asb	Lasb;	574578
ppb	b	cda	Lcda;	574581
pq	b	int	I	574790
pq	a	ij	Lij;	574793
pq	c	boolean	Z	574796
pqa	o	mob	Lmob;	574940
pqa	p	java.lang.String	Ljava/lang/String;	574943
pr	c	oma	Loma;	575451
pr	h	fh	Lfh;	575454
pr	e	int	I	575457
pr	g	fh[]	[Lfh;	575460
pr	b	long	J	575463
pr	a	fh	Lfh;	575466
pr	f	int	I	575469
pr	d	int	I	575472
pra	o	int	I	576009
pra	p	java.lang.Object	Ljava/lang/Object;	576012
pra	q	java.lang.String	Ljava/lang/String;	576015
ps	a	phb[]	[Lphb;	576646
psa	o	dja	Ldja;	576829
psb	a	int	I	577223
psb	b	ufb	Lufb;	577226
pt	o	int	I	577377
ptb	h	int	I	577723
ptb	f	java.lang.String	Ljava/lang/String;	577726
ptb	d	int	I	577729
ptb	e	int	I	577732
ptb	g	int	I	577735
pu	c	java.lang.String[]	[Ljava/lang/String;	578406
pu	b	java.lang.String	Ljava/lang/String;	578409
pu	a	boolean	Z	578412
pua	p	int	I	578678
pua	o	java.lang.String	Ljava/lang/String;	578681
pva	d	llb	Lllb;	578870
pva	e	java.lang.String	Ljava/lang/String;	578873
pva	f	java.lang.String	Ljava/lang/String;	578876
pva	g	int	I	578879
pw	a	int	I	579090
pw	z	java.lang.String	Ljava/lang/String;	579093
pwa	c	boolean	Z	579581
pwa	a	java.lang.String	Ljava/lang/String;	579584
pwa	f	gtb	Lgtb;	579587
pwa	e	gqa	Lgqa;	579590
pwa	d	hg	Lhg;	579593
pwa	b	int	I	579596
q	d	ds	Lds;	580558
q	h	byte[]	[B	580561
q	c	int	I	580564
q	f	int	I	580567
q	b	int[]	[I	580570
q	e	int[]	[I	580573
q	a	int[]	[I	580576
q	g	int[]	[I	580579
q	i	long	J	580582
qa	o	ij	Lij;	581688
qa	p	java.lang.String	Ljava/lang/String;	581691
qaa	a	float	F	581929
qaa	b	int	I	581932
qab	e	int	I	582691
qab	a	java.lang.String	Ljava/lang/String;	582694
qab	c	java.lang.String	Ljava/lang/String;	582697
qab	d	int	I	582700
qab	b	int	I	582703
qb	a	java.lang.String[]	[Ljava/lang/String;	582964
qbb	a	int	I	584523
qc	e	int	I	584607
qc	c	java.lang.String	Ljava/lang/String;	584610
qc	p	kw	Lkw;	584613
qc	m	llb	Lllb;	584616
qc	o	llb	Lllb;	584619
qc	n	no	Lno;	584622
qc	h	soa	Lsoa;	584625
qc	i	ij	Lij;	584628
qc	g	ri	Lri;	584631
qc	q	llb	Lllb;	584634
qc	d	java.lang.String[]	[Ljava/lang/String;	584637
qc	l	int	I	584640
qc	j	boolean	Z	584643
qc	k	ila	Lila;	584646
qc	f	int	I	584649
qc	a	java.lang.String	Ljava/lang/String;	584652
qc	b	int	I	584655
qca	wb	int	I	586750
qca	yb	int	I	586753
qca	xb	llb	Lllb;	586756
qca	vb	llb	Lllb;	586759
qcb	q	slb	Lslb;	587183
qcb	o	boolean[][]	[[Z	587186
qcb	r	java.lang.String	Ljava/lang/String;	587189
qcb	p	llb	Lllb;	587192
qd	c	java.lang.String	Ljava/lang/String;	587362
qd	b	int	I	587365
qd	d	int	I	587368
qd	a	boolean[]	[Z	587371
qda	s	int	I	587477
qda	r	int[]	[I	587480
qda	u	int	I	587483
qda	i	hc	Lhc;	587486
qda	e	rpb	Lrpb;	587489
qda	y	rpb	Lrpb;	587492
qda	w	rpb	Lrpb;	587495
qda	c	rpb	Lrpb;	587498
qda	o	rpb	Lrpb;	587501
qda	k	int	I	587504
qda	d	int	I	587507
qda	n	int[]	[I	587510
qda	j	rpb	Lrpb;	587513
qda	f	int[]	[I	587516
qda	q	int[]	[I	587519
qda	m	int[]	[I	587522
qda	x	rpb	Lrpb;	587525
qda	b	rpb	Lrpb;	587528
qda	a	rpb	Lrpb;	587531
qda	g	int[]	[I	587534
qda	l	int[]	[I	587537
qda	p	int[]	[I	587540
qda	h	int[]	[I	587543
qda	v	int[]	[I	587546
qda	t	int[]	[I	587549
qdb	b	int	I	588801
qdb	d	int	I	588804
qdb	f	int	I	588807
qdb	a	dja	Ldja;	588810
qdb	c	int[]	[I	588813
qdb	e	java.lang.String	Ljava/lang/String;	588816
qe	o	java.lang.String	Ljava/lang/String;	589621
qea	r	int[]	[I	589864
qea	p	int	I	589867
qea	q	int	I	589870
qea	o	int	I	589873
qeb	d	int	I	590149
qeb	a	int	I	590152
qeb	c	java.lang.String	Ljava/lang/String;	590155
qeb	b	int	I	590158
qf	o	kb	Lkb;	590217
qfa	ic	long	J	590405
qfa	Sb	int	I	590408
qfa	hb	java.util.Hashtable	Ljava/util/Hashtable;	590411
qfa	ib	java.awt.Canvas	Ljava/awt/Canvas;	590414
qfa	uc	long	J	590417
qfa	vb	int	I	590420
qfa	Y	int	I	590423
qfa	Ib	int	I	590426
qfa	rb	int	I	590429
qfa	c	jaggl.OpenGL	Ljaggl/OpenGL;	590432
qfa	r	rlb	Lrlb;	590435
qfa	fc	kha	Lkha;	590438
qfa	X	int	I	590441
qfa	Kc	int	I	590444
qfa	A	mpb	Lmpb;	590447
qfa	Ec	vf	Lvf;	590450
qfa	d	fbb	Lfbb;	590453
qfa	D	ij	Lij;	590456
qfa	yb	nk	Lnk;	590459
qfa	m	boolean	Z	590462
qfa	Kb	jaclib.memory.heap.NativeHeap	Ljaclib/memory/heap/NativeHeap;	590465
qfa	Mc	int	I	590468
qfa	qc	tla	Ltla;	590471
qfa	rc	int	I	590474
qfa	E	vga	Lvga;	590477
qfa	kc	jaa[]	[Ljaa;	590480
qfa	p	jaa[]	[Ljaa;	590483
qfa	jb	rpa	Lrpa;	590486
qfa	zc	int	I	590489
qfa	Gb	jaa[]	[Ljaa;	590492
qfa	lc	jaa	Ljaa;	590495
qfa	Oc	int	I	590498
qfa	W	jaa	Ljaa;	590501
qfa	Ic	gnb	Lgnb;	590504
qfa	Gc	int	I	590507
qfa	q	int	I	590510
qfa	mc	int	I	590513
qfa	v	ij	Lij;	590516
qfa	sb	int	I	590519
qfa	xc	ij	Lij;	590522
qfa	Nc	ij	Lij;	590525
qfa	hc	ij	Lij;	590528
qfa	ec	ij	Lij;	590531
qfa	Cc	ij	Lij;	590534
qfa	zb	ij	Lij;	590537
qfa	db	boolean	Z	590540
qfa	x	int	I	590543
qfa	xb	int	I	590546
qfa	vc	long	J	590549
qfa	R	boolean	Z	590552
qfa	Ub	boolean	Z	590555
qfa	e	int	I	590558
qfa	Db	epb	Lepb;	590561
qfa	Lb	boolean	Z	590564
qfa	F	epb	Lepb;	590567
qfa	Bb	epb	Lepb;	590570
qfa	tb	int	I	590573
qfa	L	float[]	[F	590576
qfa	I	boolean	Z	590579
qfa	t	int	I	590582
qfa	T	uq	Luq;	590585
qfa	jc	int	I	590588
qfa	s	bu	Lbu;	590591
qfa	bc	boolean	Z	590594
qfa	cb	boolean	Z	590597
qfa	f	int	I	590600
qfa	Xb	float[]	[F	590603
qfa	Vb	boolean	Z	590606
qfa	pb	rpa	Lrpa;	590609
qfa	i	float	F	590612
qfa	ab	int	I	590615
qfa	yc	int	I	590618
qfa	cc	int	I	590621
qfa	Fb	int	I	590624
qfa	eb	boolean	Z	590627
qfa	Dc	int	I	590630
qfa	J	int	I	590633
qfa	oc	int	I	590636
qfa	g	boolean	Z	590639
qfa	Yb	boolean	Z	590642
qfa	Wb	float	F	590645
qfa	qb	aia	Laia;	590648
qfa	n	boolean	Z	590651
qfa	V	int	I	590654
qfa	l	boolean	Z	590657
qfa	B	boolean	Z	590660
qfa	Pb	float[]	[F	590663
qfa	P	int	I	590666
qfa	Jc	int	I	590669
qfa	Fc	int	I	590672
qfa	Rb	int	I	590675
qfa	Nb	java.lang.String	Ljava/lang/String;	590678
qfa	Ab	java.lang.String	Ljava/lang/String;	590681
qfa	Zb	boolean	Z	590684
qfa	G	float	F	590687
qfa	lb	int	I	590690
qfa	j	boolean	Z	590693
qfa	M	int	I	590696
qfa	mb	float	F	590699
qfa	gb	boolean	Z	590702
qfa	z	uq	Luq;	590705
qfa	sc	boolean	Z	590708
qfa	u	float	F	590711
qfa	k	boolean	Z	590714
qfa	ac	boolean	Z	590717
qfa	w	float	F	590720
qfa	O	boolean	Z	590723
qfa	pc	float	F	590726
qfa	H	float	F	590729
qfa	Jb	int	I	590732
qfa	Qb	int	I	590735
qfa	Z	int	I	590738
qfa	Hc	int	I	590741
qfa	wb	float	F	590744
qfa	kb	boolean	Z	590747
qfa	ob	int	I	590750
qfa	Ob	boolean	Z	590753
qfa	C	int	I	590756
qfa	nb	float	F	590759
qfa	bb	int	I	590762
qfa	tc	boolean	Z	590765
qfa	N	int	I	590768
qfa	wc	pib[]	[Lpib;	590771
qfa	Hb	boolean	Z	590774
qfa	dc	int	I	590777
qfa	gc	int	I	590780
qfa	Bc	int	I	590783
qfa	Mb	float	F	590786
qfa	Ac	float	F	590789
qfa	h	boolean	Z	590792
qfa	Eb	float[]	[F	590795
qfa	ub	int	I	590798
qfa	K	fsb[]	[Lfsb;	590801
qfa	fb	int	I	590804
qfa	nc	float	F	590807
qfa	U	boolean	Z	590810
qfa	Lc	boolean	Z	590813
qfa	Q	float	F	590816
qfa	y	boolean	Z	590819
qfa	Cb	float	F	590822
qfa	S	boolean	Z	590825
qfa	Tb	float[]	[F	590828
qfa	o	int	I	590831
qfb	o	int	I	601809
qg	b	qfa	Lqfa;	601944
qg	a	soa	Lsoa;	601947
qga	b	faa	Lfaa;	602110
qga	a	long	J	602113
qgb	d	kla	Lkla;	602273
qgb	e	ha	Lha;	602276
qh	M	htb	Lhtb;	602332
qh	L	java.lang.String	Ljava/lang/String;	602335
qh	N	java.lang.String	Ljava/lang/String;	602338
qh	K	htb	Lhtb;	602341
qh	J	int	I	602344
qha	o	int	I	602806
qhb	o	int	I	602904
qhb	p	java.lang.String	Ljava/lang/String;	602907
qi	o	java.lang.String	Ljava/lang/String;	603013
qi	p	llb	Lllb;	603016
qia	o	java.lang.String	Ljava/lang/String;	603177
qia	p	java.lang.String	Ljava/lang/String;	603180
qja	o	java.lang.String	Ljava/lang/String;	603514
qjb	b	int	I	603669
qjb	c	int	I	603672
qjb	d	int	I	603675
qjb	e	odb	Lodb;	603678
qjb	a	java.lang.String	Ljava/lang/String;	603681
qka	yb	java.lang.StringBuilder	Ljava/lang/StringBuilder;	606338
qka	vb	llb	Lllb;	606341
qka	wb	int	I	606344
qka	xb	llb	Lllb;	606347
qkb	h	ij	Lij;	606900
qkb	k	ij	Lij;	606903
qkb	j	int	I	606906
qkb	i	int	I	606909
ql	p	kba	Lkba;	607331
ql	o	float	F	607334
qla	o	java.lang.String	Ljava/lang/String;	607436
qlb	a	int	I	607647
qma	b	int	I	608164
qma	a	long	J	608167
qmb	o	java.lang.String	Ljava/lang/String;	608640
qmb	p	int	I	608643
qmb	q	int	I	608646
qn	d	java.lang.String	Ljava/lang/String;	608791
qn	f	int	I	608794
qn	e	int	I	608797
qn	i	int	I	608800
qn	h	ida	Lida;	608803
qn	g	int	I	608806
qna	o	java.lang.String	Ljava/lang/String;	609052
qnb	o	asb	Lasb;	609160
qoa	o	int	I	609640
qoa	p	java.lang.String	Ljava/lang/String;	609643
qob	b	int	I	609790
qob	c	int	I	609793
qob	a	int	I	609796
qp	i	int[]	[I	610752
qp	a	kca	Lkca;	610755
qp	p	kca[]	[Lkca;	610758
qp	l	int	I	610761
qp	k	int	I	610764
qp	j	int[]	[I	610767
qp	m	int[]	[I	610770
qp	g	int[][]	[[I	610773
qp	f	int	I	610776
qp	n	int[]	[I	610779
qp	d	int[]	[I	610782
qp	c	byte[][]	[[B	610785
qp	h	int[]	[I	610788
qp	o	int[][]	[[I	610791
qp	e	int	I	610794
qp	b	byte[]	[B	610797
qpa	b	java.lang.String	Ljava/lang/String;	612423
qpa	a	java.lang.String	Ljava/lang/String;	612426
qpb	w	llb	Lllb;	612524
qpb	v	int	I	612527
qq	e	int	I	612921
qq	g	boolean	Z	612924
qq	f	int	I	612927
qq	a	int	I	612930
qq	c	int	I	612933
qq	d	jp	Ljp;	612936
qq	b	int	I	612939
qq	h	jaclib.memory.heap.NativeHeapBuffer	Ljaclib/memory/heap/NativeHeapBuffer;	612942
qqa	i	java.lang.String[]	[Ljava/lang/String;	613687
qqb	a	wna[]	[Lwna;	613980
qqb	b	int	I	613983
qr	e	boolean	Z	614943
qr	g	int	I	614946
qr	h	boolean	Z	614949
qr	f	hdb[]	[Lhdb;	614952
qra	p	int[]	[I	615796
qra	o	int	I	615799
qrb	a	int	I	615960
qrb	z	java.lang.String	Ljava/lang/String;	615963
qs	b	java.lang.String	Ljava/lang/String;	615999
qs	a	int	I	616002
qs	c	int	I	616005
qsa	b	llb	Lllb;	616252
qsa	d	llb	Lllb;	616255
qsa	c	java.lang.Object	Ljava/lang/Object;	616258
qsa	a	int	I	616261
qsa	z	java.lang.String	Ljava/lang/String;	616264
qsb	d	java.lang.String	Ljava/lang/String;	616314
qt	o	java.lang.String	Ljava/lang/String;	616486
qta	o	int[]	[I	616913
qtb	o	int	I	617057
qtb	p	int	I	617060
qtb	q	java.lang.String[]	[Ljava/lang/String;	617063
qu	o	boolean	Z	617178
qua	a	dpb	Ldpb;	617932
qua	e	lu	Llu;	617935
qua	b	float	F	617938
qua	c	ml[]	[Lml;	617941
qua	d	kb	Lkb;	617944
qv	o	int	I	618880
qv	p	java.applet.Applet	Ljava/applet/Applet;	618883
qva	k	gj	Lgj;	618986
qva	j	oib	Loib;	618989
qw	f	int	I	619236
qw	h	int	I	619239
qw	i	int	I	619242
qw	m	boolean	Z	619245
qw	k	ana	Lana;	619248
qw	d	int	I	619251
qw	e	gl	Lgl;	619254
qw	j	lkb	Llkb;	619257
qw	g	ri	Lri;	619260
qw	l	llb	Lllb;	619263
qw	z	java.lang.String	Ljava/lang/String;	619266
qwa	o	java.lang.String	Ljava/lang/String;	619338
r	m	java.lang.String	Ljava/lang/String;	619437
r	l	double	D	619440
r	k	int	I	619443
r	z	java.lang.String	Ljava/lang/String;	619446
ra	o	dja	Ldja;	619500
ra	p	java.lang.String	Ljava/lang/String;	619503
ra	q	java.lang.String	Ljava/lang/String;	619506
raa	q	java.lang.String	Ljava/lang/String;	619686
raa	p	int[][]	[[I	619689
raa	o	java.lang.String	Ljava/lang/String;	619692
rab	n	int	I	619940
rab	j	int	I	619943
rab	m	wsb	Lwsb;	619946
rab	l	int	I	619949
rab	k	int	I	619952
rb	c	ij	Lij;	620180
rb	b	int	I	620183
rb	a	java.lang.String	Ljava/lang/String;	620186
rba	h	int	I	620329
rba	a	int	I	620332
rba	c	int	I	620335
rba	g	byte[]	[B	620338
rba	e	int	I	620341
rba	d	int	I	620344
rba	b	int[][]	[[I	620347
rba	i	int	I	620350
rba	f	int	I	620353
rbb	c	int	I	621277
rbb	h	int	I	621280
rbb	u	int	I	621283
rbb	a	wwa	Lwwa;	621286
rbb	l	wwa	Lwwa;	621289
rbb	r	int	I	621292
rbb	s	int	I	621295
rbb	e	wwa	Lwwa;	621298
rbb	k	wdb	Lwdb;	621301
rbb	f	boolean	Z	621304
rbb	m	int	I	621307
rbb	o	wwa	Lwwa;	621310
rbb	d	wwa	Lwwa;	621313
rbb	j	int	I	621316
rbb	t	int	I	621319
rbb	b	int	I	621322
rbb	n	wwa	Lwwa;	621325
rbb	i	int	I	621328
rbb	g	int	I	621331
rbb	q	wwa	Lwwa;	621334
rbb	p	no	Lno;	621337
rc	a	java.lang.String	Ljava/lang/String;	622711
rc	b	int	I	622714
rca	b	int	I	622884
rca	a	java.lang.String	Ljava/lang/String;	622887
rca	c	int	I	622890
rca	z	java.lang.String	Ljava/lang/String;	622893
rcb	v	htb[]	[Lhtb;	622943
rcb	x	jpb	Ljpb;	622946
rcb	w	java.lang.String[]	[Ljava/lang/String;	622949
rd	o	ij	Lij;	623460
rda	o	long	J	623671
rda	p	int	I	623674
rda	q	boolean	Z	623677
rdb	e	int	I	623744
rdb	g	int	I	623747
rdb	d	int	I	623750
rdb	f	java.lang.String	Ljava/lang/String;	623753
re	f	boolean	Z	624531
re	h	int	I	624534
re	e	int	I	624537
re	j	int	I	624540
re	g	no	Lno;	624543
re	k	dja	Ldja;	624546
re	l	int	I	624549
re	m	java.lang.String	Ljava/lang/String;	624552
re	i	int	I	624555
re	n	wdb	Lwdb;	624558
rea	e	java.lang.String[]	[Ljava/lang/String;	625571
rea	d	java.lang.String	Ljava/lang/String;	625574
reb	a	phb	Lphb;	625755
reb	z	java.lang.String	Ljava/lang/String;	625758
rf	p	java.lang.String	Ljava/lang/String;	625799
rf	o	java.lang.String	Ljava/lang/String;	625802
rfa	o	java.lang.String	Ljava/lang/String;	625910
rfa	p	boolean	Z	625913
rg	a	java.lang.String	Ljava/lang/String;	626136
rg	b	boolean	Z	626139
rg	c	java.lang.String	Ljava/lang/String;	626142
rga	e	gf	Lgf;	626463
rga	f	soa	Lsoa;	626466
rga	c	eb[]	[Leb;	626469
rga	g	llb	Lllb;	626472
rga	h	pf	Lpf;	626475
rga	a	eb[]	[Leb;	626478
rga	b	boolean	Z	626481
rga	d	gf	Lgf;	626484
rgb	g	int	I	627087
rgb	d	int	I	627090
rgb	e	int	I	627093
rgb	f	soa	Lsoa;	627096
rh	o	arb	Larb;	627638
rh	p	java.lang.String	Ljava/lang/String;	627641
rha	b	int	I	627800
rha	e	int	I	627803
rha	c	int	I	627806
rha	a	int	I	627809
rha	d	int	I	627812
rhb	o	java.lang.String	Ljava/lang/String;	628460
ri	a	int	I	628800
ri	b	java.lang.String	Ljava/lang/String;	628803
ri	c	int	I	628806
rib	o	java.lang.String	Ljava/lang/String;	629121
rj	d	int	I	629275
rj	c	int	I	629278
rj	a	int	I	629281
rj	f	int	I	629284
rj	b	int	I	629287
rj	h	int	I	629290
rj	e	int[]	[I	629293
rj	g	int	I	629296
rja	o	java.lang.String	Ljava/lang/String;	630193
rjb	t	byte[]	[B	630293
rjb	u	int	I	630296
rk	b	java.awt.DisplayMode	Ljava/awt/DisplayMode;	630454
rk	a	java.awt.GraphicsDevice	Ljava/awt/GraphicsDevice;	630457
rkb	o	int	I	630949
rla	w	htb	Lhtb;	631617
rla	z	htb	Lhtb;	631620
rla	y	htb	Lhtb;	631623
rla	v	dja	Ldja;	631626
rla	x	int	I	631629
rlb	b	qfa	Lqfa;	632162
rlb	d	int[]	[I	632165
rlb	e	int	I	632168
rlb	a	llb	Lllb;	632171
rlb	c	d	Ld;	632174
rlb	f	pfb	Lpfb;	632177
rm	f	int[]	[I	632536
rma	d	dja	Ldja;	632762
rma	b	int	I	632765
rma	c	dja	Ldja;	632768
rn	n	int[]	[I	633622
rn	p	java.lang.String	Ljava/lang/String;	633625
rn	o	int	I	633628
rn	q	char[]	[C	633631
rn	m	char[]	[C	633634
rn	k	boolean	Z	633637
rn	l	int[]	[I	633640
rnb	o	java.lang.String	Ljava/lang/String;	634542
ro	a	int	I	634760
ro	c	int	I	634763
ro	b	java.lang.String	Ljava/lang/String;	634766
roa	Q	int	I	634935
roa	a	int[][]	[[I	634938
roa	i	short[]	[S	634941
roa	C	glb	Lglb;	634944
roa	l	int[]	[I	634947
roa	D	float[]	[F	634950
roa	v	int	I	634953
roa	B	int	I	634956
roa	L	int	I	634959
roa	j	int[]	[I	634962
roa	g	int[]	[I	634965
roa	m	boolean	Z	634968
roa	h	glb	Lglb;	634971
roa	z	int	I	634974
roa	r	short[]	[S	634977
roa	K	int[]	[I	634980
roa	e	short[]	[S	634983
roa	d	short[]	[S	634986
roa	I	int	I	634989
roa	M	int	I	634992
roa	u	int	I	634995
roa	y	float[]	[F	634998
roa	t	int[]	[I	635001
roa	c	short[]	[S	635004
roa	x	short[]	[S	635007
roa	o	glb	Lglb;	635010
roa	p	int[]	[I	635013
roa	P	int	I	635016
roa	b	byte[]	[B	635019
roa	G	int	I	635022
roa	O	short[]	[S	635025
roa	A	short[]	[S	635028
roa	f	short[]	[S	635031
roa	J	short[]	[S	635034
roa	E	gib[]	[Lgib;	635037
roa	N	short[]	[S	635040
roa	H	rv	Lrv;	635043
roa	w	int[]	[I	635046
roa	q	glb	Lglb;	635049
roa	F	short[]	[S	635052
roa	n	byte[]	[B	635055
roa	k	lga[]	[Llga;	635058
roa	s	int	I	635061
rob	o	byte[]	[B	639410
rob	p	java.lang.String	Ljava/lang/String;	639413
rob	q	llb	Lllb;	639416
rp	e	mkb	Lmkb;	639792
rp	c	boolean	Z	639795
rp	d	eb	Leb;	639798
rp	f	pf	Lpf;	639801
rpa	e	int	I	640537
rpa	a	int	I	640540
rpa	f	qfa	Lqfa;	640543
rpa	i	int	I	640546
rpa	j	int	I	640549
rpa	c	uja	Luja;	640552
rpa	d	int	I	640555
rpa	g	int	I	640558
rpa	b	int	I	640561
rpa	h	mda[]	[Lmda;	640564
rpb	i	int	I	641859
rpb	k	int	I	641862
rpb	h	int	I	641865
rpb	e	int	I	641868
rpb	j	int	I	641871
rpb	d	int	I	641874
rpb	b	int	I	641877
rpb	f	int[]	[I	641880
rpb	a	int[]	[I	641883
rpb	c	int	I	641886
rpb	g	int	I	641889
rq	v	htb	Lhtb;	642108
rq	w	kja	Lkja;	642111
rq	F	tga	Ltga;	642114
rq	A	tga	Ltga;	642117
rq	x	tga	Ltga;	642120
rq	y	tga	Ltga;	642123
rq	G	java.lang.String	Ljava/lang/String;	642126
rq	C	rcb	Lrcb;	642129
rq	D	tga	Ltga;	642132
rq	E	jla	Ljla;	642135
rq	B	htb	Lhtb;	642138
rq	z	tga	Ltga;	642141
rqa	l	java.lang.String	Ljava/lang/String;	643785
rqa	k	java.lang.String	Ljava/lang/String;	643788
rqa	n	java.lang.Class[]	[Ljava/lang/Class;	643791
rqa	m	int[]	[I	643794
rrb	a	int	I	645017
rrb	b	llb	Lllb;	645020
rsa	o	llb	Lllb;	645623
rsb	e	lbb	Llbb;	646083
rsb	f	tr	Ltr;	646086
rsb	g	pe	Lpe;	646089
rsb	d	nwa	Lnwa;	646092
rt	a	int	I	647960
rt	b	int	I	647963
rt	d	int	I	647966
rt	f	ij	Lij;	647969
rt	e	dcb[]	[Ldcb;	647972
rt	c	int[][][]	[[[I	647975
rt	h	int	I	647978
rt	g	boolean	Z	647981
rta	o	gj	Lgj;	648507
rta	p	int	I	648510
rta	q	java.lang.String	Ljava/lang/String;	648513
rtb	h	llb	Lllb;	648699
rtb	j	int	I	648702
rtb	i	int	I	648705
ru	o	boolean	Z	648988
ru	p	int	I	648991
rua	q	int[]	[I	649055
rua	p	int	I	649058
rua	o	int	I	649061
rv	b	java.lang.String	Ljava/lang/String;	649166
rv	a	vca	Lvca;	649169
rw	m	short[]	[S	649524
rw	s	boolean	Z	649527
rw	j	int	I	649530
rw	o	int	I	649533
rw	k	int	I	649536
rw	n	float	F	649539
rw	t	short[]	[S	649542
rw	i	int	I	649545
rw	q	int	I	649548
rw	r	int	I	649551
rw	p	byte[]	[B	649554
rw	l	asb	Lasb;	649557
s	o	ud	Lud;	651163
sa	e	int	I	651260
sa	b	int	I	651263
sa	d	int[]	[I	651266
sa	h	int	I	651269
sa	a	int	I	651272
sa	g	int	I	651275
sa	c	int	I	651278
sa	f	int	I	651281
saa	o	vpa	Lvpa;	652140
sab	o	int	I	652236
sb	i	int	I	652937
sb	j	int	I	652940
sb	f	boolean	Z	652943
sb	g	boolean	Z	652946
sb	h	jagdx.IDirect3DTexture	Ljagdx/IDirect3DTexture;	652949
sbb	p	int	I	653685
sbb	o	int[][]	[[I	653688
sc	b	java.lang.String	Ljava/lang/String;	653917
sc	a	long	J	653920
sca	A	java.lang.String	Ljava/lang/String;	654125
sca	z	int	I	654128
sca	v	no	Lno;	654131
sca	w	int	I	654134
sca	y	boolean	Z	654137
sca	x	int	I	654140
scb	o	dja	Ldja;	654512
scb	p	java.lang.String	Ljava/lang/String;	654515
sd	j	byte[]	[B	654617
sd	g	byte[]	[B	654620
sd	e	short[]	[S	654623
sd	d	gd[]	[Lgd;	654626
sd	i	int	I	654629
sd	k	int[]	[I	654632
sd	h	cja[]	[Lcja;	654635
sd	f	byte[]	[B	654638
sda	F	int[]	[I	656475
sdb	o	java.lang.String	Ljava/lang/String;	667989
sdb	p	llb	Lllb;	667992
se	c	java.nio.ByteBuffer	Ljava/nio/ByteBuffer;	668523
se	b	java.lang.String	Ljava/lang/String;	668526
sea	o	int	I	668757
seb	o	int	I	668925
seb	p	java.lang.String	Ljava/lang/String;	668928
sf	d	int[]	[I	669281
sf	h	byte[][]	[[B	669284
sf	g	int[]	[I	669287
sf	e	int[]	[I	669290
sf	c	int[]	[I	669293
sf	f	sob	Lsob;	669296
sfa	e	int	I	670404
sfa	d	llb	Lllb;	670407
sfa	a	tj	Ltj;	670410
sfa	c	ml	Lml;	670413
sfa	b	int	I	670416
sfb	s	float	F	671221
sfb	k	f	Lf;	671224
sfb	t	float	F	671227
sfb	o	in[]	[Lin;	671230
sfb	u	float	F	671233
sfb	h	float	F	671236
sfb	v	float	F	671239
sfb	l	float	F	671242
sfb	n	float	F	671245
sfb	j	int[]	[I	671248
sfb	q	float	F	671251
sfb	m	float	F	671254
sfb	p	oka[]	[Loka;	671257
sfb	i	in[]	[Lin;	671260
sfb	r	oka[]	[Loka;	671263
sg	x	int[]	[I	672676
sg	P	int	I	672679
sg	G	int	I	672682
sg	y	boolean	Z	672685
sg	A	int	I	672688
sg	R	boolean	Z	672691
sg	L	qua	Lqua;	672694
sg	S	boa	Lboa;	672697
sg	N	int	I	672700
sg	H	int	I	672703
sg	u	int	I	672706
sg	E	int	I	672709
sg	M	int	I	672712
sg	v	int	I	672715
sg	T	boolean	Z	672718
sg	Q	int	I	672721
sg	K	boolean	Z	672724
sg	F	int	I	672727
sg	D	boolean	Z	672730
sg	I	int	I	672733
sg	J	int[]	[I	672736
sg	C	int	I	672739
sg	O	boolean	Z	672742
sg	w	boolean	Z	672745
sg	z	aoa	Laoa;	672748
sga	o	long[]	[J	677995
sga	p	boolean	Z	677998
sga	q	long	J	678001
sh	a	byte[][]	[[B	678121
sha	v	vcb	Lvcb;	678364
sha	A	boolean	Z	678367
sha	x	java.lang.String	Ljava/lang/String;	678370
sha	z	boolean	Z	678373
sha	B	vcb	Lvcb;	678376
sha	y	bk	Lbk;	678379
sha	w	int	I	678382
shb	i	int	I	679380
shb	p	java.lang.String	Ljava/lang/String;	679383
shb	o	byte[]	[B	679386
shb	h	int	I	679389
shb	e	boolean	Z	679392
shb	m	java.lang.String	Ljava/lang/String;	679395
shb	k	int	I	679398
shb	f	int	I	679401
shb	l	sba	Lsba;	679404
shb	q	wwa	Lwwa;	679407
shb	d	ar	Lar;	679410
shb	n	int	I	679413
shb	r	int	I	679416
shb	g	int	I	679419
shb	j	java.lang.String	Ljava/lang/String;	679422
shb	s	int	I	679425
si	s	int	I	681189
si	p	int	I	681192
si	r	int	I	681195
si	o	boolean[]	[Z	681198
si	q	int[]	[I	681201
sib	i	int	I	681632
sib	k	java.awt.image.ImageConsumer	Ljava/awt/image/ImageConsumer;	681635
sib	j	java.awt.image.ColorModel	Ljava/awt/image/ColorModel;	681638
sj	p	int[]	[I	682173
sj	o	int	I	682176
sja	g	int	I	682534
sja	b	int	I	682537
sja	e	sja	Lsja;	682540
sja	d	java.lang.String	Ljava/lang/String;	682543
sja	a	int	I	682546
sja	l	int	I	682549
sja	i	int	I	682552
sja	c	int	I	682555
sja	f	int	I	682558
sja	j	java.lang.String	Ljava/lang/String;	682561
sja	k	aja	Laja;	682564
sja	h	int	I	682567
ska	n	java.lang.String[]	[Ljava/lang/String;	682965
ska	m	int[]	[I	682968
ska	p	long	J	682971
ska	l	java.lang.Object	Ljava/lang/Object;	682974
ska	o	bc	Lbc;	682977
skb	p	java.lang.String	Ljava/lang/String;	683164
skb	o	bc	Lbc;	683167
skb	q	java.lang.String[]	[Ljava/lang/String;	683170
sl	c	cda[]	[Lcda;	683678
sl	b	boolean	Z	683681
sl	a	int	I	683684
sla	o	java.lang.String	Ljava/lang/String;	683928
slb	a	int	I	684024
slb	b	java.lang.String	Ljava/lang/String;	684027
sma	i	int	I	684159
sma	j	int	I	684162
smb	l	int[]	[I	684635
smb	i	int	I	684638
smb	k	int	I	684641
smb	j	int	I	684644
sn	Y	boolean	Z	685448
sn	ab	boolean	Z	685451
sn	Z	boolean	Z	685454
sn	X	rq	Lrq;	685457
sna	i	int	I	686089
so	e	phb	Lphb;	686918
so	b	int	I	686921
so	a	int	I	686924
so	c	int	I	686927
so	d	java.lang.String	Ljava/lang/String;	686930
so	f	int[]	[I	686933
soa	xb	llb	Lllb;	687357
soa	wb	llb	Lllb;	687360
soa	vb	pjb	Lpjb;	687363
sob	E	int	I	688888
sob	z	int	I	688891
sob	t	gnb	Lgnb;	688894
sob	B	boolean	Z	688897
sob	o	int	I	688900
sob	D	gpb	Lgpb;	688903
sob	w	boolean	Z	688906
sob	l	java.awt.Canvas	Ljava/awt/Canvas;	688909
sob	i	int	I	688912
sob	C	int	I	688915
sob	k	int[]	[I	688918
sob	m	int	I	688921
sob	c	al	Lal;	688924
sob	J	int	I	688927
sob	q	int	I	688930
sob	n	int	I	688933
sob	d	pfb	Lpfb;	688936
sob	G	float[]	[F	688939
sob	I	int	I	688942
sob	u	int	I	688945
sob	F	int	I	688948
sob	A	int	I	688951
sob	v	int	I	688954
sob	f	pfb	Lpfb;	688957
sob	x	co[]	[Lco;	688960
sob	s	int	I	688963
sob	j	int	I	688966
sob	p	int	I	688969
sob	H	int	I	688972
sob	h	int	I	688975
sob	g	int	I	688978
sob	e	int	I	688981
sob	r	float[]	[F	688984
sob	y	int	I	688987
sob	K	java.lang.String	Ljava/lang/String;	688990
sp	p	int[]	[I	698367
sp	o	gj	Lgj;	698370
spa	a	int	I	698472
spb	a	java.lang.String	Ljava/lang/String;	698909
sqb	p	int	I	699225
sqb	o	phb[]	[Lphb;	699228
sqb	l	int	I	699231
sqb	n	int	I	699234
sqb	q	int	I	699237
sqb	k	int	I	699240
sqb	m	int	I	699243
sr	f	int	I	699617
sr	d	int	I	699620
sr	a	boolean	Z	699623
sr	g	int	I	699626
sr	e	int	I	699629
sr	c	boolean	Z	699632
sr	b	int	I	699635
sra	a	llb	Lllb;	699925
sra	z	java.lang.String	Ljava/lang/String;	699928
ss	p	ds	Lds;	700031
ss	o	llb	Lllb;	700034
ssa	a	no	Lno;	700199
ssa	b	java.lang.String	Ljava/lang/String;	700202
ssb	c	li	Lli;	700285
ssb	d	bt	Lbt;	700288
ssb	e	jjb	Ljjb;	700291
st	o	ij	Lij;	701021
sta	p	long	J	701122
sta	o	java.lang.String	Ljava/lang/String;	701125
stb	o	java.lang.String	Ljava/lang/String;	701231
stb	p	int	I	701234
sv	f	int[]	[I	701621
sv	e	int	I	701624
sva	j	int	I	701904
sva	k	int	I	701907
sva	m	int	I	701910
sva	l	int	I	701913
sva	i	int	I	701916
sva	n	int	I	701919
sw	a	int	I	702516
sw	e	int	I	702519
sw	d	int	I	702522
sw	g	byte[][]	[[B	702525
sw	c	int	I	702528
sw	b	byte[]	[B	702531
sw	f	boolean	Z	702534
t	e	java.lang.String	Ljava/lang/String;	705338
t	d	int[]	[I	705341
t	b	int[]	[I	705344
t	a	int	I	705347
t	f	int	I	705350
t	c	long	J	705353
ta	a	dja	Ldja;	705588
ta	b	int[]	[I	705591
tab	o	java.lang.String	Ljava/lang/String;	706009
tab	p	int[][]	[[I	706012
tb	a	llb	Lllb;	706114
tb	b	int	I	706117
tb	z	java.lang.String	Ljava/lang/String;	706120
tba	o	int	I	706165
tba	p	int	I	706168
tba	q	asb	Lasb;	706171
tbb	d	int[]	[I	706494
tbb	f	int[]	[I	706497
tbb	c	int	I	706500
tbb	b	int[]	[I	706503
tbb	a	int	I	706506
tbb	g	int	I	706509
tbb	e	int[]	[I	706512
tc	c	gj	Lgj;	707594
tc	a	boolean	Z	707597
tc	b	boolean[][]	[[Z	707600
tca	o	java.lang.String	Ljava/lang/String;	707786
tcb	p	byte	B	707878
tcb	q	int	I	707881
tcb	o	int	I	707884
tda	O	java.lang.String	Ljava/lang/String;	708162
tda	P	htb	Lhtb;	708165
tda	J	shb	Lshb;	708168
tda	M	java.lang.String	Ljava/lang/String;	708171
tda	L	long	J	708174
tda	N	htb	Lhtb;	708177
tda	K	int	I	708180
tdb	o	float[]	[F	708852
tdb	p	java.lang.String	Ljava/lang/String;	708855
te	o	dja	Ldja;	708962
tea	d	uja	Luja;	709131
tea	b	int	I	709134
tea	c	java.lang.String	Ljava/lang/String;	709137
tea	a	java.lang.String	Ljava/lang/String;	709140
teb	b	int[]	[I	709262
tfa	j	int	I	709714
tfa	n	int	I	709717
tfa	k	int[]	[I	709720
tfa	h	int	I	709723
tfa	e	int	I	709726
tfa	b	int	I	709729
tfa	f	int	I	709732
tfa	l	int	I	709735
tfa	m	int	I	709738
tfa	g	sg	Lsg;	709741
tfa	i	int[]	[I	709744
tfa	c	int	I	709747
tfa	d	int	I	709750
tfb	o	int[]	[I	711740
tg	p	qrb	Lqrb;	720093
tg	q	int	I	720096
tg	o	int	I	720099
tg	s	java.lang.String	Ljava/lang/String;	720102
tg	r	java.lang.String	Ljava/lang/String;	720105
tga	N	boolean	Z	720529
tga	O	eeb	Leeb;	720532
tga	L	int	I	720535
tga	M	java.lang.String[]	[Ljava/lang/String;	720538
tgb	c	int[]	[I	720941
tgb	d	java.lang.String	Ljava/lang/String;	720944
th	o	int	I	721037
tha	o	tjb	Ltjb;	721102
tha	p	int	I	721105
thb	o	java.lang.String	Ljava/lang/String;	721208
ti	d	jjb	Ljjb;	721358
ti	k	java.lang.String	Ljava/lang/String;	721361
ti	e	boolean	Z	721364
ti	g	java.lang.String	Ljava/lang/String;	721367
ti	j	boolean	Z	721370
ti	f	of	Lof;	721373
ti	c	java.lang.Object	Ljava/lang/Object;	721376
ti	i	java.lang.String	Ljava/lang/String;	721379
ti	h	java.lang.String	Ljava/lang/String;	721382
tia	D	int	I	721992
tia	M	llb	Lllb;	721995
tia	F	nva	Lnva;	721998
tia	G	java.lang.String	Ljava/lang/String;	722001
tia	H	int	I	722004
tia	J	int[]	[I	722007
tia	C	long	J	722010
tia	L	java.lang.Object[]	[Ljava/lang/Object;	722013
tia	K	java.lang.String	Ljava/lang/String;	722016
tia	I	int	I	722019
tia	E	no	Lno;	722022
tib	f	java.lang.String	Ljava/lang/String;	722825
tib	g	boolean	Z	722828
tib	h	mma	Lmma;	722831
tib	i	byte[]	[B	722834
tj	n	int	I	723209
tj	j	int	I	723212
tj	r	java.lang.String	Ljava/lang/String;	723215
tj	q	int	I	723218
tj	i	int	I	723221
tj	o	int	I	723224
tj	l	int	I	723227
tj	k	java.lang.String[]	[Ljava/lang/String;	723230
tj	p	int	I	723233
tj	m	int	I	723236
tja	b	java.lang.String	Ljava/lang/String;	725794
tja	c	bha[]	[Lbha;	725797
tja	a	soa	Lsoa;	725800
tjb	Jb	int	I	726796
tjb	Cb	java.lang.String	Ljava/lang/String;	726799
tjb	wb	int	I	726802
tjb	zb	int	I	726805
tjb	Ib	int	I	726808
tjb	Hb	int	I	726811
tjb	Eb	int	I	726814
tjb	Gb	int	I	726817
tjb	vb	int	I	726820
tjb	yb	char[]	[C	726823
tjb	Db	tjb[]	[Ltjb;	726826
tjb	Fb	int	I	726829
tjb	xb	tjb	Ltjb;	726832
tjb	Bb	cna[]	[Lcna;	726835
tjb	Ab	int[]	[I	726838
tk	p	bi	Lbi;	728279
tk	o	int	I	728282
tka	b	int[]	[I	728391
tka	a	int[]	[I	728394
tkb	p	int	I	728597
tkb	o	java.lang.String	Ljava/lang/String;	728600
tl	p	int	I	728895
tl	q	java.lang.String	Ljava/lang/String;	728898
tl	o	java.lang.String	Ljava/lang/String;	728901
tla	b	int	I	729462
tla	k	java.lang.String	Ljava/lang/String;	729465
tla	j	int	I	729468
tla	g	qfa	Lqfa;	729471
tla	e	im	Lim;	729474
tla	h	java.lang.String	Ljava/lang/String;	729477
tla	a	int	I	729480
tla	l	boolean	Z	729483
tla	f	im	Lim;	729486
tla	c	boolean	Z	729489
tla	d	int	I	729492
tla	i	int	I	729495
tlb	c	boolean	Z	731755
tlb	d	boolean	Z	731758
tlb	e	int	I	731761
tlb	b	int	I	731764
tlb	a	int	I	731767
tm	o	int[][]	[[I	732044
tm	p	java.lang.String	Ljava/lang/String;	732047
tma	r	ij	Lij;	732197
tma	q	slb	Lslb;	732200
tma	o	java.lang.String	Ljava/lang/String;	732203
tma	p	uja	Luja;	732206
tmb	o	int	I	732549
tn	b	java.lang.String	Ljava/lang/String;	732702
tn	a	int	I	732705
tna	o	int	I	732765
tnb	o	int	I	732883
tnb	p	java.lang.String	Ljava/lang/String;	732886
to	o	clb	Lclb;	733162
to	p	java.lang.String[]	[Ljava/lang/String;	733165
to	q	java.lang.String	Ljava/lang/String;	733168
toa	a	int	I	733312
toa	b	int	I	733315
toa	c	int[]	[I	733318
tob	l	java.lang.String	Ljava/lang/String;	733729
tob	o	dja	Ldja;	733732
tob	n	long	J	733735
tob	m	int	I	733738
tob	k	qfa	Lqfa;	733741
tpa	a	ri	Lri;	734096
tpa	e	java.lang.String[]	[Ljava/lang/String;	734099
tpa	d	int	I	734102
tpa	g	boolean	Z	734105
tpa	c	boolean	Z	734108
tpa	b	int	I	734111
tpa	f	java.lang.String	Ljava/lang/String;	734114
tpb	a	int	I	734192
tpb	b	ml	Lml;	734195
tq	o	java.lang.String[]	[Ljava/lang/String;	734291
tqa	o	java.lang.String	Ljava/lang/String;	734387
tr	b	java.lang.String	Ljava/lang/String;	734522
tr	a	int[]	[I	734525
tra	o	llb	Lllb;	735141
tra	p	float[]	[F	735144
ts	b	qfa	Lqfa;	735610
ts	c	long	J	735613
ts	a	java.lang.String	Ljava/lang/String;	735616
tsa	d	java.lang.String	Ljava/lang/String;	735987
tsa	e	int	I	735990
tsa	h	int	I	735993
tsa	g	int	I	735996
tsa	f	ij	Lij;	735999
tsb	p	java.lang.String	Ljava/lang/String;	736502
tsb	o	java.lang.String[]	[Ljava/lang/String;	736505
tsb	q	boolean	Z	736508
tt	d	int	I	736615
tt	a	java.lang.String	Ljava/lang/String;	736618
tt	c	dja	Ldja;	736621
tt	b	int	I	736624
tta	o	java.lang.String	Ljava/lang/String;	737535
tta	p	int	I	737538
ttb	F	phb	Lphb;	737732
ttb	t	int	I	737735
ttb	E	int	I	737738
ttb	C	phb[]	[Lphb;	737741
ttb	A	int	I	737744
ttb	u	phb	Lphb;	737747
ttb	H	int	I	737750
ttb	x	boolean	Z	737753
ttb	y	phb	Lphb;	737756
ttb	G	int	I	737759
ttb	v	int	I	737762
ttb	B	char	C	737765
ttb	z	java.lang.String	Ljava/lang/String;	737768
ttb	w	int	I	737771
tu	b	jra	Ljra;	738873
tu	d	int	I	738876
tu	c	char[]	[C	738879
tu	a	wi	Lwi;	738882
tua	a	int	I	739089
tua	b	java.lang.String	Ljava/lang/String;	739092
tua	z	java.lang.String	Ljava/lang/String;	739095
tw	a	boa	Lboa;	739166
tw	d	so	Lso;	739169
tw	e	twa	Ltwa;	739172
tw	f	caa[]	[Lcaa;	739175
tw	b	int	I	739178
tw	c	dv	Ldv;	739181
twa	a	int	I	740417
twa	b	java.lang.String[]	[Ljava/lang/String;	740420
u	p	int	I	740844
u	s	java.lang.String	Ljava/lang/String;	740847
u	r	int	I	740850
u	q	float	F	740853
u	o	java.lang.String	Ljava/lang/String;	740856
ua	o	int	I	740964
uaa	o	int	I	741291
uaa	p	java.lang.String	Ljava/lang/String;	741294
uab	a	java.lang.String	Ljava/lang/String;	741544
uab	b	int	I	741547
ub	g	java.lang.String	Ljava/lang/String;	741676
ub	f	int[]	[I	741679
ub	d	java.lang.String[]	[Ljava/lang/String;	741682
ub	e	clb	Lclb;	741685
ub	h	java.lang.String	Ljava/lang/String;	741688
ubb	l	int	I	742376
ubb	m	int	I	742379
ubb	j	phb	Lphb;	742382
ubb	k	java.lang.String	Ljava/lang/String;	742385
uc	a	java.lang.String	Ljava/lang/String;	743620
uca	e	int[]	[I	743726
uca	I	int	I	743729
uca	y	int	I	743732
uca	c	int[]	[I	743735
uca	a	int[]	[I	743738
uca	C	int	I	743741
uca	p	int	I	743744
uca	k	int	I	743747
uca	q	boolean[]	[Z	743750
uca	u	int	I	743753
uca	x	boolean	Z	743756
uca	K	npb	Lnpb;	743759
uca	U	int	I	743762
uca	s	boolean	Z	743765
uca	Z	hw	Lhw;	743768
uca	Q	int	I	743771
uca	T	boolean	Z	743774
uca	h	boolean	Z	743777
uca	d	int	I	743780
uca	R	int	I	743783
uca	j	int[]	[I	743786
uca	A	int	I	743789
uca	M	int	I	743792
uca	f	boolean	Z	743795
uca	ab	boolean	Z	743798
uca	L	int	I	743801
uca	G	boolean	Z	743804
uca	X	boolean	Z	743807
uca	N	boolean	Z	743810
uca	r	int	I	743813
uca	F	int	I	743816
uca	W	sg	Lsg;	743819
uca	Y	int[]	[I	743822
uca	B	int	I	743825
uca	D	java.lang.String	Ljava/lang/String;	743828
uca	z	boolean	Z	743831
uca	o	int	I	743834
uca	w	float	F	743837
uca	H	int	I	743840
uca	m	oma	Loma;	743843
uca	v	bv	Lbv;	743846
uca	J	int	I	743849
uca	t	int	I	743852
uca	n	boolean	Z	743855
uca	g	int	I	743858
uca	l	boolean	Z	743861
uca	E	ij	Lij;	743864
uca	S	int	I	743867
uca	i	int	I	743870
uca	V	int[]	[I	743873
uca	P	ij	Lij;	743876
uca	b	hw	Lhw;	743879
uca	O	int	I	743882
ucb	a	int	I	773371
ucb	b	int	I	773374
ud	R	java.lang.String	Ljava/lang/String;	773573
uda	c	java.lang.String	Ljava/lang/String;	773669
uda	b	int	I	773672
uda	d	pf	Lpf;	773675
uda	a	java.lang.String	Ljava/lang/String;	773678
ue	b	jp	Ljp;	774150
ue	c	java.lang.String	Ljava/lang/String;	774153
ue	a	int	I	774156
ue	d	long	J	774159
uea	r	vv	Lvv;	774600
uea	q	vv[]	[Lvv;	774603
uea	p	java.lang.String	Ljava/lang/String;	774606
ueb	o	java.lang.String	Ljava/lang/String;	775651
uf	B	int	I	775755
uf	I	boolean	Z	775758
uf	D	long	J	775761
uf	J	long	J	775764
uf	G	boolean	Z	775767
uf	H	int	I	775770
uf	E	java.awt.Frame	Ljava/awt/Frame;	775773
uf	C	int	I	775776
uf	F	java.lang.String	Ljava/lang/String;	775779
uf	K	int	I	775782
ufa	p	char[]	[C	778043
ufa	o	boolean	Z	778046
ufb	a	boolean	Z	778236
ufb	b	java.awt.Frame	Ljava/awt/Frame;	778239
ufb	d	java.lang.String[]	[Ljava/lang/String;	778242
ufb	c	java.lang.String	Ljava/lang/String;	778245
ug	o	java.lang.Object[]	[Ljava/lang/Object;	778402
uga	k	float	F	782178
uga	j	vab	Lvab;	782181
uga	f	float[]	[F	782184
uga	h	llb	Lllb;	782187
uga	c	int	I	782190
uga	d	boolean	Z	782193
uga	i	jjb	Ljjb;	782196
uga	g	fdb	Lfdb;	782199
uga	e	bt	Lbt;	782202
uh	r	java.lang.String	Ljava/lang/String;	783349
uh	p	int	I	783352
uh	o	java.lang.String	Ljava/lang/String;	783355
uh	q	int	I	783358
uha	c	int[]	[I	783463
uha	d	int[]	[I	783466
uha	a	int	I	783469
uha	b	int	I	783472
uhb	o	java.lang.String	Ljava/lang/String;	783545
uia	b	int	I	784447
uia	a	java.lang.String	Ljava/lang/String;	784450
uia	z	java.lang.String	Ljava/lang/String;	784453
uib	o	dja	Ldja;	784505
uib	p	int[]	[I	784508
uj	a	boolean[]	[Z	784616
uj	b	java.lang.String	Ljava/lang/String;	784619
uj	c	java.lang.String	Ljava/lang/String;	784622
uja	b	int	I	784896
uja	a	java.lang.String	Ljava/lang/String;	784899
ujb	j	boolean	Z	785070
ujb	a	java.lang.String	Ljava/lang/String;	785073
ujb	i	java.lang.String	Ljava/lang/String;	785076
ujb	g	int	I	785079
ujb	h	int	I	785082
ujb	e	java.lang.String	Ljava/lang/String;	785085
ujb	b	int	I	785088
ujb	f	asb	Lasb;	785091
ujb	d	java.lang.String	Ljava/lang/String;	785094
ujb	c	int	I	785097
uk	a	java.lang.String	Ljava/lang/String;	785507
uka	o	java.lang.String	Ljava/lang/String;	785818
uka	p	java.lang.String[]	[Ljava/lang/String;	785821
ukb	q	java.lang.String	Ljava/lang/String;	785926
ukb	o	llb	Lllb;	785929
ukb	p	java.lang.String	Ljava/lang/String;	785932
ul	b	llb[]	[Lllb;	786343
ul	a	int	I	786346
ula	o	java.lang.String	Ljava/lang/String;	786649
um	a	byte[]	[B	787027
um	c	int[]	[I	787030
um	d	boolean	Z	787033
um	b	int	I	787036
uma	h	int	I	787409
uma	i	int	I	787412
uma	f	int	I	787415
uma	g	int	I	787418
umb	d	llb	Lllb;	787688
umb	g	int	I	787691
umb	e	boolean	Z	787694
umb	f	int	I	787697
un	h	int[]	[I	788128
una	f	java.lang.String	Ljava/lang/String;	788391
una	g	int	I	788394
una	c	int	I	788397
una	b	bba[]	[Lbba;	788400
una	a	java.lang.String	Ljava/lang/String;	788403
una	d	int[]	[I	788406
una	e	int	I	788409
unb	o	boolean	Z	790347
unb	p	int	I	790350
uo	o	int	I	790424
uoa	b	int	I	790821
uoa	a	int	I	790824
uob	d	boolean	Z	791710
uob	f	java.lang.String	Ljava/lang/String;	791713
uob	e	boolean	Z	791716
uob	c	bt	Lbt;	791719
uob	g	int[][]	[[I	791722
up	p	java.lang.String	Ljava/lang/String;	792345
up	o	khb	Lkhb;	792348
upa	a	boolean	Z	792568
upb	c	boolean	Z	792686
upb	a	int	I	792689
upb	b	java.lang.String	Ljava/lang/String;	792692
uqa	p	int	I	792862
uqa	q	dja	Ldja;	792865
uqa	o	int[]	[I	792868
uqb	f	boolean	Z	792969
uqb	h	int	I	792972
uqb	e	int	I	792975
uqb	d	pwa	Lpwa;	792978
uqb	g	boolean	Z	792981
urb	p	java.lang.String	Ljava/lang/String;	794266
urb	o	qca	Lqca;	794269
us	f	int	I	794372
us	g	long	J	794375
us	d	pfb	Lpfb;	794378
us	e	java.lang.String	Ljava/lang/String;	794381
usa	o	voa	Lvoa;	794550
usb	v	int[]	[I	794649
usb	y	int[]	[I	794652
usb	B	int	I	794655
usb	z	int	I	794658
usb	A	int[]	[I	794661
usb	w	int	I	794664
usb	x	int	I	794667
ut	a	java.lang.String	Ljava/lang/String;	796412
uta	q	int[]	[I	796518
uta	p	java.lang.String	Ljava/lang/String;	796521
uta	o	java.lang.String	Ljava/lang/String;	796524
uu	c	java.lang.String	Ljava/lang/String;	796832
uu	b	java.awt.Canvas	Ljava/awt/Canvas;	796835
uu	a	int	I	796838
uua	p	java.lang.String	Ljava/lang/String;	797085
uua	o	int	I	797088
uv	c	int	I	797195
uv	m	int	I	797198
uv	l	int	I	797201
uv	n	int	I	797204
uv	j	no	Lno;	797207
uv	e	int	I	797210
uv	k	int	I	797213
uv	b	int	I	797216
uv	d	int	I	797219
uv	i	int	I	797222
uv	f	java.lang.String	Ljava/lang/String;	797225
uv	a	int[]	[I	797228
uv	g	int	I	797231
uv	h	int	I	797234
uva	e	int	I	797751
uva	d	int	I	797754
uva	h	boolean	Z	797757
uva	f	int[]	[I	797760
uva	g	int	I	797763
uva	i	int[]	[I	797766
uw	d	java.lang.String	Ljava/lang/String;	797882
uwa	c	int	I	798272
uwa	i	int	I	798275
uwa	f	int	I	798278
uwa	g	int	I	798281
uwa	h	int	I	798284
uwa	d	int	I	798287
uwa	b	int	I	798290
uwa	a	int	I	798293
uwa	e	anb	Lanb;	798296
v	E	int	I	798671
v	F	int	I	798674
v	G	hma	Lhma;	798677
v	C	int	I	798680
vaa	o	java.lang.String	Ljava/lang/String;	799453
vab	b	int	I	799554
vab	a	java.lang.String	Ljava/lang/String;	799557
vab	c	qfa	Lqfa;	799560
vba	q	int[]	[I	799783
vba	s	int[]	[I	799786
vba	o	int[]	[I	799789
vba	r	int[]	[I	799792
vba	p	int[][]	[[I	799795
vba	t	java.lang.String	Ljava/lang/String;	799798
vbb	o	int[]	[I	800258
vbb	p	boolean	Z	800261
vc	o	int	I	801080
vc	p	int	I	801083
vcb	A	htb	Lhtb;	801218
vcb	G	boolean	Z	801221
vcb	y	boolean	Z	801224
vcb	N	htb	Lhtb;	801227
vcb	J	int	I	801230
vcb	K	int	I	801233
vcb	C	htb	Lhtb;	801236
vcb	F	int	I	801239
vcb	x	int	I	801242
vcb	w	boolean	Z	801245
vcb	B	int	I	801248
vcb	L	int	I	801251
vcb	P	ef	Lef;	801254
vcb	H	int	I	801257
vcb	D	htb	Lhtb;	801260
vcb	E	byte[][]	[[B	801263
vcb	z	dja	Ldja;	801266
vcb	M	int	I	801269
vcb	v	htb	Lhtb;	801272
vda	o	java.lang.String	Ljava/lang/String;	804209
vda	q	java.lang.String	Ljava/lang/String;	804212
vda	p	java.lang.String	Ljava/lang/String;	804215
vdb	d	int	I	804525
ve	p	int	I	804818
ve	o	int	I	804821
vea	o	long[]	[J	804977
vea	p	soa	Lsoa;	804980
veb	c	java.lang.String	Ljava/lang/String;	805126
veb	b	int	I	805129
veb	a	java.lang.String	Ljava/lang/String;	805132
veb	z	java.lang.String	Ljava/lang/String;	805135
vf	a	kba	Lkba;	805184
vf	b	uq	Luq;	805187
vfa	r	int	I	805318
vfa	c	int	I	805321
vfa	h	int	I	805324
vfa	m	int	I	805327
vfa	s	int	I	805330
vfa	f	int	I	805333
vfa	o	int	I	805336
vfa	n	int	I	805339
vfa	q	int	I	805342
vfa	p	ij	Lij;	805345
vfa	t	int	I	805348
vfa	j	float	F	805351
vfa	i	int	I	805354
vfa	l	int	I	805357
vfa	g	int	I	805360
vfa	a	nka	Lnka;	805363
vfa	e	int	I	805366
vfa	d	phb[]	[Lphb;	805369
vfa	k	int	I	805372
vfa	b	boolean	Z	805375
vfb	a	java.lang.String	Ljava/lang/String;	806296
vg	o	java.util.Random	Ljava/util/Random;	806412
vg	p	java.lang.String[]	[Ljava/lang/String;	806415
vga	b	int	I	806516
vga	c	fh	Lfh;	806519
vga	d	int	I	806522
vga	a	fh	Lfh;	806525
vgb	p	int[]	[I	807215
vgb	q	java.lang.String	Ljava/lang/String;	807218
vgb	o	int	I	807221
vh	c	llb[]	[Lllb;	807325
vh	a	fh	Lfh;	807328
vh	b	fh	Lfh;	807331
vha	o	java.lang.String[]	[Ljava/lang/String;	807732
vha	p	int	I	807735
vhb	c	llb	Lllb;	807842
vhb	d	bc	Lbc;	807845
vhb	z	java.lang.String	Ljava/lang/String;	807848
vi	o	int	I	807894
vi	p	int	I	807897
via	a	phb[]	[Lphb;	807996
via	b	int	I	807999
vib	c	int	I	808471
vib	d	int	I	808474
vib	b	phb	Lphb;	808477
vib	a	int	I	808480
vib	z	java.lang.String	Ljava/lang/String;	808483
vj	q	llb	Lllb;	808534
vj	o	java.lang.String	Ljava/lang/String;	808537
vj	p	java.lang.String	Ljava/lang/String;	808540
vja	a	int	I	808715
vjb	a	boolean	Z	808799
vjb	b	sfb	Lsfb;	808802
vjb	c	java.lang.String	Ljava/lang/String;	808805
vk	o	java.lang.String	Ljava/lang/String;	808899
vka	e	mia	Lmia;	809141
vka	g	int	I	809144
vka	k	long	J	809147
vka	a	boolean	Z	809150
vka	u	int	I	809153
vka	b	int[]	[I	809156
vka	m	f	Lf;	809159
vka	o	int	I	809162
vka	l	int	I	809165
vka	j	f[]	[Lf;	809168
vka	i	f[]	[Lf;	809171
vka	f	long	J	809174
vka	h	int	I	809177
vka	t	long	J	809180
vka	s	int	I	809183
vka	n	int	I	809186
vka	q	boolean	Z	809189
vka	c	int	I	809192
vka	d	int	I	809195
vka	r	boolean	Z	809198
vka	p	int	I	809201
vl	p	mma	Lmma;	810750
vl	q	java.lang.String	Ljava/lang/String;	810753
vl	o	int	I	810756
vla	E	java.lang.String	Ljava/lang/String;	810994
vla	x	htb	Lhtb;	810997
vla	B	boolean	Z	811000
vla	A	htb	Lhtb;	811003
vla	v	java.lang.String	Ljava/lang/String;	811006
vla	G	uf	Luf;	811009
vla	F	boolean	Z	811012
vla	w	boolean	Z	811015
vla	C	java.lang.String	Ljava/lang/String;	811018
vla	y	uf	Luf;	811021
vla	z	htb	Lhtb;	811024
vlb	a	llb	Lllb;	812327
vm	q	java.lang.String	Ljava/lang/String;	812446
vm	o	int	I	812449
vm	k	short[]	[S	812452
vm	i	int	I	812455
vm	j	byte[]	[B	812458
vm	n	int	I	812461
vm	l	int	I	812464
vm	p	int	I	812467
vm	m	int	I	812470
vma	z	java.lang.String	Ljava/lang/String;	813431
vmb	a	int[]	[I	813554
vmb	z	java.lang.String	Ljava/lang/String;	813557
vn	k	int	I	813608
vn	m	int	I	813611
vn	i	java.lang.String	Ljava/lang/String;	813614
vn	l	int	I	813617
vn	j	int	I	813620
vnb	p	int	I	814122
vnb	o	java.lang.String	Ljava/lang/String;	814125
vo	o	java.lang.String	Ljava/lang/String;	814225
voa	d	int	I	814323
voa	b	int	I	814326
voa	c	pfb	Lpfb;	814329
voa	e	asb	Lasb;	814332
voa	a	asb	Lasb;	814335
vob	r	no	Lno;	814544
vob	q	java.lang.String	Ljava/lang/String;	814547
vob	o	boolean[]	[Z	814550
vob	p	int	I	814553
vp	c	int	I	814744
vp	d	int	I	814747
vp	e	ri	Lri;	814750
vpa	b	eab	Leab;	815632
vpa	a	hkb[]	[Lhkb;	815635
vpb	o	java.lang.String	Ljava/lang/String;	816226
vq	v	int	I	816332
vq	x	fab	Lfab;	816335
vq	z	wta	Lwta;	816338
vq	y	java.lang.String	Ljava/lang/String;	816341
vq	w	java.lang.String	Ljava/lang/String;	816344
vqa	k	int	I	816792
vqa	i	goa	Lgoa;	816795
vqa	f	java.lang.String	Ljava/lang/String;	816798
vqa	g	uca	Luca;	816801
vqa	j	java.lang.String	Ljava/lang/String;	816804
vqa	h	uf	Luf;	816807
vqb	o	llb	Lllb;	817079
vra	c	int	I	817635
vra	e	int	I	817638
vra	a	int	I	817641
vra	d	int	I	817644
vra	b	wdb	Lwdb;	817647
vra	z	java.lang.String	Ljava/lang/String;	817650
vs	o	java.lang.String	Ljava/lang/String;	819069
vsa	p	phb[]	[Lphb;	819177
vsa	r	gdb	Lgdb;	819180
vsa	o	java.lang.String	Ljava/lang/String;	819183
vsa	q	java.lang.String	Ljava/lang/String;	819186
vsa	s	java.lang.String	Ljava/lang/String;	819189
vsb	e	rga	Lrga;	819307
vsb	f	jp	Ljp;	819310
vsb	g	gla	Lgla;	819313
vt	o	int	I	819764
vtb	o	dja	Ldja;	819906
vu	zb	byte[]	[B	820013
vu	yb	int	I	820016
vu	wb	llb	Lllb;	820019
vu	xb	boolean	Z	820022
vu	Eb	llb	Lllb;	820025
vu	Cb	java.lang.String	Ljava/lang/String;	820028
vu	Ab	java.lang.String	Ljava/lang/String;	820031
vu	Bb	llb	Lllb;	820034
vu	vb	java.lang.String	Ljava/lang/String;	820037
vu	Db	int	I	820040
vu	Fb	java.lang.String	Ljava/lang/String;	820043
vv	i	int	I	820426
vv	h	int	I	820429
vv	b	phb[]	[Lphb;	820432
vv	e	phb	Lphb;	820435
vv	g	int	I	820438
vv	d	boolean	Z	820441
vv	f	int	I	820444
vv	a	java.lang.String	Ljava/lang/String;	820447
vv	c	int	I	820450
vv	j	int	I	820453
vva	r	llb	Lllb;	821357
vva	s	int	I	821360
vva	p	int	I	821363
vva	u	byte[]	[B	821366
vva	t	int	I	821369
vva	q	phb[]	[Lphb;	821372
vw	a	llb	Lllb;	821635
vw	z	java.lang.String	Ljava/lang/String;	821638
vwa	p	int	I	821682
vwa	o	java.lang.String	Ljava/lang/String;	821685
w	y	int	I	821781
w	w	htb	Lhtb;	821784
w	v	dja	Ldja;	821787
w	z	sn	Lsn;	821790
w	x	kja	Lkja;	821793
wa	a	j	Lj;	822375
wa	b	xa	Lxa;	822378
waa	v	rcb	Lrcb;	822395
waa	A	tga	Ltga;	822398
waa	y	java.lang.String	Ljava/lang/String;	822401
waa	w	java.lang.String[]	[Ljava/lang/String;	822404
waa	x	java.lang.String	Ljava/lang/String;	822407
waa	D	java.lang.String[]	[Ljava/lang/String;	822410
waa	z	htb	Lhtb;	822413
waa	C	htb	Lhtb;	822416
wba	o	int[]	[I	824263
wba	p	ge	Lge;	824266
wc	c	ij	Lij;	824609
wc	d	java.lang.String	Ljava/lang/String;	824612
wc	a	dja	Ldja;	824615
wc	b	ksa	Lksa;	824618
wca	c	java.lang.String	Ljava/lang/String;	825046
wca	b	dla	Ldla;	825049
wcb	g	jagdx.IDirect3DVertexShader	Ljagdx/IDirect3DVertexShader;	825426
wcb	h	float[]	[F	825429
wcb	f	rga	Lrga;	825432
wcb	e	nla	Lnla;	825435
wd	p	gj	Lgj;	826077
wd	o	gl	Lgl;	826080
wda	r	java.lang.String	Ljava/lang/String;	826191
wda	q	int	I	826194
wda	p	int	I	826197
wda	s	int	I	826200
wda	o	kba	Lkba;	826203
wdb	Ab	llb	Lllb;	826467
wdb	zb	llb	Lllb;	826470
wdb	vb	int	I	826473
wdb	xb	soa	Lsoa;	826476
wdb	wb	llb	Lllb;	826479
wdb	yb	llb	Lllb;	826482
we	o	float[]	[F	826880
wea	o	java.lang.String	Ljava/lang/String;	826989
web	p	java.lang.String	Ljava/lang/String;	827155
web	o	no	Lno;	827158
wf	e	int	I	827330
wf	c	int	I	827333
wf	d	int	I	827336
wf	a	phb	Lphb;	827339
wf	b	ae	Lae;	827342
wfa	F	int[]	[I	831747
wfb	p	int	I	843984
wfb	u	int	I	843987
wfb	A	int[][]	[[I	843990
wfb	c	qjb	Lqjb;	843993
wfb	n	int	I	843996
wfb	a	int	I	843999
wfb	e	kma	Lkma;	844002
wfb	r	boolean	Z	844005
wfb	o	lsb[]	[Llsb;	844008
wfb	k	boolean	Z	844011
wfb	x	lja	Llja;	844014
wfb	s	boolean	Z	844017
wfb	i	int	I	844020
wfb	g	mua	Lmua;	844023
wfb	q	int	I	844026
wfb	y	int	I	844029
wfb	h	int	I	844032
wfb	b	int	I	844035
wfb	w	int[][]	[[I	844038
wfb	t	aqa	Laqa;	844041
wfb	z	int	I	844044
wfb	j	int	I	844047
wfb	f	boolean	Z	844050
wfb	B	int	I	844053
wfb	v	int[]	[I	844056
wfb	m	boolean	Z	844059
wfb	l	int	I	844062
wfb	d	int	I	844065
wg	p	java.lang.String	Ljava/lang/String;	844897
wg	o	java.lang.String	Ljava/lang/String;	844900
wga	a	lwa	Llwa;	845089
wgb	g	boolean	Z	845294
wgb	h	java.lang.String	Ljava/lang/String;	845297
wgb	i	anb	Lanb;	845300
wgb	f	int	I	845303
wh	p	lpb	Llpb;	845573
wh	o	kb	Lkb;	845576
wh	n	int	I	845579
wha	a	int	I	847028
whb	c	dja	Ldja;	848376
whb	b	ub	Lub;	848379
whb	d	java.lang.String	Ljava/lang/String;	848382
whb	a	int	I	848385
wi	c	boolean	Z	849002
wi	g	boolean	Z	849005
wi	i	boolean	Z	849008
wi	h	boolean	Z	849011
wi	k	boolean	Z	849014
wi	n	int	I	849017
wi	l	int	I	849020
wi	e	boolean	Z	849023
wi	d	int	I	849026
wi	j	boolean	Z	849029
wi	m	int	I	849032
wi	a	int	I	849035
wi	f	boolean	Z	849038
wi	b	int	I	849041
wia	b	java.lang.String	Ljava/lang/String;	850734
wia	a	boolean	Z	850737
wia	z	java.lang.String	Ljava/lang/String;	850740
wj	q	swa	Lswa;	850787
wj	p	int	I	850790
wj	o	int	I	850793
wja	b	int	I	850899
wja	a	int	I	850902
wja	c	java.lang.String[]	[Ljava/lang/String;	850905
wja	z	java.lang.String	Ljava/lang/String;	850908
wjb	p	int	I	850953
wjb	o	char[]	[C	850956
wk	b	float[]	[F	851456
wk	a	int	I	851459
wka	d	int	I	851723
wkb	c	int	I	851743
wkb	b	int	I	851746
wkb	e	java.lang.String[]	[Ljava/lang/String;	851749
wkb	a	int	I	851752
wkb	d	java.lang.String[]	[Ljava/lang/String;	851755
wl	q	int	I	852158
wl	o	java.lang.String	Ljava/lang/String;	852161
wl	p	java.lang.String	Ljava/lang/String;	852164
wlb	q	dja	Ldja;	853398
wlb	p	int	I	853401
wlb	o	int	I	853404
wm	a	boolean	Z	862985
wm	b	java.lang.String	Ljava/lang/String;	862988
wma	F	boolean	Z	863838
wma	u	int	I	863841
wma	K	short[]	[S	863844
wma	l	int[]	[I	863847
wma	i	short[]	[S	863850
wma	y	short	S	863853
wma	g	int[]	[I	863856
wma	w	short[]	[S	863859
wma	L	short	S	863862
wma	I	short[]	[S	863865
wma	n	short[]	[S	863868
wma	C	int[]	[I	863871
wma	s	int	I	863874
wma	q	int	I	863877
wma	e	int[]	[I	863880
wma	m	short[]	[S	863883
wma	H	int[]	[I	863886
wma	p	short[]	[S	863889
wma	t	int[]	[I	863892
wma	b	short[]	[S	863895
wma	D	short[]	[S	863898
wma	v	short[]	[S	863901
wma	x	int[]	[I	863904
wma	h	int[]	[I	863907
wma	o	short[]	[S	863910
wma	M	java.lang.String	Ljava/lang/String;	863913
wma	N	short[]	[S	863916
wma	B	int	I	863919
wma	E	byte[]	[B	863922
wma	z	byte	B	863925
wma	c	short[]	[S	863928
wma	J	short	S	863931
wma	r	short[]	[S	863934
wma	A	int[]	[I	863937
wma	f	short[]	[S	863940
wma	a	int	I	863943
wma	k	short[]	[S	863946
wma	d	int	I	863949
wma	j	short[]	[S	863952
wma	G	short[]	[S	863955
wna	b	int	I	864616
wna	d	int	I	864619
wna	c	tpb	Ltpb;	864622
wna	e	boolean	Z	864625
wna	a	java.lang.String	Ljava/lang/String;	864628
wnb	o	phb[]	[Lphb;	865098
wnb	p	java.lang.String	Ljava/lang/String;	865101
wnb	q	int	I	865104
wnb	r	java.lang.String	Ljava/lang/String;	865107
wo	p	llb	Lllb;	865404
wo	o	boolean	Z	865407
woa	c	int	I	865565
woa	a	int	I	865568
woa	b	int	I	865571
woa	d	float[]	[F	865574
woa	e	java.lang.String	Ljava/lang/String;	865577
wob	p	int	I	865748
wob	o	int	I	865751
wp	a	int	I	866011
wp	b	int	I	866014
wpa	q	java.lang.Object	Ljava/lang/Object;	866091
wpa	r	int	I	866094
wpa	o	java.lang.String	Ljava/lang/String;	866097
wpa	p	int	I	866100
wpb	p	java.awt.Color	Ljava/awt/Color;	866261
wpb	o	java.lang.String	Ljava/lang/String;	866264
wqa	a	long	J	866778
wqa	b	int	I	866781
wqb	d	java.lang.String	Ljava/lang/String;	866979
wqb	e	java.util.Hashtable	Ljava/util/Hashtable;	866982
wqb	c	java.lang.String[]	[Ljava/lang/String;	866985
wqb	b	java.lang.String	Ljava/lang/String;	866988
wr	o	int	I	867452
wra	p	int	I	867524
wra	o	java.lang.String	Ljava/lang/String;	867527
wrb	p	int[]	[I	867845
wrb	r	java.lang.String[]	[Ljava/lang/String;	867848
wrb	q	llb	Lllb;	867851
wrb	o	java.lang.String	Ljava/lang/String;	867854
ws	o	java.lang.String	Ljava/lang/String;	868054
wsa	c	int[]	[I	868296
wsa	d	int	I	868299
wsa	a	int	I	868302
wsa	g	int	I	868305
wsa	b	int	I	868308
wsa	e	int	I	868311
wsa	f	int	I	868314
wsb	d	int	I	868625
wsb	j	int	I	868628
wsb	i	ujb[]	[Lujb;	868631
wsb	h	int	I	868634
wsb	g	float	F	868637
wsb	a	java.lang.String	Ljava/lang/String;	868640
wsb	e	dja	Ldja;	868643
wsb	c	java.lang.String	Ljava/lang/String;	868646
wsb	f	int	I	868649
wsb	b	int	I	868652
wt	b	java.lang.String	Ljava/lang/String;	869353
wt	c	java.lang.String	Ljava/lang/String;	869356
wt	a	int	I	869359
wta	c	vq	Lvq;	869579
wu	f	float	F	869949
wu	h	phb	Lphb;	869952
wu	e	java.lang.String	Ljava/lang/String;	869955
wu	g	rga	Lrga;	869958
wua	j	int	I	870772
wua	k	int	I	870775
wua	i	int	I	870778
wv	j	int	I	870982
wv	m	int	I	870985
wv	i	int	I	870988
wv	k	int[]	[I	870991
wv	l	java.lang.String	Ljava/lang/String;	870994
wva	a	java.lang.String	Ljava/lang/String;	871431
wva	b	int	I	871434
ww	o	int	I	871965
xa	nativeid	long	J	872254
ya	nativeid	long	J	872301
za	d	int	I	872341
za	z	java.lang.String	Ljava/lang/String;	872344
