class	method	source_signature_args	return_type	descriptor	javap_line
VoidHunters	a	int, cl, int	void	(ILcl;I)V	20
VoidHunters	a	boolean, java.lang.Object	boolean	(ZLjava/lang/Object;)Z	114
VoidHunters	m	int	void	(I)V	244
VoidHunters	a	int, int, int, int, java.lang.String, int, boolean, boolean	void	(IIIILjava/lang/String;IZZ)V	280
VoidHunters	f	boolean	void	(Z)V	420
VoidHunters	init		void	()V	476
VoidHunters	a	int, int	void	(II)V	495
VoidHunters	a	int	void	(I)V	1102
VoidHunters	l	int	boolean	(I)Z	1700
VoidHunters	a	cl, int, int	void	(Lcl;II)V	1732
VoidHunters	a	boolean	void	(Z)V	1821
VoidHunters	n	int	void	(I)V	1967
VoidHunters	g	byte	void	(B)V	2004
VoidHunters	a	java.applet.Applet, int	void	(Ljava/applet/Applet;I)V	2519
VoidHunters	b	boolean	void	(Z)V	2578
VoidHunters	h	byte	boolean	(B)Z	4654
VoidHunters	b	int	void	(I)V	4798
VoidHunters	d	boolean, int	void	(ZI)V	4843
VoidHunters	a	int, int, int	void	(III)V	5895
VoidHunters	b	int, int	java.lang.String	(II)Ljava/lang/String;	6048
VoidHunters	d	int	void	(I)V	6104
VoidHunters	VoidHunters		public	()V	6919
a	finalize		void	()V	6956
a	M	long	void	(J)V	6969
a	a		void	()V	6972
a	E	long, boolean	void	(JZ)V	6982
a	w	boolean	void	(Z)V	7062
a	b		void	()V	7072
a	na	long, ha, int, int, int, int, int, int, int	void	(JLha;IIIIIII)V	7081
a	HA	long, ha, int, int	void	(JLha;II)V	7084
a	a	ha, int, int, int, int, int, int, int	void	(Lha;IIIIIII)V	7087
aaa	a	byte	void	(B)V	7140
aaa	a	byte, mm, java.lang.String, boolean	void	(BLmm;Ljava/lang/String;Z)V	7172
aab	a	tsa[], int, int	int	([Ltsa;II)I	7365
aab	a	nc[], int	nc	([Lnc;I)Lnc;	7450
aab	b	boolean	void	(Z)V	7501
ab	b		gd	()Lgd;	7546
ab	a		byte[]	()[B	7571
ab	a	asb, int, int	ab	(Lasb;II)Lab;	7712
ab	ab	ds	private	(Lds;)V	7734
aba	a	lbb, wm[], lta, int, byte, int, rsb	void	(Llbb;[Lwm;Llta;IBILrsb;)V	7795
aba	toString		java.lang.String	()Ljava/lang/String;	8060
aba	a	int	void	(I)V	8076
aba	aba		public	()V	8121
aba	a	byte[], int, int	byte[]	([BII)[B	8128
abb	a	int, int, int, int, phb[], int	void	(IIII[Lphb;I)V	8199
abb	a	int	void	(I)V	8759
abb	a	byte	long	(B)J	8790
ac	a	float[], int, int, float, int, int, byte, float, int, float[], int, int	void	([FIIFIIBFI[FII)V	8801
ac	a	int, boolean, int, java.lang.CharSequence, byte[], int	int	(IZILjava/lang/CharSequence;[BI)I	9044
ac	a	int, int, int, byte[]	java.lang.String	(III[B)Ljava/lang/String;	9669
aca	a	int, nva	void	(ILnva;)V	9853
acb	b	boolean	void	(Z)V	9879
acb	a	nc[], int	nc	([Lnc;I)Lnc;	9915
ad	a	nc[], int	nc	([Lnc;I)Lnc;	9983
ad	a	int	void	(I)V	10036
ad	e	byte	void	(B)V	10076
ada	a	int	void	(I)V	10124
ada	a	java.lang.String, boolean	int	(Ljava/lang/String;Z)I	10160
ada	a	byte	tv	(B)Ltv;	10363
ada	a	int, int	tv[]	(II)[Ltv;	10396
ada	a	rsb, lbb, boolean, rna[]	int	(Lrsb;Llbb;Z[Lrna;)I	10431
ae	a	int	boolean	(I)Z	10658
ae	c	int	void	(I)V	10705
ae	a	int, int, int	void	(III)V	10759
ae	a	byte, int	void	(BI)V	10965
ae	b	byte	boolean	(B)Z	11017
ae	e	byte	boolean	(B)Z	11055
ae	c	byte	boolean	(B)Z	11109
ae	a	boolean, int	void	(ZI)V	11173
ae	a	boolean	boolean	(Z)Z	11332
ae	a	byte	void	(B)V	11373
ae	a	boolean, int, int, int	void	(ZIII)V	11495
ae	a	int[], byte	sg	([IB)Lsg;	11562
ae	e	int	void	(I)V	11632
ae	d	byte	boolean	(B)Z	11670
ae	d	int	boolean	(I)Z	11709
ae	b	int	boolean	(I)Z	11752
aea	a	int, char	byte	(IC)B	11849
aeb	a	int, int, ik	void	(IILik;)V	12224
aeb	a	int, int	void	(II)V	12337
af	a	tv, int	void	(Ltv;I)V	12396
af	a	int	mib	(I)Lmib;	12604
af	a	byte, faa	void	(BLfaa;)V	12635
af	a	faa, boolean	void	(Lfaa;Z)V	12680
af	a	faa, int	void	(Lfaa;I)V	12789
af	a	int, faa	void	(ILfaa;)V	12831
af	c	int	bhb	(I)Lbhb;	12876
af	b	byte, tv	void	(BLtv;)V	12907
af	a	faa, byte	void	(Lfaa;B)V	13024
af	a	byte, int, int, int, int, int	void	(BIIIII)V	13081
af	a	byte, tv	boolean	(BLtv;)Z	13142
af	b	faa, int	void	(Lfaa;I)V	13279
afa	a	nc[], int	nc	([Lnc;I)Lnc;	13388
afa	b	boolean	void	(Z)V	13438
afb	a	nc[], int	nc	([Lnc;I)Lnc;	13503
ag	b	boolean	void	(Z)V	13579
ag	a	nc[], int	nc	([Lnc;I)Lnc;	13610
aga	a	nc[], int	nc	([Lnc;I)Lnc;	13681
agb	a	byte	tv	(B)Ltv;	13745
agb	a	java.lang.CharSequence, int	long	(Ljava/lang/CharSequence;I)J	13778
agb	a	int, int	tv[]	(II)[Ltv;	13966
ah	e	int	void	(I)V	14013
ah	a	int	void	(I)V	14107
ah	a	nc[], int	nc	([Lnc;I)Lnc;	14138
ah	a	int, boolean	void	(IZ)V	14189
aha	a	nc[], int	nc	([Lnc;I)Lnc;	14307
aha	a	int, int, int, int, byte	void	(IIIIB)V	14358
aha	a	int	void	(I)V	14676
ahb	a	int	void	(I)V	14732
ahb	a	nc[], int	nc	([Lnc;I)Lnc;	14762
ahb	a	rsb, byte	boolean	(Lrsb;B)Z	14815
ai	a	boolean, int	void	(ZI)V	14919
aia	a	boolean, boolean, int	void	(ZZI)V	15271
aia	a	byte, int, int, int, int, int, int, boolean, int[]	void	(BIIIIIIZ[I)V	15341
aia	a	int	void	(I)V	15528
aia	a	int, int, int, boolean	void	(IIIZ)V	15581
aia	a	int, int, int, byte[], int, int, int, int, boolean, int	void	(III[BIIIIZI)V	15846
aia	a	int, int, int, int, int, int, int	void	(IIIIIII)V	16265
aib	a	byte, tv	boolean	(BLtv;)Z	16368
aib	b	byte, tv	void	(BLtv;)V	16419
aib	a	int	void	(I)V	16494
aib	b	faa, int	void	(Lfaa;I)V	16545
aib	a	tv, int	void	(Ltv;I)V	16659
aib	a	byte, asb	void	(BLasb;)V	16742
aib	a	faa, boolean	void	(Lfaa;Z)V	21438
aib	a	byte, java.lang.String, int, int, int	int	(BLjava/lang/String;III)I	21502
aib	a	byte	void	(B)V	21582
aib	c	int	crb[]	(I)[Lcrb;	21615
aib	a	pe, int, crb	boolean	(Lpe;ILcrb;)Z	21647
aib	a	boolean	void	(Z)V	21721
aib	b	int	void	(I)V	21754
aib	a	faa, int	void	(Lfaa;I)V	21795
aib	a	faa, byte	void	(Lfaa;B)V	21851
aj	e	byte	void	(B)V	22033
aj	a	nc[], int	nc	([Lnc;I)Lnc;	22065
aj	a	java.lang.String, byte, int	void	(Ljava/lang/String;BI)V	22116
aja	a		int	()I	22268
aja	a	float, float, float, float, int, int, int, int, int	void	(FFFFIIIII)V	22271
aja	b		int	()I	22410
aja	a	int, int, int, int, int[], int, int	void	(IIII[III)V	22413
aja	b	int, int, int, int, int, int, int	void	(IIIIIII)V	22416
aja	a	int, int, int, int	void	(IIII)V	22419
aja	b	int, int, int, int	void	(IIII)V	22422
aja	c		int	()I	22437
aja	a	float, float, float, float, float, float, int, int, int, int	void	(FFFFFFIIII)V	22440
aja	a	float, float, float, float, float, float, int, int, int	void	(FFFFFFIII)V	22443
aja	a	int, int, int, int, int, int, int, int	void	(IIIIIIII)V	22460
aja	aja		protected	()V	22463
aja	a	int, int, int, int, int, int, int	void	(IIIIIII)V	22470
aja	a	int, int	void	(II)V	22485
aja	d		int	()I	22497
aja	a	int, int, int, int, int	void	(IIIII)V	22500
ajb	a	byte, java.lang.String	void	(BLjava/lang/String;)V	22528
ajb	c	byte	void	(B)V	22570
ajb	a	int, int[], int, byte, int, int, int, int	void	(I[IIBIIII)V	22600
ak	a	nc[], int	nc	([Lnc;I)Lnc;	22707
ak	e	byte	int	(B)I	22773
aka	a	pgb, int	void	(Lpgb;I)V	22864
aka	a	boolean, int	void	(ZI)V	23078
aka	e	byte	void	(B)V	23114
aka	a	nc[], int	nc	([Lnc;I)Lnc;	23145
akb	a	int, int	tv[]	(II)[Ltv;	23201
akb	a	byte	tv	(B)Ltv;	23237
akb	b	byte	void	(B)V	23270
al	a	int	void	(I)V	23337
al	a	ksa, ksa, int	void	(Lksa;Lksa;I)V	23377
al	a	boolean	void	(Z)V	23593
ala	a	int, int	void	(II)V	23649
ala	a	nc[], int	nc	([Lnc;I)Lnc;	23685
alb	a	int	void	(I)V	23744
am	a	int	void	(I)V	23797
am	a	int, int, int, int, int[]	void	(IIII[I)V	23900
am	a	byte[], llb, int, int, llb, boolean, int, int, int, llb	void	([BLllb;IILllb;ZIIILllb;)V	23984
am	e	int	void	(I)V	24223
am	a	nc[], int	nc	([Lnc;I)Lnc;	24256
ama	a	nc[], int	nc	([Lnc;I)Lnc;	24327
amb	a	int, int	tv[]	(II)[Ltv;	24398
amb	a	byte	tv	(B)Ltv;	24435
amb	a	int, boolean	void	(IZ)V	24468
amb	a	int	void	(I)V	24755
an	b	int	int	(I)I	24801
an	a	int, java.awt.Component	void	(ILjava/awt/Component;)V	24828
an	a	java.awt.Component, int	void	(Ljava/awt/Component;I)V	24849
an	mouseWheelMoved	java.awt.event.MouseWheelEvent	void	(Ljava/awt/event/MouseWheelEvent;)V	24870
ana	a	java.io.File, byte	byte[]	(Ljava/io/File;B)[B	24914
ana	c	byte	void	(B)V	24959
ana	a	byte, int, java.io.File	byte[]	(BILjava/io/File;)[B	24990
ana	a	int, int, int	void	(III)V	25110
anb	a	tv, int	void	(Ltv;I)V	25207
anb	j	int	int	(I)I	25544
anb	a	boolean, boolean, pe	void	(ZZLpe;)V	25601
anb	i	byte	int	(B)I	25753
anb	a	faa, int	void	(Lfaa;I)V	25808
anb	a	int[], int[], int[], int, int[], int, ml[]	void	([I[I[II[II[Lml;)V	25929
anb	g	byte	int	(B)I	26106
anb	g	int	int	(I)I	26138
anb	b	int, int	void	(II)V	26215
anb	i	int	void	(I)V	26332
anb	e	int	int	(I)I	26386
anb	d	int	int	(I)I	26420
anb	e	byte	void	(B)V	26452
anb	h	int	boolean	(I)Z	26614
anb	b	faa, int	void	(Lfaa;I)V	26646
anb	a	int, int, int, int, int	void	(IIIII)V	26730
anb	a	int, int, int	int	(III)I	26801
anb	a	faa, boolean	void	(Lfaa;Z)V	26848
anb	a	int, boolean, pe	void	(IZLpe;)V	26938
anb	a	lta, int, pe, int	void	(Llta;ILpe;I)V	26988
anb	a	int, int	void	(II)V	27173
anb	c	byte	int	(B)I	27211
anb	a	int, pe	void	(ILpe;)V	27241
anb	b	boolean	int	(Z)I	27289
anb	f	int	int	(I)I	27326
anb	k	int	boolean	(I)Z	27358
anb	a	faa, byte	void	(Lfaa;B)V	27415
anb	h	byte	void	(B)V	27536
anb	a	int, int, byte	void	(IIB)V	27645
anb	c	int, int, int, int, int	boolean	(IIIII)Z	27690
anb	d	byte	void	(B)V	27794
anb	c	boolean	int	(Z)I	27825
anb	a	int, int, pe, int, int	void	(IILpe;II)V	27862
anb	a	pe, int, boolean, int, int	void	(Lpe;IZII)V	27935
anb	e	boolean	int	(Z)I	28913
anb	a	pe, boolean, byte, boolean	void	(Lpe;ZBZ)V	28945
anb	d	boolean	int	(Z)I	29094
anb	a	tpb, tj, byte	void	(Ltpb;Ltj;B)V	29126
anb	b	int, int, int, int, int	boolean	(IIIII)Z	29181
anb	f	byte	int[]	(B)[I	29389
anb	a	byte, tv	boolean	(BLtv;)Z	29420
anb	a	int, int, int, byte, int	void	(IIIBI)V	29543
anb	a	sfa, tj, int	void	(Lsfa;Ltj;I)V	29707
anb	toString		java.lang.String	()Ljava/lang/String;	29765
anb	b	byte, tv	void	(BLtv;)V	29812
anb	c	int	void	(I)V	29950
ao	a	nc[], int	nc	([Lnc;I)Lnc;	30021
ao	a	cbb, int[], int, int	kua	(Lcbb;[III)Lkua;	30072
ao	a	byte, boolean	void	(BZ)V	30579
aoa	a	ml[], int, int	int	([Lml;II)I	30650
aoa	a	sg, int, lta, pe	void	(Lsg;ILlta;Lpe;)V	30768
aoa	a	int, sg, pe	void	(ILsg;Lpe;)V	30860
aoa	a	tv, int	void	(Ltv;I)V	31037
aoa	a	boolean, int, sg, pe	void	(ZILsg;Lpe;)V	31108
aoa	a	faa, boolean	void	(Lfaa;Z)V	31208
aoa	a	byte, tv	boolean	(BLtv;)Z	31261
aoa	a	boolean	void	(Z)V	31314
aoa	a	sg, byte, pe	boolean	(Lsg;BLpe;)Z	31343
aoa	a	byte	int	(B)I	32003
aoa	a	pe, byte, sg	void	(Lpe;BLsg;)V	32037
aoa	a	pe, byte, sg, int	void	(Lpe;BLsg;I)V	32235
aoa	a	int, boolean	void	(IZ)V	32404
aoa	b	byte, tv	void	(BLtv;)V	32442
aoa	aoa		public	()V	32494
aoa	b	faa, int	void	(Lfaa;I)V	32501
aob	a	int, int	int	(II)I	32557
aob	a	nc[], int	nc	([Lnc;I)Lnc;	32604
ap	a	int	void	(I)V	32689
ap	a	nc[], int	nc	([Lnc;I)Lnc;	32727
ap	e	int	boolean	(I)Z	32777
apa	a	int	void	(I)V	32833
apa	a	nc[], int	nc	([Lnc;I)Lnc;	32863
apb	a	byte	void	(B)V	32933
apb	a	int	boolean	(I)Z	32966
aq	a	nc[], int	nc	([Lnc;I)Lnc;	33091
aq	a	int	void	(I)V	33153
aq	b	int, int, int, int	pgb	(IIII)Lpgb;	33183
aqa	c	int	int	(I)I	33623
aqa	a	pe, int, int, int, int, int[], int, int, anb	void	(Lpe;IIII[IIILanb;)V	33665
aqa	a	boolean	void	(Z)V	33849
aqa	a	boolean, int	void	(ZI)V	33883
aqa	a	byte, tv	boolean	(BLtv;)Z	33958
aqa	b	faa, int	void	(Lfaa;I)V	34080
aqa	a	tv, int	void	(Ltv;I)V	34165
aqa	b	byte, tv	void	(BLtv;)V	34367
aqa	b	boolean	void	(Z)V	34453
aqa	a	int, byte	boolean	(IB)Z	34507
aqa	a	byte, int, lta, int[]	void	(BILlta;[I)V	34550
aqa	a	int, anb, int	void	(ILanb;I)V	34619
aqa	b	int	void	(I)V	34698
aqa	a	int, boolean	int	(IZ)I	34729
aqa	a	int	boolean	(I)Z	34797
aqa	aqa		public	()V	34828
aqa	a	boolean, anb, int, int, int, int[], int, int, pe	void	(ZLanb;III[IIILpe;)V	34835
aqa	a	boolean, int, int, int, int, anb, int[], int[], pe, int, int, int, int, int	void	(ZIIIILanb;[I[ILpe;IIIII)V	35064
aqa	a	faa, boolean	void	(Lfaa;Z)V	35230
aqb	b	boolean	void	(Z)V	35384
ar	a	int, int, int	int	(III)I	36111
ar	a	int	int	(I)I	36283
ar	a	boolean, int, int, java.lang.String	int	(ZIILjava/lang/String;)I	36349
ar	a	boolean, int	int	(ZI)I	36467
ar	a	int, byte, int	int	(IBI)I	36551
ar	c	int	int	(I)I	36948
ar	b	int	void	(I)V	37025
ar	a	int, int	int	(II)I	37056
ara	a	boolean	void	(Z)V	37167
ara	a	int	void	(I)V	37198
ara	b	faa, int	void	(Lfaa;I)V	37264
ara	a	tv, int	void	(Ltv;I)V	37322
ara	a	byte, tv	boolean	(BLtv;)Z	37479
ara	b	byte, tv	void	(BLtv;)V	37548
ara	b	faa, boolean	void	(Lfaa;Z)V	37609
ara	c	faa, int	void	(Lfaa;I)V	37692
ara	a	faa, boolean	void	(Lfaa;Z)V	37751
arb	a	int[], byte[], int, int, int, int, int, int, int	void	([I[BIIIIIII)V	37819
arb	a	int[], byte[], int, int, int, int, int, int, int, int, int, int[], int[]	void	([I[BIIIIIIIII[I[I)V	37921
arb	a	int, int, int, int, int, int, boolean	void	(IIIIIIZ)V	38056
arb	a	int, int, int, int, int, int, int, boolean	void	(IIIIIIIZ)V	38203
arb	a	int[], byte[], int, int, int, int, int, int, int, int	void	([I[BIIIIIIII)V	38350
as	c	int	void	(I)V	38458
as	a	byte	hdb	(B)Lhdb;	38487
asa	a	int	void	(I)V	38513
asa	a	java.io.File, byte	java.lang.Object	(Ljava/io/File;B)Ljava/lang/Object;	38545
asb	c	byte, int	byte[]	(BI)[B	38679
asb	c	byte	int	(B)I	38770
asb	a	java.lang.String, int	int	(Ljava/lang/String;I)I	38814
asb	b	java.lang.String, int	int	(Ljava/lang/String;I)I	38877
asb	a	int, int	int	(II)I	38969
asb	a	int, mm, boolean, byte	void	(ILmm;ZB)V	39022
asb	a	boolean, int, java.lang.String	int	(ZILjava/lang/String;)I	40887
asb	b	byte, int	boolean	(BI)Z	40967
asb	a	java.lang.String, boolean, java.lang.String	byte[]	(Ljava/lang/String;ZLjava/lang/String;)[B	41050
asb	a	int, java.lang.String	boolean	(ILjava/lang/String;)Z	41158
asb	c	int, int	boolean	(II)Z	41227
asb	a	boolean, java.lang.String	boolean	(ZLjava/lang/String;)Z	41302
asb	b	byte	boolean	(B)Z	41376
asb	a	int	boolean	(I)Z	41438
asb	a	int, java.lang.String, byte[], int, java.lang.String	void	(ILjava/lang/String;[BILjava/lang/String;)V	41531
asb	a	int, int, int[], int	byte[]	(II[II)[B	41627
asb	a	byte	void	(B)V	41830
asb	a	byte, int	void	(BI)V	41865
asb	a	int, int, int	boolean	(III)Z	41939
asb	a	byte, java.lang.String, java.lang.String	boolean	(BLjava/lang/String;Ljava/lang/String;)Z	42051
asb	a	int, int, byte	byte[]	(IIB)[B	42168
asb	a	boolean, java.lang.String, java.lang.String	boolean	(ZLjava/lang/String;Ljava/lang/String;)Z	42215
asb	a	int, boolean	boolean	(IZ)Z	42319
asb	b	int	int	(I)I	42407
asb	b	int, int	int	(II)I	42503
asb	a	byte, int, int	boolean	(BII)Z	42560
asb	a	int, int, int, int[]	boolean	(III[I)Z	42662
at	a	int, int, int, int, shb, int	int	(IIIILshb;I)I	43470
at	a	shb, int	ar	(Lshb;I)Lar;	43473
at	b	int, int, shb	int	(IILshb;)I	43476
at	a	shb, byte	int	(Lshb;B)I	43479
at	a	int, shb	int	(ILshb;)I	43482
at	b	shb, byte	int	(Lshb;B)I	43485
at	b	int, int, int, int, shb, int	void	(IIIILshb;I)V	43488
at	a	shb, int, byte, int, int	void	(Lshb;IBII)V	43491
at	a	int	int	(I)I	43494
at	a	int, int, shb	int	(IILshb;)I	43497
ata	a	int	void	(I)V	43531
ata	e	int	boolean	(I)Z	43569
ata	a	int, int, int, int, shb, int, byte	boolean	(IIIILshb;IB)Z	43633
atb	a	boolean	void	(Z)V	43888
atb	a	int, int	eb	(II)Leb;	43921
atb	a	byte	void	(B)V	44122
aua	a	nc[], int	nc	([Lnc;I)Lnc;	44634
av	a	char, int	java.lang.String	(CI)Ljava/lang/String;	44704
av	a	byte	tv	(B)Ltv;	44748
av	a	boolean	void	(Z)V	44781
av	a	int, int	tv[]	(II)[Ltv;	44810
ava	a	int, int, boolean	boolean	(IIZ)Z	44862
aw	e	byte	boolean	(B)Z	44958
aw	a	int, boolean	int	(IZ)I	45010
aw	a	java.lang.String, byte, int	void	(Ljava/lang/String;BI)V	45099
aw	b	int, int, int, int, int	void	(IIIII)V	45202
aw	a	boolean	void	(Z)V	45415
aw	a	int, int, phb, java.lang.String	void	(IILphb;Ljava/lang/String;)V	45495
aw	h	int	void	(I)V	45606
awa	a	int, mm, boolean, ds	void	(ILmm;ZLds;)V	45802
awa	a	byte, int, java.awt.Canvas, d, int	ha	(BILjava/awt/Canvas;Ld;I)Lha;	46088
awa	a	int	void	(I)V	46155
awa	a	nc[], int	nc	([Lnc;I)Lnc;	46199
b	H	int, int, int	void	(III)V	46344
b	O	int, int, int	void	(III)V	46450
b	G		int	()I	46574
b	V		int	()I	46591
b	HA		int	()I	46608
b	a		void	()V	46625
b	RA		int	()I	46758
ba	w	boolean	void	(Z)V	48890
ba	finalize		void	()V	48893
baa	a	boolean, asb, asb, asb, boolean	void	(ZLasb;Lasb;Lasb;Z)V	48923
baa	a	nc[], int	nc	([Lnc;I)Lnc;	49009
baa	e	byte	void	(B)V	49057
bab	a	byte	tv	(B)Ltv;	49114
bab	a	java.lang.String, int	java.lang.String	(Ljava/lang/String;I)Ljava/lang/String;	49154
bab	a	boolean	void	(Z)V	49370
bab	a	java.lang.String, long, int	void	(Ljava/lang/String;JI)V	49405
bab	a	int, int	tv[]	(II)[Ltv;	49462
bab	a	boolean, ml	void	(ZLml;)V	49497
bb	a	ds, boolean	void	(Lds;Z)V	49686
bb	e	byte	void	(B)V	49800
bb	a	nc[], int	nc	([Lnc;I)Lnc;	49841
bba	a	byte, tv	boolean	(BLtv;)Z	49913
bba	a	rsb, int	void	(Lrsb;I)V	49982
bba	b	byte, tv	void	(BLtv;)V	50139
bba	a	rna, boolean	void	(Lrna;Z)V	50378
bba	a	tv, int	void	(Ltv;I)V	50429
bba	b	faa, int	void	(Lfaa;I)V	50529
bba	a	byte	wm[]	(B)[Lwm;	50670
bba	b	byte	void	(B)V	50705
bba	a	byte, wm	void	(BLwm;)V	50737
bba	a	faa, boolean	void	(Lfaa;Z)V	50786
bba	a	int, byte	void	(IB)V	51015
bba	a	int, ml, int, int[]	int	(ILml;I[I)I	51128
bba	c	byte	rna[]	(B)[Lrna;	51256
bba	bba		public	()V	51287
bba	a	int, int	void	(II)V	51294
bba	a	byte, int, int	int	(BII)I	51370
bba	a	int, int, int, int, pe	void	(IIIILpe;)V	51472
bbb	a	int	void	(I)V	51626
bbb	a	phb[], byte	phb[]	([Lphb;B)[Lphb;	51659
bc	a	int	void	(I)V	51761
bc	a	byte, int, int, int, int	void	(BIIII)V	51793
bca	a	byte	tv	(B)Ltv;	51897
bca	a	int	void	(I)V	51930
bca	a	int, int	tv[]	(II)[Ltv;	51964
bcb	a	int, int	tv[]	(II)[Ltv;	52027
bcb	a	byte	tv	(B)Ltv;	52062
bd	a	int, int[], asb, asb, caa[]	void	(I[ILasb;Lasb;[Lcaa;)V	52104
bd	a	int, byte	boolean	(IB)Z	53401
bd	a	byte	void	(B)V	53444
bda	a	int	void	(I)V	53491
bdb	a	int, boolean, int	boolean	(IZI)Z	53535
bdb	a	int, int, int, int, int, int, int, int[], int, boolean	void	(IIIIIII[IIZ)V	53591
bdb	a	nc[], int	nc	([Lnc;I)Lnc;	53728
be	a	byte, tv	boolean	(BLtv;)Z	53804
be	a	tv, int	void	(Ltv;I)V	53873
be	toString		java.lang.String	()Ljava/lang/String;	53973
be	b	faa, int	void	(Lfaa;I)V	53998
be	a	int, boolean, kka	void	(IZLkka;)V	54048
be	be		public	()V	54101
be	b	byte, tv	void	(BLtv;)V	54108
be	a	faa, boolean	void	(Lfaa;Z)V	54161
bea	a	rsb, int, int, java.util.Random	int	(Lrsb;IILjava/util/Random;)I	54240
bea	a	int, int, int, boolean	int[][]	(IIIZ)[[I	54422
bea	a	int, java.util.Random, byte, int[][]	int[]	(ILjava/util/Random;B[[I)[I	54547
bea	a	pe, int, int, int	void	(Lpe;III)V	54801
bea	a	int, java.util.Random, rsb, byte, int	void	(ILjava/util/Random;Lrsb;BI)V	55032
bea	a	int[], int	int	([II)I	55164
bea	a	int, int	asb	(II)Lasb;	55226
bea	a	java.util.Random, int, pe	void	(Ljava/util/Random;ILpe;)V	55266
bea	a	int, int, int[]	int[]	(II[I)[I	55617
bea	a	int, java.util.Random, rsb	void	(ILjava/util/Random;Lrsb;)V	55678
bea	a	byte, java.util.Random, int[][]	int	(BLjava/util/Random;[[I)I	56055
bea	a	byte, java.lang.Object, int	void	(BLjava/lang/Object;I)V	56156
bea	a	int, int, anb[], anb[]	int	(II[Lanb;[Lanb;)I	56209
bea	a	rsb, java.util.Random, pe, int	void	(Lrsb;Ljava/util/Random;Lpe;I)V	56311
bea	a	rsb, anb[], byte, java.util.Random	anb[]	(Lrsb;[Lanb;BLjava/util/Random;)[Lanb;	56406
bea	a	int, int, pe, byte	anb[]	(IILpe;B)[Lanb;	56629
bea	a	int, bba[], cq[], cq[], pe, anb[], byte, anb[]	void	(I[Lbba;[Lcq;[Lcq;Lpe;[Lanb;B[Lanb;)V	56939
bea	a	int, int, pe, int	anb[]	(IILpe;I)[Lanb;	57215
bea	a	faa, boolean	void	(Lfaa;Z)V	57783
bea	a	int, int, una	void	(IILuna;)V	57875
bea	a	bba[], pe, int, boolean	cq[]	([Lbba;Lpe;IZ)[Lcq;	58009
bea	a	pe, int, int	void	(Lpe;II)V	58102
bea	b	int, int, pe, int	anb[]	(IILpe;I)[Lanb;	58229
bea	a	boolean, int, int, boolean, pe, boolean, java.util.Random	void	(ZIIZLpe;ZLjava/util/Random;)V	58325
bea	a	java.util.Random, int[][], int[], int, int	int[]	(Ljava/util/Random;[[I[III)[I	58475
bea	a	wm, pe, int, int	void	(Lwm;Lpe;II)V	58579
bea	a	int, rsb	void	(ILrsb;)V	58649
bea	a	int[][], int[], int, byte	int[][]	([[I[IIB)[[I	58719
bea	a	int, int, int[], int, byte, int	boolean	(II[IIBI)Z	58878
bea	a	byte, pe, wm[], anb[]	anb[]	(BLpe;[Lwm;[Lanb;)[Lanb;	59047
bea	a	byte, tv	boolean	(BLtv;)Z	59193
bea	a	int, int, int, int, java.util.Random, pe, int	void	(IIIILjava/util/Random;Lpe;I)V	59268
bea	a	una, byte	int	(Luna;B)I	59672
bea	a	int, int, mm, int, int, boolean, int, int	void	(IILmm;IIZII)V	59845
bea	b	byte, tv	void	(BLtv;)V	60410
bea	a	int, java.util.Random, int[], byte	int	(ILjava/util/Random;[IB)I	60508
bea	a	boolean, dmb	void	(ZLdmb;)V	60606
bea	a	java.util.Random, int[][], byte, int, int	int[]	(Ljava/util/Random;[[IBII)[I	60655
bea	a	int, boolean, java.util.Random, rsb, int	void	(IZLjava/util/Random;Lrsb;I)V	60829
bea	a	pe, int	void	(Lpe;I)V	60973
bea	a	boolean, boolean, pe	void	(ZZLpe;)V	61075
bea	a	int, java.util.Random, int, int, pe	anb[]	(ILjava/util/Random;IILpe;)[Lanb;	61371
bea	a	int, int, java.util.Random, int[][]	int[][]	(IILjava/util/Random;[[I)[[I	61661
bea	a	int, pe, cq[]	cq[]	(ILpe;[Lcq;)[Lcq;	62124
bea	a	int, boolean, int, java.util.Random, rsb	void	(IZILjava/util/Random;Lrsb;)V	62235
bea	a	wm[], cq[], int, pe	cq[]	([Lwm;[Lcq;ILpe;)[Lcq;	62688
bea	a	java.util.Random, pe, int[][], int, int[]	void	(Ljava/util/Random;Lpe;[[II[I)V	62802
bea	a	pe, int, int, int, int, int, int	void	(Lpe;IIIIII)V	63627
bea	a	int	void	(I)V	64000
bea	a	rna, int, pe, int	void	(Lrna;ILpe;I)V	64036
bea	b	faa, int	void	(Lfaa;I)V	64101
bea	a	int[], int, int	boolean	([III)Z	64184
bea	a	tv, int	void	(Ltv;I)V	64270
bea	a	boolean, java.util.Random, pe, int	void	(ZLjava/util/Random;Lpe;I)V	64386
bea	a	int, int, pe, bba[]	anb[]	(IILpe;[Lbba;)[Lanb;	64467
bea	a	int, boolean, pe	void	(IZLpe;)V	64564
bea	a	int, pe, int, int, java.util.Random, int	void	(ILpe;IILjava/util/Random;I)V	64713
bea	bea		public	()V	64861
bea	a	int, int, cq[], pe, cq[]	int	(II[Lcq;Lpe;[Lcq;)I	64868
bea	a	java.util.Random, int[][], int[], pe, boolean, int	void	(Ljava/util/Random;[[I[ILpe;ZI)V	64981
beb	a	byte	tv	(B)Ltv;	65356
beb	a	byte[], int, dja	tv	([BILdja;)Ltv;	65396
beb	a	int, int	tv[]	(II)[Ltv;	65475
bf	a	int, int	tv[]	(II)[Ltv;	65526
bf	b	byte	void	(B)V	65563
bf	a	byte	tv	(B)Ltv;	65594
bfa	a	nc[], int	nc	([Lnc;I)Lnc;	65649
bfa	a	int	void	(I)V	65702
bfb	c		int	()I	65774
bfb	a		void	()V	65784
bfb	b		void	()V	65797
bfb	d		int	()I	65812
bfb	e		void	()V	65822
bfb	a	int[], int, int, int, int, int	void	([IIIIII)V	65832
bfb	a	int, int, int	void	(III)V	66140
bfb	a	int, int, int, int, int, int, int	void	(IIIIIII)V	66164
bfb	a	int, int, int, int	void	(IIII)V	67338
bg	a	nc[], int	nc	([Lnc;I)Lnc;	67475
bga	a	int	void	(I)V	67528
bga	a	nc[], int	nc	([Lnc;I)Lnc;	67562
bgb	a	nc[], int	nc	([Lnc;I)Lnc;	67644
bh	a	int, int	tv[]	(II)[Ltv;	67702
bh	a	int, boolean	void	(IZ)V	67737
bh	a	faa, byte	apb[]	(Lfaa;B)[Lapb;	67827
bh	a	byte	tv	(B)Ltv;	67960
bha	a	byte, tv	boolean	(BLtv;)Z	68002
bha	bha		protected	()V	68067
bha	a	boolean, tja, int, int	void	(ZLtja;II)V	68074
bha	a	tv, int	void	(Ltv;I)V	68125
bha	a	faa, boolean	void	(Lfaa;Z)V	68210
bha	a	tja, int, int, int	void	(Ltja;III)V	68248
bha	b	faa, int	void	(Lfaa;I)V	68295
bha	b	byte, tv	void	(BLtv;)V	68345
bhb	d	int	tja	(I)Ltja;	68414
bhb	b	faa, int	void	(Lfaa;I)V	68502
bhb	a	int	void	(I)V	68579
bhb	c	int	int	(I)I	68609
bhb	a	tv, boolean	void	(Ltv;Z)V	68672
bhb	b	byte, tv	void	(BLtv;)V	68710
bhb	a	byte, tv	boolean	(BLtv;)Z	68808
bhb	a	faa, boolean	void	(Lfaa;Z)V	68856
bhb	bhb	int, byte[], int	private	(I[BI)V	68918
bi	b	int	void	(I)V	69042
bi	c	int	boolean	(I)Z	69076
bi	finalize		void	()V	69346
bi	run		void	()V	69429
bi	a	int	ds	(I)Lds;	69567
bia	a	boolean, byte, int	boolean	(ZBI)Z	69679
bia	a	byte	void	(B)V	69725
bia	a	boolean	qkb	(Z)Lqkb;	69794
bib	a	int, boolean	void	(IZ)V	69841
bib	a	byte	boolean	(B)Z	69873
bib	a	byte, int, ura	void	(BILura;)V	69904
bib	a	int	void	(I)V	69960
bib	c	boolean	void	(Z)V	69989
bib	b	int, boolean	void	(IZ)V	70021
bib	a	int, int, int	void	(III)V	70053
bj	a	nc[], int	nc	([Lnc;I)Lnc;	70112
bj	e	byte	int	(B)I	70157
bj	a	byte, asb, no	void	(BLasb;Lno;)V	70359
bja	f	byte	void	(B)V	70579
bja	a	nc[], int	nc	([Lnc;I)Lnc;	70621
bja	e	byte	int	(B)I	70672
bjb	a	nc[], int	nc	([Lnc;I)Lnc;	70729
bjb	a	int	void	(I)V	70780
bjb	b	boolean	void	(Z)V	70853
bk	a	int	void	(I)V	70903
bk	b	int, int, int, int	void	(IIII)V	70938
bk	e	int	void	(I)V	71062
bk	a	int, int, int, int, shb, int, byte	boolean	(IIIILshb;IB)Z	71097
bka	a	int	void	(I)V	71276
bka	a	nc[], int	nc	([Lnc;I)Lnc;	71305
bkb	b	int	void	(I)V	71381
bkb	a	int	hkb	(I)Lhkb;	71416
bl	c	boolean	int	(Z)I	71804
bl	g	byte	shb	(B)Lshb;	71855
bl	a	int	boolean	(I)Z	71895
bl	b	int, int, int, int	void	(IIII)V	71997
bl	j	byte	boolean	(B)Z	72160
bl	b	int, int, int	void	(III)V	72208
bl	c	int, int, int	void	(III)V	72211
bl	i	byte	void	(B)V	72265
bl	d	boolean	void	(Z)V	72300
bla	a	int, boolean, int	boolean	(IZI)Z	72469
bla	a	java.lang.String, int	qrb	(Ljava/lang/String;I)Lqrb;	72530
bla	b	java.lang.String, int	java.lang.String	(Ljava/lang/String;I)Ljava/lang/String;	72612
blb	a	byte	tv	(B)Ltv;	72745
blb	a	int, int	tv[]	(II)[Ltv;	72778
bm	a	nc[], int	nc	([Lnc;I)Lnc;	72829
bm	a	int, byte, soa, boolean, int	void	(IBLsoa;ZI)V	72896
bm	a	int	void	(I)V	74618
bma	a	int	void	(I)V	74690
bma	a	int, boolean	void	(IZ)V	74799
bma	b	boolean	void	(Z)V	74888
bma	a	byte	boolean	(B)Z	75187
bma	a	int, int, int	void	(III)V	75219
bma	e	int	void	(I)V	75257
bma	b	int, boolean	void	(IZ)V	75369
bma	a	byte, int, ura	void	(BILura;)V	75402
bmb	a	byte, int, int[], int	gd	(BI[II)Lgd;	75548
bmb	a	java.lang.String, int[], byte, java.lang.String	gd	(Ljava/lang/String;[IBLjava/lang/String;)Lgd;	75710
bmb	a	int, int, int, int, eab, long, java.lang.String, boolean, int, int, boolean, int, int, int	void	(IIIILeab;JLjava/lang/String;ZIIZIII)V	75807
bmb	a	int, byte, int, int[]	gd	(IBI[I)Lgd;	75957
bmb	a	java.lang.String, java.lang.String, byte	gd	(Ljava/lang/String;Ljava/lang/String;B)Lgd;	76093
bmb	a	byte, int, int[]	gd	(BI[I)Lgd;	76155
bmb	a	byte, int[], int	gd	(B[II)Lgd;	76249
bmb	a	byte	void	(B)V	76335
bn	a	byte	tv	(B)Ltv;	76445
bn	a	int, int, byte, int	void	(IIBI)V	76478
bn	a	int, int	tv[]	(II)[Ltv;	76535
bna	e	int	void	(I)V	76591
bna	a	int	java.lang.Object	(I)Ljava/lang/Object;	76620
bna	e	byte	boolean	(B)Z	76696
bna	a	boolean	void	(Z)V	76729
bnb	a	nc[], int	nc	([Lnc;I)Lnc;	76779
bnb	e	byte	void	(B)V	76831
bo	a	nc[], int	nc	([Lnc;I)Lnc;	76889
bo	a	int	void	(I)V	76934
bo	a	byte, tv	void	(BLtv;)V	76964
boa	b	byte, tv	void	(BLtv;)V	77045
boa	a	byte	int	(B)I	77099
boa	a	faa, boolean	void	(Lfaa;Z)V	77143
boa	boa		public	()V	77190
boa	a	int, int	boolean	(II)Z	77197
boa	a	tv, int	void	(Ltv;I)V	77332
boa	a	byte, tv	boolean	(BLtv;)Z	77399
boa	a	int	void	(I)V	77448
boa	b	faa, int	void	(Lfaa;I)V	77483
bob	c	shb, byte	void	(Lshb;B)V	77597
bob	a	int, int, int, int, int, shb, int, int	void	(IIIIILshb;II)V	77860
bob	a	int, int, shb, int	int	(IILshb;I)I	78203
bob	a	int, shb, int, byte	int	(ILshb;IB)I	78286
bob	a	shb, byte	int	(Lshb;B)I	78347
bob	b	shb, byte	int	(Lshb;B)I	78404
bob	a	int, int, int, int, shb, int	int	(IIIILshb;I)I	78451
bob	a	shb, int	ar	(Lshb;I)Lar;	78531
bob	a	int, shb, int, int	void	(ILshb;II)V	78625
bob	a	int, bob	void	(ILbob;)V	78689
bob	b	int, int, int, int, shb, int	void	(IIIILshb;I)V	78779
bob	a	int, int, shb	int	(IILshb;)I	79020
bob	a	int, shb	int	(ILshb;)I	79070
bob	a	byte, shb	int	(BLshb;)I	79127
bob	a	int, shb, int, int, boolean	void	(ILshb;IIZ)V	79176
bob	b	int, int, shb	int	(IILshb;)I	79241
bob	b	int	void	(I)V	79297
bob	a	int	int	(I)I	79330
bob	b	byte, shb	java.lang.String	(BLshb;)Ljava/lang/String;	79365
bob	a	shb, int, byte, int, int	void	(Lshb;IBII)V	79408
bob	bob		protected	()V	79580
bp	a	int, int, int, int, int, int, int	void	(IIIIIII)V	79727
bp	a	nc[], int	nc	([Lnc;I)Lnc;	80302
bp	a	int	void	(I)V	80353
bpa	a	byte	void	(B)V	80603
bpa	a	int, int, byte, int, int	void	(IIBII)V	80635
bpa	a	int, shb, int, int, boolean	void	(ILshb;IIZ)V	80740
bpb	a	nc[], int	nc	([Lnc;I)Lnc;	80940
bpb	a	int	void	(I)V	80994
bq	a	nc[], int	nc	([Lnc;I)Lnc;	81500
bq	a	boolean, boolean, int, int	void	(ZZII)V	81561
bqa	a	byte	void	(B)V	81756
bqa	a	boolean	boolean	(Z)Z	81788
bqb	e	byte	void	(B)V	81863
bqb	a	nc[], int	nc	([Lnc;I)Lnc;	81908
br	a	boolean	void	(Z)V	81998
bra	a	byte	t	(B)Lt;	82122
bra	a	boolean	void	(Z)V	82172
brb	e	byte	void	(B)V	82226
brb	a	nc[], int	nc	([Lnc;I)Lnc;	82278
brb	f	byte	rbb	(B)Lrbb;	82330
bs	a	byte	void	(B)V	82501
bs	a	int, int, int, int, int	void	(IIIII)V	82536
bsa	e	byte	void	(B)V	82686
bsa	a	nc[], int	nc	([Lnc;I)Lnc;	82718
bsb	a	int	void	(I)V	82795
bt	b	int	void	(I)V	82844
bt	a	int	void	(I)V	82874
bt	a	boolean, char	void	(ZC)V	82910
bt	a	int, int	void	(II)V	82991
bta	a	nc[], int	nc	([Lnc;I)Lnc;	83051
bta	a	int, int	void	(II)V	83107
bta	e	byte	void	(B)V	83189
btb	a	byte	void	(B)V	83253
bu	a	byte	rtb	(B)Lrtb;	83303
bua	a	nc[], int	nc	([Lnc;I)Lnc;	83345
bv	a	byte, int, int	void	(BII)V	83412
bv	a	int, ij, int, int, lta, int, int, int	int[]	(ILij;IILlta;III)[I	83454
bv	a	int, int	void	(II)V	83593
bv	b	int, int	boolean	(II)Z	83641
bv	b	byte, int	boolean	(BI)Z	83683
bv	a	int, int, boolean	java.lang.String	(IIZ)Ljava/lang/String;	83732
bv	a	int, boolean	boolean	(IZ)Z	83800
bv	a	byte	void	(B)V	83838
bv	a	byte, int	void	(BI)V	83871
bv	a	int	void	(I)V	83912
bv	a	int[], lta, boolean, int, rsb, boolean, java.lang.String, int, byte	void	([ILlta;ZILrsb;ZLjava/lang/String;IB)V	83947
bv	a	rsb, lta, int, int, int[], java.lang.String, int	void	(Lrsb;Llta;II[ILjava/lang/String;I)V	84658
bv	a	int, int, int, boolean	void	(IIIZ)V	84759
bv	a	int, rsb, int, int, sg, int, lta	void	(ILrsb;IILsg;ILlta;)V	84842
bv	a	rsb, int, boolean, lta, int, int, int, int, byte, ij, int, int, sg	void	(Lrsb;IZLlta;IIIIBLij;IILsg;)V	85335
bva	b	int	void	(I)V	87170
bw	a	int	void	(I)V	87267
bwa	e	byte	boolean	(B)Z	87348
bwa	i	int	java.lang.String	(I)Ljava/lang/String;	87404
bwa	h	int	boolean	(I)Z	87435
bwa	a	llb, int, int, llb, int	int	(Lllb;IILllb;I)I	87485
bwa	a	int, byte, int	boolean	(IBI)Z	88690
bwa	a	int, llb, java.lang.String, int, int, llb	int	(ILllb;Ljava/lang/String;IILllb;)I	88735
bwa	c	boolean, int	int	(ZI)I	88830
c	a	int, int, int, int, int, int	void	(IIIIII)V	89033
ca	e	byte	void	(B)V	89165
ca	a	nc[], int	nc	([Lnc;I)Lnc;	89200
caa	b	int[], byte[], int[], int, int, int, int, int, int, int	void	([I[B[IIIIIIII)V	89279
caa	a	int, int	void	(II)V	89362
caa	a	int[], byte[], int[], int, int, int, int, int, int, int	void	([I[B[IIIIIIII)V	89505
caa	a	int, int, int	void	(III)V	89637
cab	a	nc[], int	nc	([Lnc;I)Lnc;	89869
cab	a	int	void	(I)V	89912
cb	a	nc[], int	nc	([Lnc;I)Lnc;	89967
cb	a	int, ds	boolean	(ILds;)Z	90021
cba	a	boolean	void	(Z)V	90081
cba	b	boolean	void	(Z)V	90143
cbb	a	int	int[][]	(I)[[I	90293
cbb	a	byte, boolean	int[][]	(BZ)[[I	90436
cbb	b	int	int[][]	(I)[[I	90593
cbb	a	asb, int, asb	void	(Lasb;ILasb;)V	90736
cc	b	int	void	(I)V	91621
cc	a	byte, int	int	(BI)I	91657
cc	a	int	java.lang.String	(I)Ljava/lang/String;	91691
cc	b	faa, int	void	(Lfaa;I)V	91738
cc	a	pe, int, int, int	void	(Lpe;III)V	91787
cc	c	int	void	(I)V	91898
cc	a	byte, tv	boolean	(BLtv;)Z	91928
cc	a	int, lbb, pe	boolean	(ILlbb;Lpe;)Z	91993
cc	a	int, int[]	int[]	(I[I)[I	92052
cc	a	faa, boolean	void	(Lfaa;Z)V	92112
cc	b	byte, tv	void	(BLtv;)V	92166
cc	a	tv, int	void	(Ltv;I)V	92219
cc	a	pe, int	ucb[]	(Lpe;I)[Lucb;	92339
cca	e	byte	void	(B)V	92430
cca	a	nc[], int	nc	([Lnc;I)Lnc;	92463
ccb	a	int, int	tv[]	(II)[Ltv;	92530
ccb	b	byte	void	(B)V	92572
ccb	a	java.util.Random, int[], byte, boolean	int	(Ljava/util/Random;[IBZ)I	92608
ccb	a	int, qfa, int, java.lang.String	ts	(ILqfa;ILjava/lang/String;)Lts;	92670
ccb	a	byte	tv	(B)Ltv;	92827
cd	a	int	void	(I)V	92879
cd	a	boolean	int	(Z)I	92931
cda	a	tv, int	void	(Ltv;I)V	92983
cda	a	int, int, byte	void	(IIB)V	93062
cda	a	int, int, int, int	jo	(IIII)Ljo;	93151
cda	a	faa, boolean	void	(Lfaa;Z)V	93256
cda	b	byte, tv	void	(BLtv;)V	93306
cda	b	faa, int	void	(Lfaa;I)V	93374
cda	a	int, java.lang.String, java.lang.String	void	(ILjava/lang/String;Ljava/lang/String;)V	93482
cda	a	byte, tv	boolean	(BLtv;)Z	93535
cda	a	byte, int, int, int	jo	(BIII)Ljo;	93586
cda	a	int	void	(I)V	93714
cda	b	int, int, int, int	boolean	(IIII)Z	93765
cdb	a	int, boolean	int[]	(IZ)[I	93926
cdb	cdb		public	()V	93960
ce	a	int	void	(I)V	93983
ce	a	nc[], int	nc	([Lnc;I)Lnc;	94019
ce	b	boolean	void	(Z)V	94069
ce	a	asb, boolean	void	(Lasb;Z)V	94171
cea	a	int, int	void	(II)V	94247
cea	a	nc[], int	nc	([Lnc;I)Lnc;	94294
ceb	e	byte	void	(B)V	94367
ceb	a	nc[], int	nc	([Lnc;I)Lnc;	94402
cf	d	int	void	(I)V	94471
cf	a	int, int	int	(II)I	94507
cf	c	int	void	(I)V	94553
cf	a	tv, int	void	(Ltv;I)V	94586
cf	a	int	java.lang.String	(I)Ljava/lang/String;	94695
cf	a	int, int[], rsb	void	(I[ILrsb;)V	94759
cf	b	faa, int	void	(Lfaa;I)V	94827
cf	a	pe, boolean, int, int	void	(Lpe;ZII)V	94881
cf	a	faa, boolean	void	(Lfaa;Z)V	94978
cf	a	byte, tv	boolean	(BLtv;)Z	95027
cf	b	int	void	(I)V	95142
cf	b	byte, tv	void	(BLtv;)V	95179
cf	a	pe, int	ucb	(Lpe;I)Lucb;	95236
cfa	c	byte	void	(B)V	95295
cfa	a	byte	dka	(B)Ldka;	95328
cfa	a	ds, int	void	(Lds;I)V	95359
cfa	b	byte	bob	(B)Lbob;	95409
cfb	a	boolean, int, shb	void	(ZILshb;)V	95519
cg	b	boolean	void	(Z)V	95535
cg	a	int	java.lang.String	(I)Ljava/lang/String;	95567
cg	a	byte, int	boolean	(BI)Z	95598
cg	a	nc[], int	nc	([Lnc;I)Lnc;	95648
cga	a	nc[], int	nc	([Lnc;I)Lnc;	95719
cga	e	byte	void	(B)V	95773
ch	a	nc[], int	nc	([Lnc;I)Lnc;	95834
cha	a	nc[], int	nc	([Lnc;I)Lnc;	95917
cha	e	byte	void	(B)V	95969
chb	a	int, int, boolean	void	(IIZ)V	96024
chb	a	int	void	(I)V	96106
ci	a	int, int, int, int, int, int, int	void	(IIIIIII)V	96157
ci	a	int, int	tv[]	(II)[Ltv;	96269
ci	a	byte	tv	(B)Ltv;	96304
ci	a	int	void	(I)V	96337
ci	b	byte	boolean	(B)Z	96376
cib	a	int	void	(I)V	96479
cj	a	int, int, ds	void	(IILds;)V	96522
cj	a	int, boolean	int[]	(IZ)[I	96608
cj	cj		public	()V	97245
cj	a	int, int	int[][]	(II)[[I	97257
cja	a	int	void	(I)V	98490
cjb	a	int	void	(I)V	98544
ck	a	float, int, int, int, float, int, int, float	float[]	(FIIIFIIF)[F	98591
ck	b	boolean	boolean	(Z)Z	99143
ck	a	int	void	(I)V	99183
ck	a	int, java.lang.String	ij	(ILjava/lang/String;)Lij;	99216
ck	a	nc[], int	nc	([Lnc;I)Lnc;	99398
cka	a	int, java.lang.String, int, int, int, int	void	(ILjava/lang/String;IIII)V	99479
cka	a	int	void	(I)V	99541
cka	a	nc[], int	nc	([Lnc;I)Lnc;	99577
ckb	a	int, int	int[][]	(II)[[I	99639
ckb	c	byte	void	(B)V	99762
ckb	e	byte	void	(B)V	99810
ckb	a	int, int, ds	void	(IILds;)V	100102
ckb	ckb		public	()V	100242
ckb	a	boolean, int	void	(ZI)V	100255
cl	a	int, int, int, int, int, int	void	(IIIIII)V	101631
cl	a	byte	void	(B)V	101731
cl	cl		public	()V	101764
cla	a	int, int	tv[]	(II)[Ltv;	101797
cla	a	byte	tv	(B)Ltv;	101836
clb	toString		java.lang.String	()Ljava/lang/String;	101878
clb	clb		public	()V	101894
clb	a	int	ij	(I)Lij;	101901
cm	a	int, boolean	int[]	(IZ)[I	109732
cm	cm		public	()V	110332
cm	a	int, int, ds	void	(IILds;)V	110368
cm	a	byte, java.lang.String	java.lang.String	(BLjava/lang/String;)Ljava/lang/String;	110591
cm	c	byte	void	(B)V	110669
cm	e	byte	void	(B)V	110707
cm	a	int, int, int[][], int, int, java.util.Random, int	void	(II[[IIILjava/util/Random;I)V	110738
cma	a	int, int, int	boolean	(III)Z	111423
cma	a	java.lang.String, java.lang.String, java.lang.String, byte	java.lang.String	(Ljava/lang/String;Ljava/lang/String;Ljava/lang/String;B)Ljava/lang/String;	111468
cma	a	int, int, boolean, int, int, int, int, int	void	(IIZIIIII)V	111541
cma	a	asb, phb[][], int[], boolean, byte, byte[], java.lang.String[][], int[], java.lang.String[][], int, phb[][], asb, int, asb, caa[], byte[], java.lang.String[]	void	(Lasb;[[Lphb;[IZB[B[[Ljava/lang/String;[I[[Ljava/lang/String;I[[Lphb;Lasb;ILasb;[Lcaa;[B[Ljava/lang/String;)V	111731
cmb	a	nc[], int	nc	([Lnc;I)Lnc;	111939
cn	a	boolean	void	(Z)V	112006
cn	a	byte	tv	(B)Ltv;	112045
cn	a	int, int	tv[]	(II)[Ltv;	112078
cna	h	int	void	(I)V	112278
cna	a	int, int, int, int, int, int, int	void	(IIIIIII)V	112316
cna	a	int, int, int	int	(III)I	112506
cna	a	byte, int, int	void	(BII)V	112579
cnb	f	byte	void	(B)V	112851
cnb	a	nc[], int	nc	([Lnc;I)Lnc;	112890
cnb	a	int, dj, dj, int, int, java.lang.String, boolean	int	(ILdj;Ldj;IILjava/lang/String;Z)I	112945
cnb	e	byte	void	(B)V	113492
co	a	java.lang.Runnable, int	void	(Ljava/lang/Runnable;I)V	113557
co	a	byte	void	(B)V	113602
co	a	int, int, int, int, int, float[], int	void	(IIIII[FI)V	113639
coa	a	byte	void	(B)V	114077
coa	d	int, byte	boolean	(IB)Z	114125
coa	c	int, int	boolean	(II)Z	114166
coa	b	int, boolean	boolean	(IZ)Z	114216
coa	b	byte, tv	void	(BLtv;)V	114272
coa	a	tv, int	void	(Ltv;I)V	114339
coa	a	int, boolean	boolean	(IZ)Z	114453
coa	a	int	void	(I)V	114525
coa	a	int, boolean, boolean	boolean	(IZZ)Z	114622
coa	toString		java.lang.String	()Ljava/lang/String;	114709
coa	d	int, int	boolean	(II)Z	114750
coa	a	boolean	void	(Z)V	114797
coa	a	int[], byte, int[]	void	([IB[I)V	114827
coa	a	int, byte	boolean	(IB)Z	114912
coa	b	int, int	boolean	(II)Z	114955
coa	a	int, int	boolean	(II)Z	115001
coa	a	boolean, int, byte	boolean	(ZIB)Z	115067
coa	a	int, int, int, gd	ana	(IIILgd;)Lana;	115113
coa	b	int	int[]	(I)[I	115171
coa	b	boolean	void	(Z)V	115282
coa	a	faa, boolean	void	(Lfaa;Z)V	115317
coa	a	byte, int	boolean	(BI)Z	115374
coa	a	int, int, boolean	boolean	(IIZ)Z	115420
coa	b	faa, int	void	(Lfaa;I)V	115478
coa	b	int, byte	boolean	(IB)Z	115560
coa	c	int	int[]	(I)[I	115606
coa	b	byte, int	boolean	(BI)Z	115674
coa	a	byte[], int	arb	([BI)Larb;	115776
coa	a	boolean, int	boolean	(ZI)Z	115841
coa	c	int, byte	boolean	(IB)Z	115887
coa	a	byte, tv	boolean	(BLtv;)Z	115937
coa	coa		public	()V	116016
cob	a		void	()V	116095
cob	c		void	()V	116164
cob	g		int	()I	116178
cob	a	java.awt.Component	void	(Ljava/awt/Component;)V	116205
cp	a	byte, int, int	void	(BII)V	116511
cp	a	int, byte, int	void	(IBI)V	116618
cp	a	byte	void	(B)V	116657
cp	b	byte, int, int	void	(BII)V	116693
cpb	c	int	jagdx.IDirect3DBaseTexture	(I)Ljagdx/IDirect3DBaseTexture;	116759
cpb	a	tu, int	void	(Ltu;I)V	116782
cpb	b	int	void	(I)V	116798
cq	b	byte, tv	void	(BLtv;)V	117012
cq	a	int, int, byte	boolean	(IIB)Z	117073
cq	a	faa, boolean	void	(Lfaa;Z)V	117154
cq	a	tv, int	void	(Ltv;I)V	117219
cq	b	faa, int	void	(Lfaa;I)V	117377
cq	a	byte, tv	boolean	(BLtv;)Z	117446
cq	a	int, int, lta	void	(IILlta;)V	117535
cqa	a	nc[], int	nc	([Lnc;I)Lnc;	117713
cqa	e	byte	void	(B)V	117765
cqb	a	int	java.lang.String	(I)Ljava/lang/String;	117824
cqb	a	byte, tv	boolean	(BLtv;)Z	117872
cqb	c	int	void	(I)V	117945
cqb	a	int, lbb, pe	boolean	(ILlbb;Lpe;)Z	117978
cqb	d	int	rn	(I)Lrn;	118045
cqb	b	byte, tv	void	(BLtv;)V	118096
cqb	b	byte	void	(B)V	118155
cqb	a	pe, int	ucb[]	(Lpe;I)[Lucb;	118188
cqb	a	pe, int, int, int	void	(Lpe;III)V	118235
cqb	b	faa, int	void	(Lfaa;I)V	118310
cqb	a	faa, boolean	void	(Lfaa;Z)V	118399
cqb	b	int	void	(I)V	118448
cqb	a	byte, int	int	(BI)I	118581
cqb	a	tv, int	void	(Ltv;I)V	118621
cqb	a	int, int, int, int, byte	void	(IIIIB)V	118733
cr	a	int, int	int	(II)I	118818
cr	c		float[]	()[F	118843
cr	b		int	()I	118853
cr	a		void	()V	119151
cra	a	nc[], int	nc	([Lnc;I)Lnc;	119386
crb	d	int	int	(I)I	119464
crb	a	faa, int	void	(Lfaa;I)V	119498
crb	b	faa, int	void	(Lfaa;I)V	119535
crb	a	tv, int	void	(Ltv;I)V	119577
crb	a	byte, tv	boolean	(BLtv;)Z	119622
crb	a	faa, boolean	void	(Lfaa;Z)V	119666
crb	l	int	void	(I)V	119703
crb	b	byte, tv	void	(BLtv;)V	119740
crb	a	int, boolean	void	(IZ)V	119800
crb	a	faa, byte	void	(Lfaa;B)V	119869
crb	d	byte	void	(B)V	119924
cs	b	byte	void	(B)V	120022
cs	a	char, int	boolean	(CI)Z	120098
cs	a	byte	void	(B)V	120160
csa	b	byte	void	(B)V	120220
csa	a	byte	void	(B)V	120251
csb	a	boolean	void	(Z)V	120296
csb	a	byte	tv	(B)Ltv;	120384
csb	a	int, int	tv[]	(II)[Ltv;	120417
ct	a	int, int	int	(II)I	120465
ct	a	ml, int, ij	void	(Lml;ILij;)V	120512
ct	a	byte	void	(B)V	120657
cta	a	nc[], int	nc	([Lnc;I)Lnc;	120716
cta	a	int, int, int, int, byte, int, int	boolean	(IIIIBII)Z	120769
cta	a	int	void	(I)V	120863
ctb	a	byte[], int[], int, int, int, int, int, int, int	void	([B[IIIIIIII)V	120927
ctb	a	char, int, int, int, boolean, aa, int, int	void	(CIIIZLaa;II)V	121014
ctb	a	byte[], int[], int, int, int, int, int, int, int, int, int, int, aa, int, int	void	([B[IIIIIIIIIIILaa;II)V	121211
ctb	fa	char, int, int, int, boolean	void	(CIIIZ)V	121548
cu	a	int	void	(I)V	121743
cu	a	nc[], int	nc	([Lnc;I)Lnc;	121775
cua	a	float[], int, float[], int, int	void	([FI[FII)V	121838
cua	a	java.lang.Object[], int, java.lang.Object[], int, int	void	([Ljava/lang/Object;I[Ljava/lang/Object;II)V	122040
cua	a	byte[], int, byte[], int, int	void	([BI[BII)V	122242
cua	a	short[], int, short[], int, int	void	([SI[SII)V	122444
cua	a	int[], int, int[], int, int	void	([II[III)V	122646
cua	a	boolean[], int, boolean[], int, int	void	([ZI[ZII)V	122848
cua	a	int[], int, int, int	void	([IIII)V	123050
cua	a	int[], int, int	void	([III)V	123115
cv	a	dha	void	(Ldha;)V	123184
cv	a	int, dha	int	(ILdha;)I	123217
cv	b	dha	void	(Ldha;)V	123283
cv	a	byte[], int, byte[], int, int	int	([BI[BII)I	123522
cv	d	dha	byte	(Ldha;)B	123583
cv	c	dha	byte	(Ldha;)B	123592
cv	a		void	()V	123601
cv	e	dha	void	(Ldha;)V	123608
cv	a	int[], int[], int[], byte[], int, int, int	void	([I[I[I[BIII)V	124753
cva	a	nc[], int	nc	([Lnc;I)Lnc;	124921
cw	a	nc[], int	nc	([Lnc;I)Lnc;	124986
cw	a	int	void	(I)V	125036
cwa	a	byte	void	(B)V	125101
d	a	int	int	(I)I	125147
d	a	int, float, boolean, int, int, boolean	int[]	(IFZIIZ)[I	125150
d	a	int, int	opa	(II)Lopa;	125153
d	a	int, int, int, boolean, int, float	int[]	(IIIZIF)[I	125156
d	a	int, byte	boolean	(IB)Z	125159
d	a	float, int, int, int, int, boolean	float[]	(FIIIIZ)[F	125162
da	a	int, int, int	void	(III)V	125172
da	a	char, int, int, int, boolean, aa, int, int	void	(CIIIZLaa;II)V	125227
da	a	int, int, int, int, int, int, int[], boolean, int, int, java.lang.String, int, int, aja[], int, aa	int	(IIIIII[IZIILjava/lang/String;II[Laja;ILaa;)I	125230
da	a	int, int, java.lang.String	void	(IILjava/lang/String;)V	125375
da	a	int, int, int, java.lang.String, int[], aja[], int, int, int, int, int, int, aa, int, int, int, int	int	(IIILjava/lang/String;[I[Laja;IIIIIILaa;IIII)I	125499
da	a	int, int, int, aja[], java.lang.String, int, int, aa, int[]	void	(III[Laja;Ljava/lang/String;IILaa;[I)V	126021
da	a	boolean, int, int, java.lang.String, int, int	void	(ZIILjava/lang/String;II)V	126540
da	fa	char, int, int, int, boolean	void	(CIIIZ)V	126618
da	a	int, java.lang.String	void	(ILjava/lang/String;)V	126621
da	a	int, int, int, boolean, int, java.lang.String	void	(IIIZILjava/lang/String;)V	126929
daa	a	float, float, float, float, float, float, float, float, float, int	void	(FFFFFFFFFI)V	127105
daa	a	int[], float[], int, int, int, int, int, float, float	void	([I[FIIIIIFF)V	128892
daa	a		int	()I	129881
daa	a	float, float, float, float, float, float, float, float, float, int, int, int	void	(FFFFFFFFFIII)V	129893
daa	a	int[], float[], int, int, int, int, int, float, float, float, float, float, float, float, float	void	([I[FIIIIIFFFFFFFF)V	132434
daa	b		int	()I	135585
dab	b	byte	void	(B)V	135657
dab	a	pe, int	ucb[]	(Lpe;I)[Lucb;	135687
dab	b	byte, tv	void	(BLtv;)V	135727
dab	a	byte, int	int	(BI)I	135781
dab	b	faa, int	void	(Lfaa;I)V	135818
dab	a	tv, int	void	(Ltv;I)V	135872
dab	a	int	java.lang.String	(I)Ljava/lang/String;	135961
dab	a	int, lbb, pe	boolean	(ILlbb;Lpe;)Z	136001
dab	a	int, tv	byte[]	(ILtv;)[B	136065
dab	a	pe, int, int, int	void	(Lpe;III)V	136137
dab	a	faa, boolean	void	(Lfaa;Z)V	136186
dab	a	byte, tv	boolean	(BLtv;)Z	136264
db	a	java.awt.Frame, eab, byte	void	(Ljava/awt/Frame;Leab;B)V	136347
db	a	int	boolean	(I)Z	136436
db	a	nc[], int	nc	([Lnc;I)Lnc;	136499
db	a	java.lang.String[], byte[], asb, asb, asb, phb[][], java.lang.String[], int, java.lang.String[][], byte[], int, int, boolean, int[], int, int[], java.lang.String[][], phb[][], caa[]	void	([Ljava/lang/String;[BLasb;Lasb;Lasb;[[Lphb;[Ljava/lang/String;I[[Ljava/lang/String;[BIIZ[II[I[[Ljava/lang/String;[[Lphb;[Lcaa;)V	136549
db	e	int	void	(I)V	136749
dba	a	int, ea, int	void	(ILea;I)V	136800
dba	a	int, boolean	void	(IZ)V	136849
dba	a	nc[], int	nc	([Lnc;I)Lnc;	136901
dbb	a	nc[], int	nc	([Lnc;I)Lnc;	136963
dbb	a	int, int, int, int, int, int, int, int, int, int	int	(IIIIIIIIII)I	137018
dbb	a	float, float, byte, int, vjb, int, int, int, float, float, float	byte[]	(FFBILvjb;IIIFFF)[B	137193
dc	a	llb, int, llb, llb, llb	void	(Lllb;ILllb;Lllb;Lllb;)V	137299
dc	a	nc[], int	nc	([Lnc;I)Lnc;	137546
dca	a	nc[], int	nc	([Lnc;I)Lnc;	137612
dca	a	int	void	(I)V	137672
dd	a	int	void	(I)V	137778
dd	a	nc[], int	nc	([Lnc;I)Lnc;	137818
dda	a	boolean	int	(Z)I	137879
dda	a	int	void	(I)V	137908
dda	a	int, int	void	(II)V	137943
dda	a	int, boolean	void	(IZ)V	137995
ddb	a	nc[], int	nc	([Lnc;I)Lnc;	138075
ddb	e	byte	void	(B)V	138118
de	a	int, int	sw	(II)Lsw;	138175
de	a	int, phb	void	(ILphb;)V	138214
de	a	nc[], int	nc	([Lnc;I)Lnc;	138271
deb	b	boolean	int	(Z)I	138362
deb	g	byte	int	(B)I	138394
deb	b	int	int	(I)I	138426
deb	a	int, char	boolean	(IC)Z	138457
deb	i	byte	void	(B)V	138516
deb	a	byte	int	(B)I	138549
deb	d	byte	int	(B)I	138580
deb	g	int	int	(I)I	138613
deb	k	int	int	(I)I	138644
deb	a	int	int	(I)I	138675
deb	c	int	int	(I)I	138706
deb	a	int, int	void	(II)V	138738
deb	a	boolean	int	(Z)I	138792
deb	f	byte	int	(B)I	138820
df	f	byte	void	(B)V	138865
df	e	byte	java.awt.Canvas	(B)Ljava/awt/Canvas;	138906
df	a	nc[], int	nc	([Lnc;I)Lnc;	138944
dfa	toString		java.lang.String	()Ljava/lang/String;	139018
dfa	a	byte	void	(B)V	139034
dfb	a	int	void	(I)V	139094
dfb	a	nc[], int	nc	([Lnc;I)Lnc;	139148
dfb	e	int	void	(I)V	139201
dga	a	boolean, asb	void	(ZLasb;)V	139288
dgb	a	boolean	void	(Z)V	149573
dh	a	java.awt.Canvas, int, int, int	void	(Ljava/awt/Canvas;III)V	149633
dh	e	byte	void	(B)V	149697
dh	a	nc[], int	nc	([Lnc;I)Lnc;	149734
dha	a	int	void	(I)V	149926
dhb	a	float, int, float, byte, int, int, int, int, float[], int, int, float[], int, float	void	(FIFBIIII[FII[FIF)V	150045
dhb	a	int	void	(I)V	150399
dhb	a	nc[], int	nc	([Lnc;I)Lnc;	150433
di	e	byte	void	(B)V	150518
di	di		public	()V	150559
di	a	int, boolean	int[]	(IZ)[I	150574
di	a	int, int, ds	void	(IILds;)V	150674
di	a	int, int	int[][]	(II)[[I	150799
di	a	java.lang.String, int	vu	(Ljava/lang/String;I)Lvu;	150959
dia	a	nc[], int	nc	([Lnc;I)Lnc;	151081
dia	a	int, int, int, no, int, phb[], int, int, int, int, int, phb[], int, int, no, int, int, int, int, phb[]	void	(IIILno;I[Lphb;IIIII[Lphb;IILno;IIII[Lphb;)V	151133
dia	a	int	void	(I)V	151298
dib	a	byte, int, int, int	int	(BIII)I	151435
dib	a	java.lang.String, int	tsa[]	(Ljava/lang/String;I)[Ltsa;	151600
dib	a	byte, int, int	void	(BII)V	151691
dib	b	byte, int, int	void	(BII)V	151768
dib	a	int, byte, int	void	(IBI)V	151847
dib	a	int, int	boolean	(II)Z	151927
dib	a	byte	void	(B)V	151970
dj	a	byte	void	(B)V	152026
dj	b	byte	java.lang.String	(B)Ljava/lang/String;	152059
dj	a	boolean	boolean	(Z)Z	152092
dja	a	byte	tv	(B)Ltv;	152192
dja	a	int, int	tv[]	(II)[Ltv;	152195
djb	a	int	void	(I)V	152208
djb	b	byte	void	(B)V	152502
djb	d	int	java.lang.String[]	(I)[Ljava/lang/String;	152551
djb	a	int, java.lang.String	boolean	(ILjava/lang/String;)Z	152885
djb	c	byte	void	(B)V	153014
djb	a	int, char, int	boolean	(ICI)Z	153048
djb	a	java.lang.String, byte	vga	(Ljava/lang/String;B)Lvga;	153498
dk	a	nc[], int	nc	([Lnc;I)Lnc;	153603
dk	a	int, boolean, java.lang.CharSequence	java.lang.String	(IZLjava/lang/CharSequence;)Ljava/lang/String;	153654
dka	toString		java.lang.String	()Ljava/lang/String;	153771
dkb	b	byte	void	(B)V	153799
dkb	a	int, int	tv[]	(II)[Ltv;	153832
dkb	a	byte	tv	(B)Ltv;	153877
dla	a	int	int	(I)I	153947
dla	a	boolean, java.util.Random, int, int	void	(ZLjava/util/Random;II)V	153978
dla	c	int	java.lang.String	(I)Ljava/lang/String;	154120
dla	a	boolean, byte	void	(ZB)V	154157
dla	b	int	void	(I)V	154536
dla	a	int, int	int	(II)I	154813
dla	a	byte	void	(B)V	154842
dla	a	int, boolean, int, int	boolean	(IZII)Z	154872
dlb	a	int, int	tv[]	(II)[Ltv;	155303
dlb	a	byte	tv	(B)Ltv;	155338
dlb	a	int	caa	(I)Lcaa;	155371
dm	i	byte	llb	(B)Lllb;	155436
dm	a	byte	int	(B)I	155468
dm	k	int	int	(I)I	155499
dm	a	int, byte	int	(IB)I	155527
dm	f	byte	int	(B)I	155588
dm	d	byte	int	(B)I	155620
dm	b	boolean	int	(Z)I	155649
dm	a	boolean	int	(Z)I	155677
dm	g	byte	int	(B)I	155705
dm	c	boolean	boolean	(Z)Z	155736
dm	b	int	int	(I)I	155769
dm	c	int	int	(I)I	155800
dm	a	int	int	(I)I	155828
dma	a	int[], int, int	void	([III)V	155909
dma	c	int, int, int, int, int	void	(IIIII)V	155925
dma	g	int, int, int, int, int	void	(IIIII)V	155969
dma	h	int, int, int, int	void	(IIII)V	156095
dma	b	int, int, int, int, int	void	(IIIII)V	156146
dma	f	int, int, int, int, int	void	(IIIII)V	156179
dma	d	int, int, int, int, int, int	void	(IIIIII)V	156308
dma	f	int, int, int, int	void	(IIII)V	156356
dma	d		void	()V	156592
dma	c	int, int, int, int	void	(IIII)V	156606
dma	a	int, int, int, int, int	void	(IIIII)V	157079
dma	a	int[], int, int, int, int, int, int, int	void	([IIIIIIII)V	157306
dma	b	int[]	void	([I)V	157743
dma	a	int, int, int	void	(III)V	157765
dma	c	int, int, int, int, int, int	void	(IIIIII)V	157791
dma	e	int, int, int, int, int, int	void	(IIIIII)V	157927
dma	a		void	()V	158055
dma	a	int, int[], int, int, int, int	void	(I[IIIII)V	158122
dma	c		void	()V	158249
dma	f	int, int, int, int, int, int	void	(IIIIII)V	158258
dma	g	int, int, int, int	void	(IIII)V	158417
dma	e	int, int, int, int	void	(IIII)V	158443
dma	b	int, int, int, int	void	(IIII)V	158506
dma	b		void	()V	158538
dma	d	int, int, int, int	void	(IIII)V	158555
dma	a	int[]	void	([I)V	158608
dma	b	int, int, int, int, int, int	void	(IIIIII)V	158629
dma	a	int, int, int, int, int, int	void	(IIIIII)V	158990
dma	a	int, int, int, int	void	(IIII)V	159026
dma	a	int[], int, int, int, int, int, int, int, int	void	([IIIIIIIII)V	159145
dma	d	int, int, int, int, int	void	(IIIII)V	159789
dma	e	int, int, int, int, int	void	(IIIII)V	159867
dmb	b	byte, tv	void	(BLtv;)V	160256
dmb	a	byte, tv	boolean	(BLtv;)Z	160298
dmb	a	faa, boolean	void	(Lfaa;Z)V	160339
dmb	a	tv, int	void	(Ltv;I)V	160381
dmb	a	byte	void	(B)V	160427
dmb	b	faa, int	void	(Lfaa;I)V	160465
dmb	a	int, byte, asb, int	phb[]	(IBLasb;I)[Lphb;	160508
dmb	a	pe, boolean	void	(Lpe;Z)V	160567
dn	a	tv[], boolean, int, tv[], int	boolean	([Ltv;ZI[Ltv;I)Z	160596
dn	a	nc[], int	nc	([Lnc;I)Lnc;	160747
dn	a	int	void	(I)V	160798
dnb	c	byte	tja	(B)Ltja;	160949
dob	e	byte	void	(B)V	161072
dob	a	int[], byte, int[]	int[]	([IB[I)[I	161109
dob	a	nc[], int	nc	([Lnc;I)Lnc;	161194
dp	a	int	void	(I)V	161268
dpa	a	nc[], int	nc	([Lnc;I)Lnc;	161324
dpa	b	boolean	void	(Z)V	161374
dpb	a	boolean, pgb	java.lang.String	(ZLpgb;)Ljava/lang/String;	161428
dpb	toString		java.lang.String	()Ljava/lang/String;	161684
dq	a	byte, int, boolean	void	(BIZ)V	161724
dq	a	boolean	void	(Z)V	162161
dq	b	byte	void	(B)V	162843
dq	a	byte	int	(B)I	163035
dqa	e	byte	boolean	(B)Z	163172
dqa	a	boolean, shb	boolean	(ZLshb;)Z	163216
dqa	b	int, int, int, int	void	(IIII)V	163335
dqa	a	byte, int, int, int, shb, int	void	(BIIILshb;I)V	163435
dqa	f	byte	void	(B)V	163533
dqa	b	boolean	void	(Z)V	163597
dqa	a	int, int, int, int, shb, int, byte	boolean	(IIIILshb;IB)Z	163627
dqa	c	int	int	(I)I	163748
dqa	a	int, int, int, int, int	void	(IIIII)V	163837
dqa	d	byte	java.lang.String	(B)Ljava/lang/String;	163886
dqa	a	int, boolean, boolean, oib, int	void	(IZZLoib;I)V	163960
dqa	b	int, shb	void	(ILshb;)V	164189
dqa	a	java.util.Hashtable, byte, java.lang.StringBuilder, int	void	(Ljava/util/Hashtable;BLjava/lang/StringBuilder;I)V	164234
dqa	a	int, shb	boolean	(ILshb;)Z	164351
dqa	a	int, int, shb, char	boolean	(IILshb;C)Z	164429
dqa	h	byte	void	(B)V	164566
dqa	a	int, int, int, shb	void	(IIILshb;)V	164626
dqa	a	boolean, java.util.Hashtable, int, java.lang.StringBuilder	java.lang.StringBuilder	(ZLjava/util/Hashtable;ILjava/lang/StringBuilder;)Ljava/lang/StringBuilder;	164738
dqa	a	int, int, int, shb, int, int, int	boolean	(IIILshb;III)Z	164816
dqa	g	byte	shb	(B)Lshb;	164932
dqa	a	shb, int	boolean	(Lshb;I)Z	165002
dqb	b	int, byte[], byte[], int, int, int	int	(I[B[BIII)I	165139
dqb	a	byte, java.lang.String	byte[]	(BLjava/lang/String;)[B	165396
dqb	a	int	void	(I)V	165782
dqb	a	int, byte[], byte[], int, int, int	int	(I[B[BIII)I	165815
dr	a	int	void	(I)V	166304
dra	a	int[], int, int	void	([III)V	166399
dra	a	int	void	(I)V	166925
dra	a	hbb, int, int, int	void	(Lhbb;III)V	167167
dra	a	byte, int	void	(BI)V	167230
dra	a	int, kka, int, int	void	(ILkka;II)V	167268
dra	c		f	()Lf;	167325
dra	b	byte, int	void	(BI)V	167339
dra	d		int	()I	167374
dra	a	int, hbb, hbb	void	(ILhbb;Lhbb;)V	167388
dra	a		f	()Lf;	167452
dra	a	int, int, boolean, kka, int, int	void	(IIZLkka;II)V	167466
dra	c	int	void	(I)V	167777
drb	e	byte	void	(B)V	167891
drb	a	boolean, int	kob	(ZI)Lkob;	167922
drb	a	int, boolean	int[]	(IZ)[I	167967
drb	drb	int	private	(I)V	168020
drb	drb		public	()V	168053
drb	a	int, int, ds	void	(IILds;)V	168061
ds	f	int	int	(I)I	168148
ds	n	int	int	(I)I	168199
ds	a	byte, java.lang.String	void	(BLjava/lang/String;)V	168251
ds	d	int	int	(I)I	168423
ds	b	int, int	void	(II)V	168478
ds	l	int	int	(I)I	168561
ds	a	int, int[], int, boolean	void	(I[IIZ)V	168638
ds	c	int, int	void	(II)V	168799
ds	i	int	int	(I)I	168847
ds	a	boolean, java.lang.String	void	(ZLjava/lang/String;)V	168926
ds	b	int, byte	void	(IB)V	168999
ds	e	int, int	void	(II)V	169063
ds	d	byte	byte	(B)B	169109
ds	a	long, int	void	(JI)V	169151
ds	g	int, int	int	(II)I	169301
ds	b	byte, java.lang.String	void	(BLjava/lang/String;)V	169350
ds	k	int	long	(I)J	169434
ds	a	int, byte	void	(IB)V	169484
ds	a	long, boolean	void	(JZ)V	169560
ds	a	int, byte[], byte, int	void	(I[BBI)V	169694
ds	a	int[], byte	void	([IB)V	169779
ds	a	int, int	void	(II)V	169926
ds	e	byte	int	(B)I	169987
ds	a	int, boolean	void	(IZ)V	170027
ds	a	int, long	void	(IJ)V	170093
ds	f	int, int	void	(II)V	170236
ds	a	boolean, int	void	(ZI)V	170352
ds	g	int	java.lang.String	(I)Ljava/lang/String;	170436
ds	a	byte, int	void	(BI)V	170529
ds	c	int	boolean	(I)Z	170617
ds	e	int	int	(I)I	170677
ds	j	int	void	(I)V	170739
ds	a	java.math.BigInteger, java.math.BigInteger, int	void	(Ljava/math/BigInteger;Ljava/math/BigInteger;I)V	170772
ds	a	int, byte[], int, int	void	(I[BII)V	170863
ds	h	int	int	(I)I	170948
ds	m	int	java.lang.String	(I)Ljava/lang/String;	171070
ds	d	int, int	void	(II)V	171123
ds	a	int	java.lang.String	(I)Ljava/lang/String;	171214
ds	a	boolean	int	(Z)I	171277
ds	c	byte	int	(B)I	171341
ds	b	byte, int	void	(BI)V	171408
dsa	a	int	void	(I)V	171506
dsa	a	nc[], int	nc	([Lnc;I)Lnc;	171549
dsb	a	nc[], int	nc	([Lnc;I)Lnc;	171628
dsb	a	int	void	(I)V	171684
dt	a	int	void	(I)V	171740
dt	e	int	void	(I)V	171791
dt	a	nc[], int	nc	([Lnc;I)Lnc;	171821
dt	a	dja, int, int, java.lang.Object[]	java.lang.Object[]	(Ldja;II[Ljava/lang/Object;)[Ljava/lang/Object;	171867
dta	a	boolean, shb, boolean	void	(ZLshb;Z)V	171984
dtb	b	byte	void	(B)V	171991
dtb	a	byte	tv	(B)Ltv;	172021
dtb	a	eab, int	fm[]	(Leab;I)[Lfm;	172054
dtb	a	int, int	tv[]	(II)[Ltv;	172201
dtb	a	char, int, java.lang.CharSequence	boolean	(CILjava/lang/CharSequence;)Z	172248
du	a	java.awt.Graphics, int, int, int, int, int, int, int	void	(Ljava/awt/Graphics;IIIIIII)V	172347
du	a	int, int, int, java.awt.Canvas	void	(IIILjava/awt/Canvas;)V	172419
dua	a	nc[], int	nc	([Lnc;I)Lnc;	172519
dua	f	byte	void	(B)V	172570
dua	e	byte	java.lang.String	(B)Ljava/lang/String;	172614
dv	b	byte, tv	void	(BLtv;)V	172788
dv	a	int, int, int, int, int, int	void	(IIIIII)V	172843
dv	a	tv, int	void	(Ltv;I)V	172902
dv	a	faa, boolean	void	(Lfaa;Z)V	173012
dv	b	faa, int	void	(Lfaa;I)V	173056
dv	a	byte, tv	boolean	(BLtv;)Z	173107
dv	a	byte	void	(B)V	173178
dva	a	nc[], int	nc	([Lnc;I)Lnc;	173286
dva	a	int, lta, int, int, int, int, int, int	void	(ILlta;IIIIII)V	173332
dva	e	byte	void	(B)V	173512
dw	a	int	void	(I)V	173567
dw	dw		public	()V	173600
dw	a	int, shb, int, int, boolean	void	(ILshb;IIZ)V	173607
dwa	a	int	void	(I)V	173761
dwa	a	int, int, boolean	boolean	(IIZ)Z	173807
dwa	a	nc[], int	nc	([Lnc;I)Lnc;	173852
e	w	boolean	void	(Z)V	174080
ea	a	int	void	(I)V	174111
eaa	a	nc[], int	nc	([Lnc;I)Lnc;	174176
eaa	a	byte, boolean, byte[], int, int, int	void	(BZ[BIII)V	174238
eaa	a	int	void	(I)V	174341
eab	a	int, int, java.lang.Runnable	mob	(IILjava/lang/Runnable;)Lmob;	174466
eab	a	java.awt.Component, boolean, byte	mob	(Ljava/awt/Component;ZB)Lmob;	174498
eab	a	int	boolean	(I)Z	174534
eab	a	java.lang.String, java.lang.Class, int	mob	(Ljava/lang/String;Ljava/lang/Class;I)Lmob;	174580
eab	a	int, boolean, byte, java.lang.String	mob	(IZBLjava/lang/String;)Lmob;	174620
eab	b	int	void	(I)V	174651
eab	a	java.lang.Class[], byte, java.lang.Class, java.lang.String	mob	([Ljava/lang/Class;BLjava/lang/Class;Ljava/lang/String;)Lmob;	174771
eab	a	byte, int, int, int, java.lang.Object	mob	(BIIILjava/lang/Object;)Lmob;	174815
eab	a	java.net.URL, int	mob	(Ljava/net/URL;I)Lmob;	174888
eab	a	byte, java.awt.datatransfer.Transferable	mob	(BLjava/awt/datatransfer/Transferable;)Lmob;	174913
eab	a	int, java.lang.String, int	mob	(ILjava/lang/String;I)Lmob;	174941
eab	a	int, int, int, int, int	mob	(IIIII)Lmob;	174966
eab	run		void	()V	175002
eab	a	int, java.lang.String, byte, java.lang.String	au	(ILjava/lang/String;BLjava/lang/String;)Lau;	175986
eab	a	byte[], byte, java.io.File	boolean	([BBLjava/io/File;)Z	176148
eab	a	java.awt.Component, int, int, int	mob	(Ljava/awt/Component;III)Lmob;	176189
eab	c	int	mob	(I)Lmob;	176229
eab	a	java.awt.Frame, byte	mob	(Ljava/awt/Frame;B)Lmob;	176254
eab	d	int	mob	(I)Lmob;	176280
eb	b	float, int	float	(FI)F	176680
eb	b	byte	int	(B)I	176683
eb	a	byte	int	(B)I	176686
eb	a	int, int, int, int, int, int[], int, byte	void	(IIIII[IIB)V	176689
eb	a	float, int	float	(FI)F	176692
eb	a	boolean, byte, boolean	void	(ZBZ)V	176695
eb	a	int	boolean	(I)Z	176698
eba	a	nc[], int	nc	([Lnc;I)Lnc;	176712
eba	a	int	int	(I)I	176763
ebb	a	byte	void	(B)V	176809
ebb	a	int	void	(I)V	176840
ec	a	nc[], int	nc	([Lnc;I)Lnc;	176895
eca	d	int	java.lang.String	(I)Ljava/lang/String;	176961
eca	b	int	qrb	(I)Lqrb;	177001
eca	a	uf, byte	void	(Luf;B)V	177038
eca	b	byte	boolean	(B)Z	177079
eca	e	int	void	(I)V	177131
eca	a	int, uf	void	(ILuf;)V	177165
eca	a	java.lang.String, int	qrb	(Ljava/lang/String;I)Lqrb;	177240
eca	b	java.lang.String, int	java.lang.String	(Ljava/lang/String;I)Ljava/lang/String;	177243
ecb	a	int	void	(I)V	177259
ecb	a	byte	tv	(B)Ltv;	177290
ecb	a	int, int	tv[]	(II)[Ltv;	177330
ecb	a	int, byte, int	int	(IBI)I	177367
ed	a	nc[], int	nc	([Lnc;I)Lnc;	177680
eda	a	nc[], int	nc	([Lnc;I)Lnc;	177735
edb	a	int	void	(I)V	177804
edb	a	nc[], int	nc	([Lnc;I)Lnc;	177837
ee	a	int	boolean	(I)Z	177908
ee	a	nc[], int	nc	([Lnc;I)Lnc;	177940
ee	e	int	void	(I)V	177985
eea	callbackEnumModes	com.ms.directX.DDSurfaceDesc, com.ms.com.IUnknown	void	(Lcom/ms/directX/DDSurfaceDesc;Lcom/ms/com/IUnknown;)V	180156
eea	a	int, java.awt.Frame, int, int, int, int	void	(ILjava/awt/Frame;IIII)V	180213
eea	eea		public	()V	180273
eea	a	int, java.awt.Frame	void	(ILjava/awt/Frame;)V	180296
eea	a	boolean	int[]	(Z)[I	180327
eeb	b	byte	boolean	(B)Z	180374
eeb	a	int	void	(I)V	180377
eeb	c	byte	java.lang.String	(B)Ljava/lang/String;	180380
eeb	a	byte	qrb	(B)Lqrb;	180383
ef	a	boolean, java.util.Hashtable, int, java.lang.StringBuilder	java.lang.StringBuilder	(ZLjava/util/Hashtable;ILjava/lang/StringBuilder;)Ljava/lang/StringBuilder;	180417
ef	a	byte, int, int, int, shb, int	void	(BIIILshb;I)V	180529
ef	a	int, int, int, int, shb, int, byte	boolean	(IIIILshb;IB)Z	180693
ef	a	int, int, int, shb	void	(IIILshb;)V	180823
ef	a	int	void	(I)V	181044
ef	e	int	void	(I)V	181096
ef	a	java.lang.String, java.lang.String, int, asb	caa	(Ljava/lang/String;Ljava/lang/String;ILasb;)Lcaa;	181131
efa	a	nc[], int	nc	([Lnc;I)Lnc;	181224
efb	a	int, int	tv[]	(II)[Ltv;	181312
efb	a	byte	tv	(B)Ltv;	181349
efb	b	byte	void	(B)V	181382
eg	a	int, int, phb[], int, int	void	(II[Lphb;II)V	181442
eg	a	nc[], int	nc	([Lnc;I)Lnc;	181600
eg	a	int	void	(I)V	181647
eg	e	byte	void	(B)V	181677
ega	a	nc[], int	nc	([Lnc;I)Lnc;	181805
ega	e	byte	void	(B)V	181861
egb	a	nc[], int	nc	([Lnc;I)Lnc;	181941
egb	a	int	void	(I)V	181987
eh	a	int	void	(I)V	182042
eh	a	nc[], int	nc	([Lnc;I)Lnc;	182082
eh	a	asb, int, asb	void	(Lasb;ILasb;)V	182133
eha	a	nc[], int	nc	([Lnc;I)Lnc;	182197
eha	a	int	void	(I)V	182249
ehb	a	long, byte, fh	void	(JBLfh;)V	182325
ehb	a	long, int	fh	(JI)Lfh;	182426
ehb	a	boolean	void	(Z)V	182479
ei	a	boolean	void	(Z)V	182611
ei	a	int, shb, int, int, boolean	void	(ILshb;IIZ)V	182646
eia	a	nc[], int	nc	([Lnc;I)Lnc;	183028
eia	a	int	void	(I)V	183073
eib	a	nc[], int	nc	([Lnc;I)Lnc;	183130
eib	a	int, int, int	void	(III)V	183178
eib	a	boolean, boolean, int, int, int, int	phb[]	(ZZIIII)[Lphb;	183324
ej	b	byte	void	(B)V	183538
ej	a	byte	tv	(B)Ltv;	183573
ej	a	int, int	tv[]	(II)[Ltv;	183606
eja	a	nc[], int	nc	([Lnc;I)Lnc;	183656
eja	a	int, int, int	void	(III)V	183711
eja	a	int	void	(I)V	183916
eja	a	int, byte, int	boolean	(IBI)Z	183951
ejb	a	int	void	(I)V	184026
ejb	a	nc[], int	nc	([Lnc;I)Lnc;	184528
ejb	e	int	void	(I)V	184573
ek	a	nc[], int	nc	([Lnc;I)Lnc;	184616
ek	a	int, int, int, int, int, int, int, int, int, int	int	(IIIIIIIIII)I	184678
ek	b	boolean	void	(Z)V	185066
eka	a	byte, tv	boolean	(BLtv;)Z	185105
eka	b	faa, int	void	(Lfaa;I)V	185146
eka	a	byte	int	(B)I	185184
eka	a	int, sg	int	(ILsg;)I	185213
eka	a	tv, int	void	(Ltv;I)V	185259
eka	b	byte, tv	void	(BLtv;)V	185298
eka	a	int	boolean	(I)Z	185350
eka	b	byte	int	(B)I	185382
eka	a	faa, boolean	void	(Lfaa;Z)V	185414
eka	a	boolean, int, anb, int[], pe, int, int, int	void	(ZILanb;[ILpe;III)V	185462
eka	a	anb, int[], int, int, int, int, int, pe, int, int, int	void	(Lanb;[IIIIIILpe;III)V	185537
eka	b	int	void	(I)V	185623
el	a	nc[], int	nc	([Lnc;I)Lnc;	185666
ela	a	nc[], int	nc	([Lnc;I)Lnc;	185736
ela	a	byte, int[]	int[]	(B[I)[I	185781
elb	a	int, int, int	void	(III)V	185977
elb	a	int, byte, int, int	void	(IBII)V	185980
elb	a	int	void	(I)V	186552
elb	b	byte	void	(B)V	186555
elb	a	byte	void	(B)V	186663
elb	a	boolean	void	(Z)V	186726
elb	c	byte	void	(B)V	186810
em	a	nc[], int	nc	([Lnc;I)Lnc;	186849
em	a	int, int, int, int, int, int, int	boolean	(IIIIIII)Z	186911
ema	a	int	void	(I)V	187017
ema	a	nc[], int	nc	([Lnc;I)Lnc;	187066
emb	a	int, int, int, int, int[], int, int, int, int, int, int, int, int, int, int, int, int	void	(IIII[IIIIIIIIIIIII)V	187137
emb	a	nc[], int	nc	([Lnc;I)Lnc;	188529
emb	a	int	void	(I)V	188581
en	a	uf, byte	void	(Luf;B)V	188639
en	a	int, uf	void	(ILuf;)V	188642
ena	a	int	void	(I)V	188658
ena	a	int, float, int, int, int	void	(IFIII)V	188696
ena	a	nc[], int	nc	([Lnc;I)Lnc;	188777
enb	a	byte	void	(B)V	188914
eo	a	int	boolean	(I)Z	188962
eo	a	nc[], int	nc	([Lnc;I)Lnc;	189003
eo	e	int	void	(I)V	189048
eoa	a	byte	tv	(B)Ltv;	190135
eoa	a	int, int	tv[]	(II)[Ltv;	190168
eoa	a	int	void	(I)V	190206
eob	a	int	void	(I)V	190248
eob	a	nc[], int	nc	([Lnc;I)Lnc;	190293
ep	a	nc[], int	nc	([Lnc;I)Lnc;	190352
ep	a	byte, int, int, int, int, int	void	(BIIIII)V	190415
ep	e	byte	void	(B)V	190745
epa	a	int	void	(I)V	190792
epa	a	nc[], int	nc	([Lnc;I)Lnc;	190836
epb	b	byte	float[]	(B)[F	190931
epb	a	float[], float, float, float, int, float	void	([FFFFIF)V	191021
epb	a	boolean, pw	void	(ZLpw;)V	191269
epb	a	pw, int	void	(Lpw;I)V	191360
epb	a	int	void	(I)V	191506
epb	c	int	void	(I)V	191566
epb	b	int	void	(I)V	191600
epb	a	boolean	float[]	(Z)[F	191673
epb	a	int, int, int, int, int, int	void	(IIIIII)V	191765
eq	e	byte	void	(B)V	192016
eq	a	nc[], int	nc	([Lnc;I)Lnc;	192049
eqa	a	nc[], int	nc	([Lnc;I)Lnc;	192121
eqb	a	ml, int	void	(Lml;I)V	192180
eqb	a	int	void	(I)V	192285
er	a	nc[], int	nc	([Lnc;I)Lnc;	192407
era	a	nc[], int	nc	([Lnc;I)Lnc;	192475
era	a	int	void	(I)V	192521
erb	a	nc[], int	nc	([Lnc;I)Lnc;	192587
erb	a	int	void	(I)V	192630
es	a	boolean	void	(Z)V	192695
es	a	int, int, sw, int, da, int, ha, int, int, no, int	void	(IILsw;ILda;ILha;IILno;I)V	192729
esa	a	nc[], int	nc	([Lnc;I)Lnc;	192923
esa	b	boolean	void	(Z)V	192975
esb	b	byte	int	(B)I	193019
esb	a	int, int, int	boolean	(III)Z	193052
esb	a	boolean, byte	jaclib.memory.Buffer	(ZB)Ljaclib/memory/Buffer;	193100
esb	a	int, java.lang.CharSequence	java.lang.String	(ILjava/lang/CharSequence;)Ljava/lang/String;	193144
esb	b	int	boolean	(I)Z	193281
esb	e	int	void	(I)V	193320
esb	a	int	void	(I)V	193366
et	a	tv, int	void	(Ltv;I)V	193412
et	a	faa, int, int, short[]	short[]	(Lfaa;II[S)[S	193522
et	a	byte	void	(B)V	193671
et	b	faa, int	void	(Lfaa;I)V	193704
et	b	byte, tv	void	(BLtv;)V	193759
et	a	asb, asb, int, boolean	void	(Lasb;Lasb;IZ)V	193821
et	a	faa, boolean	void	(Lfaa;Z)V	193908
et	a	byte, tv	boolean	(BLtv;)Z	193958
eta	a	int	void	(I)V	194039
eta	a	int, int	tv[]	(II)[Ltv;	194077
eta	a	byte, mm	void	(BLmm;)V	194114
eta	a	int, int, int	boolean	(III)Z	194200
eta	a	byte	tv	(B)Ltv;	194248
etb	a	byte	tv	(B)Ltv;	194301
etb	b	int	java.awt.Container	(I)Ljava/awt/Container;	194334
etb	a	int	boolean	(I)Z	194380
etb	b	byte	void	(B)V	194409
etb	a	int, int	tv[]	(II)[Ltv;	194444
eu	a	int, byte, int	void	(IBI)V	194511
eu	a	boolean	boolean	(Z)Z	194548
eu	a	int, int	int	(II)I	194595
eu	b	int	void	(I)V	194673
eu	b	byte, int, int	void	(BII)V	194709
eu	a	eab, byte, asb	void	(Leab;BLasb;)V	194806
eu	a	byte, int, int	void	(BII)V	195043
eua	a	int	void	(I)V	195130
ev	a	byte, int, int	void	(BII)V	195186
ev	b	byte, int, int	void	(BII)V	195189
ev	a	int	void	(I)V	195192
ev	a	int, byte, int	void	(IBI)V	195224
eva	a	int	void	(I)V	195282
eva	a	nc[], int	nc	([Lnc;I)Lnc;	195512
eva	a	br, int, int	void	(Lbr;II)V	195558
ew	a	nc[], int	nc	([Lnc;I)Lnc;	195639
ew	a	int, java.lang.String	void	(ILjava/lang/String;)V	195685
ew	b	boolean	void	(Z)V	195725
ew	a	int, int, byte, int, int, int	void	(IIBIII)V	195764
ewa	a	nc[], int	nc	([Lnc;I)Lnc;	196071
ewa	b	boolean	void	(Z)V	196114
f	b		int	()I	196166
f	a		f	()Lf;	196172
f	a	int[], int, int	void	([III)V	196175
f	c		f	()Lf;	196178
f	d		int	()I	196181
f	a	int	void	(I)V	196184
f	b	int[], int, int	void	([III)V	196187
f	f		protected	()V	196204
fa	c	byte	void	(B)V	196227
fa	a	java.lang.String, int, boolean	void	(Ljava/lang/String;IZ)V	196262
faa	a	int, int, int	void	(III)V	196384
faa	f	byte	void	(B)V	196529
faa	o	int	int	(I)I	196567
faa	a	byte, qfa, int, java.lang.String	vab	(BLqfa;ILjava/lang/String;)Lvab;	196616
faa	i	int, int	int	(II)I	196705
faa	h	int, int	void	(II)V	196831
faa	r	int	void	(I)V	196893
faa	a	int, int[]	void	(I[I)V	196944
faa	p	int	void	(I)V	196989
faa	q	int	void	(I)V	197024
faa	a	int, int, byte, byte[]	void	(IIB[B)V	197061
fab	a	int, byte[]	void	(I[B)V	197175
fab	a	asb, java.lang.String, int, asb, java.lang.String	arb	(Lasb;Ljava/lang/String;ILasb;Ljava/lang/String;)Larb;	197316
fab	a	java.awt.Canvas, byte	void	(Ljava/awt/Canvas;B)V	197403
fab	a	int	void	(I)V	198007
fab	a	int, int, ds, byte[], java.math.BigInteger, byte, java.math.BigInteger	void	(IILds;[BLjava/math/BigInteger;BLjava/math/BigInteger;)V	198038
fab	a	boolean, fs[]	void	(Z[Lfs;)V	198268
fab	fab	asb, asb, d, eab, fs[]	private	(Lasb;Lasb;Ld;Leab;[Lfs;)V	198347
fab	a	byte, java.awt.Canvas	boolean	(BLjava/awt/Canvas;)Z	198436
fb	a	nc[], int	nc	([Lnc;I)Lnc;	198557
fb	a	int	void	(I)V	198618
fb	a	byte[], byte	java.lang.String	([BB)Ljava/lang/String;	198772
fb	e	byte	void	(B)V	198817
fba	b	int, int, int, int	jo	(IIII)Ljo;	198867
fba	a	int, int[], int, int	int	(I[III)I	198948
fba	a	int, int, int, byte	jo	(IIIB)Ljo;	199029
fba	a	int[], int, int, boolean, int	void	([IIIZI)V	199106
fba	c	int, int	int	(II)I	199201
fba	a	int[], byte	void	([IB)V	199253
fba	b	int, int	void	(II)V	199318
fba	a	byte, tv	boolean	(BLtv;)Z	199385
fba	a	int, int[], int, byte	void	(I[IIB)V	199436
fba	a	int[], byte, int, int	void	([IBII)V	199490
fba	a	boolean, int, int, int, int	void	(ZIIII)V	199580
fba	b	byte, int[], int	int	(B[II)I	199644
fba	a	int, int, int, int	int	(IIII)I	199769
fba	a	byte, int[], int	int	(B[II)I	199816
fba	a	int, int	int	(II)I	199952
fba	b	int	void	(I)V	199993
fba	a	tv, int	void	(Ltv;I)V	200024
fba	b	faa, int	void	(Lfaa;I)V	200102
fba	a	int, int, int, int, int	void	(IIIII)V	200218
fba	b	byte	void	(B)V	200284
fba	b	byte, tv	void	(BLtv;)V	200374
fba	a	byte	void	(B)V	200449
fba	a	int	void	(I)V	200483
fba	a	byte, int, int	void	(BII)V	200519
fba	a	int, int, int, int[]	void	(III[I)V	200592
fba	a	faa, boolean	void	(Lfaa;Z)V	201010
fba	a	int, byte	int	(IB)I	201059
fba	a	int, jo, int	void	(ILjo;I)V	201136
fbb	b	int, int	boolean	(II)Z	201284
fbb	a	boolean	void	(Z)V	201332
fbb	a	int, int	boolean	(II)Z	201365
fbb	a	boolean, boolean, int, int, int, int	void	(ZZIIII)V	201411
fbb	a	pib, int, int	boolean	(Lpib;II)Z	201632
fc	a	int, byte	int	(IB)I	201878
fc	a	nc[], int	nc	([Lnc;I)Lnc;	201965
fc	a	int	void	(I)V	202020
fca	a	asb, int, int	fca	(Lasb;II)Lfca;	202163
fca	b	byte[]	void	([B)V	202208
fca	a	asb	boolean	(Lasb;)Z	202580
fca	a	byte[], int	void	([BI)V	202600
fca	a	int	float	(I)F	202611
fca	a	int[]	gd	([I)Lgd;	202746
fca	b		gd	()Lgd;	202896
fca	a	asb, java.lang.String, java.lang.String	fca	(Lasb;Ljava/lang/String;Ljava/lang/String;)Lfca;	202992
fca	c		int	()I	203037
fca	c	int	int	(I)I	203065
fca	d	int	float[]	(I)[F	203141
fca	a		void	()V	204467
fcb	b	byte	void	(B)V	204561
fcb	a	byte	boolean	(B)Z	204894
fcb	a	int	void	(I)V	206502
fcb	a	int, int, int, int, int, byte	void	(IIIIIB)V	206535
fd	e	int	void	(I)V	206661
fd	a	int	void	(I)V	206701
fd	a	nc[], int	nc	([Lnc;I)Lnc;	206734
fda	a	nc[], int	nc	([Lnc;I)Lnc;	206803
fda	f	byte	void	(B)V	206850
fda	e	byte	boolean	(B)Z	206881
fdb	g	int	void	(I)V	206947
fdb	a	kka, boolean, int, boolean	void	(Lkka;ZIZ)V	206981
fdb	f	int	void	(I)V	207031
fdb	a	boolean, boolean, int, byte	void	(ZZIB)V	207132
fdb	b	int, byte, int	void	(IBI)V	207382
fdb	a	byte, int, cl	void	(BILcl;)V	207436
fdb	fdb		public	()V	207492
fdb	b	int, int, int, byte	void	(IIIB)V	207522
fdb	a	int[], int, int	void	([III)V	207638
fdb	a	int, cl, int	void	(ILcl;I)V	207812
fe	a	int	void	(I)V	207907
fe	a	java.lang.String, java.lang.String, boolean, byte	oib	(Ljava/lang/String;Ljava/lang/String;ZB)Loib;	207940
fe	a	nc[], int	nc	([Lnc;I)Lnc;	208016
fea	a	int	void	(I)V	208108
fea	a	nc[], int	nc	([Lnc;I)Lnc;	208154
feb	a	byte	void	(B)V	208209
feb	a	ha, boolean	kla	(Lha;Z)Lkla;	208241
ff	a	int	void	(I)V	208361
ff	a	nc[], int	nc	([Lnc;I)Lnc;	208403
ffa	a	boolean	boolean	(Z)Z	208474
ffb	a	boolean, java.lang.Object, boolean	byte[]	(ZLjava/lang/Object;Z)[B	208531
ffb	a	int	void	(I)V	208619
ffb	a	int, byte, int, int, int	void	(IBIII)V	208660
fg	a	int, int, int, int	void	(IIII)V	208930
fg	a	int, java.awt.Component	void	(ILjava/awt/Component;)V	209002
fg	a	int	void	(I)V	209005
fg	a	java.awt.Component, int	void	(Ljava/awt/Component;I)V	209042
fg	b	int	int	(I)I	209045
fg	a	char, int	boolean	(CI)Z	209048
fga	b	gd, int, int, int	fga	(Lgd;III)Lfga;	209166
fga	a	int, int, byte[], int[], int, int, int, int, int, int, int, int, int, fga, int, int	int	(II[B[IIIIIIIIIILfga;II)I	209187
fga	h		int	()I	209396
fga	d	int	void	(I)V	209408
fga	c	int	void	(I)V	209416
fga	b	int, int	int	(II)I	209442
fga	a	int	void	(I)V	209464
fga	l		void	()V	209935
fga	a		f	()Lf;	209955
fga	b	int, int, byte[], int[], int, int, int, int, int, int, int, fga, int, int	int	(II[B[IIIIIIIILfga;II)I	209961
fga	d	int, int	void	(II)V	210135
fga	c	int, int	void	(II)V	210146
fga	a	gd, int, int, int	fga	(Lgd;III)Lfga;	210162
fga	a	byte[], int[], int, int, int, int, int, int, fga	int	([B[IIIIIIILfga;)I	210200
fga	b	int, int, byte[], int[], int, int, int, int, int, int, fga, int, int	int	(II[B[IIIIIIILfga;II)I	210311
fga	d	int, int, byte[], int[], int, int, int, int, int, int, int, fga, int, int	int	(II[B[IIIIIIIILfga;II)I	210438
fga	d		int	()I	210610
fga	e		void	()V	210624
fga	f	int	void	(I)V	210647
fga	b	byte[], int[], int, int, int, int, int, int, int, fga	int	([B[IIIIIIIILfga;)I	210755
fga	a	int, int, byte[], int[], int, int, int, int, int, int, fga, int, int	int	(II[B[IIIIIIILfga;II)I	210915
fga	b	int[], int, int, int, int	int	([IIIII)I	211040
fga	a	byte[], int[], int, int, int, int, int, int, int, fga	int	([B[IIIIIIIILfga;)I	211279
fga	a	int, byte[], int[], int, int, int, int, int, int, int, int, int, fga	int	(I[B[IIIIIIIIIILfga;)I	211441
fga	i		boolean	()Z	211693
fga	c	int, int, byte[], int[], int, int, int, int, int, int, int, fga, int, int	int	(II[B[IIIIIIIILfga;II)I	211714
fga	a	int, byte[], int[], int, int, int, int, int, int, int, fga	int	(I[B[IIIIIIIILfga;)I	211885
fga	f		int	()I	212070
fga	b	int, byte[], int[], int, int, int, int, int, int, int, fga	int	(I[B[IIIIIIIILfga;)I	212083
fga	a	int[], int, int	void	([III)V	212266
fga	b		int	()I	212820
fga	j		boolean	()Z	212883
fga	a	gd, int, int	fga	(Lgd;II)Lfga;	213082
fga	a	int, int, int	void	(III)V	213117
fga	c		f	()Lf;	213247
fga	k		int	()I	213253
fga	a	boolean	void	(Z)V	213267
fga	e	int	void	(I)V	213293
fga	a	int, int, byte[], int[], int, int, int, int, int, int, int, fga, int, int	int	(II[B[IIIIIIIILfga;II)I	213303
fga	a	int[], int, int, int, int	int	([IIIII)I	213470
fga	fga	gd, int, int	private	(Lgd;II)V	213709
fga	g		boolean	()Z	213745
fga	g	int	void	(I)V	213756
fga	a	int, int	int	(II)I	213772
fga	b	int, byte[], int[], int, int, int, int, int, int, int, int, int, fga	int	(I[B[IIIIIIIIIILfga;)I	213793
fga	fga	gd, int, int, int	private	(Lgd;III)V	214047
fga	b	int, int, byte[], int[], int, int, int, int, int, int, int, int, int, fga, int, int	int	(II[B[IIIIIIIIIILfga;II)I	214083
fga	b	byte[], int[], int, int, int, int, int, int, fga	int	([B[IIIIIIILfga;)I	214296
fgb	a	int	void	(I)V	214415
fgb	a	int, int, lsa	void	(IILlsa;)V	214460
fh	c	byte	boolean	(B)Z	214556
fh	a	long, byte	void	(JB)V	214591
fh	c	int	long	(I)J	214640
fh	d	byte	void	(B)V	214673
fh	d	int	void	(I)V	214728
fh	fh		protected	()V	214768
fha	e	int	void	(I)V	214794
fha	a	nc[], int	nc	([Lnc;I)Lnc;	214842
fha	a	int	void	(I)V	214885
fhb	a	int	void	(I)V	214957
fhb	a	nc[], int	nc	([Lnc;I)Lnc;	214992
fi	a	int	void	(I)V	215066
fi	a	nc[], int	nc	([Lnc;I)Lnc;	215098
fia	a	int, int	byte[]	(II)[B	215171
fia	a	int[], int, byte, long, java.lang.String	boolean	([IIBJLjava/lang/String;)Z	215345
fia	a	boolean	void	(Z)V	215444
fia	a	byte	void	(B)V	216400
fib	a	byte, int, ura	void	(BILura;)V	216460
fib	a	byte	boolean	(B)Z	216523
fib	a	int	void	(I)V	216555
fib	a	int, boolean	void	(IZ)V	216620
fib	e	int	void	(I)V	216886
fib	b	int, boolean	void	(IZ)V	216919
fib	a	int, int, int	void	(III)V	216952
fj	b	int	void	(I)V	217106
fj	a	byte[], int, byte	void	([BIB)V	217138
fj	b	byte	void	(B)V	217380
fj	a	byte	void	(B)V	217462
fj	a	int	void	(I)V	217863
fj	a	byte[], int, long	void	([BIJ)V	217897
fja	e	byte	void	(B)V	218323
fja	a	int[], int	fs[]	([II)[Lfs;	218360
fja	a	int	void	(I)V	218474
fja	a	nc[], int	nc	([Lnc;I)Lnc;	218586
fjb	a	byte	tv	(B)Ltv;	218650
fjb	a	int	void	(I)V	218683
fjb	a	int, int	tv[]	(II)[Ltv;	218718
fk	a	byte	void	(B)V	219035
fk	b	int	int	(I)I	219065
fka	a	java.lang.String, byte	void	(Ljava/lang/String;B)V	219115
fka	a	int, byte, boolean, boolean, boolean	void	(IBZZZ)V	219157
fkb	a	int, byte	int	(IB)I	220423
fkb	c	int	void	(I)V	220472
fkb	d	int	void	(I)V	220516
fkb	a	int	void	(I)V	220551
fkb	a	int, java.lang.Object, java.io.File	void	(ILjava/lang/Object;Ljava/io/File;)V	220635
fl	a	int, int	tv[]	(II)[Ltv;	220725
fl	a	int, int, int, int, int, int, int	void	(IIIIIII)V	220763
fl	a	byte	tv	(B)Ltv;	220878
fla	e	byte	void	(B)V	220930
fla	a	nc[], int	nc	([Lnc;I)Lnc;	220963
flb	a	nc[], int	nc	([Lnc;I)Lnc;	221021
flb	a	int	void	(I)V	221077
flb	a	int, java.lang.String, int, java.lang.String, int	void	(ILjava/lang/String;ILjava/lang/String;I)V	221117
fm	a	byte	void	(B)V	221240
fma	c	byte	int	(B)I	221294
fma	f	byte	int	(B)I	221325
fma	e	byte	int	(B)I	221353
fma	a	boolean	int	(Z)I	221382
fma	g	byte	int	(B)I	221413
fma	g	int	int	(I)I	221445
fma	d	byte	int	(B)I	221478
fma	h	byte	boolean	(B)Z	221510
fma	k	int	int	(I)I	221542
fma	l	int	void	(I)V	221573
fma	a	int	int	(I)I	221650
fma	b	int	int	(I)I	221682
fma	i	byte	void	(B)V	221720
fma	b	boolean	int	(Z)I	221752
fma	i	int	boolean	(I)Z	221783
fma	c	int	int	(I)I	221812
fma	a	byte	int	(B)I	221840
fmb	a	int, int, int, int, int	void	(IIIII)V	221893
fmb	a	int	void	(I)V	221963
fmb	a	nc[], int	nc	([Lnc;I)Lnc;	222000
fn	fa	char, int, int, int, boolean	void	(CIIIZ)V	222537
fn	a	char, int, int, int, boolean, aa, int, int	void	(CIIIZLaa;II)V	222616
fna	a	nc[], int	nc	([Lnc;I)Lnc;	222836
fnb	a	int, boolean	int	(IZ)I	222916
fnb	a	int, int	byte[]	(II)[B	222919
fnb	a	int, int, int, boolean, int, int	void	(IIIZII)V	222922
fnb	a	int	void	(I)V	223169
fnb	a	byte	qp	(B)Lqp;	223202
fo	a	byte[], byte, boolean, int, int	boolean	([BBZII)Z	223236
fo	a	int, int, byte[], int	boolean	(II[BI)Z	223977
fo	toString		java.lang.String	()Ljava/lang/String;	224078
fo	a	byte, int	byte[]	(BI)[B	224100
foa	a	nc[], int	nc	([Lnc;I)Lnc;	224686
fob	a	int, int	tv[]	(II)[Ltv;	224761
fob	a	int	void	(I)V	224797
fob	a	byte	tv	(B)Ltv;	224829
fp	a	nc[], int	nc	([Lnc;I)Lnc;	224881
fpa	d	byte	int	(B)I	224950
fpa	c	byte	boolean	(B)Z	224979
fpa	b	byte	int	(B)I	225012
fpa	a	boolean	boolean	(Z)Z	225044
fpa	b	int	int	(I)I	225078
fpa	a	int, int, boolean, int, int	void	(IIZII)V	225114
fpa	a	int	int	(I)I	225190
fpa	d	int	void	(I)V	225219
fpb	k	int	int	(I)I	225269
fpb	a	int	int	(I)I	225301
fpb	a	pgb, int	void	(Lpgb;I)V	225333
fpb	l	int	void	(I)V	225511
fpb	b	int	int	(I)I	225548
fpb	d	boolean	java.lang.String	(Z)Ljava/lang/String;	225579
fpb	a	boolean	int	(Z)I	225621
fpb	g	byte	int	(B)I	225653
fpb	d	byte	int	(B)I	225682
fpb	b	boolean	int	(Z)I	225715
fpb	f	byte	int	(B)I	225754
fpb	c	int	int	(I)I	225786
fpb	g	int	int	(I)I	225814
fpb	a	byte	int	(B)I	225846
fq	a	int	void	(I)V	225899
fq	a	nc[], int	nc	([Lnc;I)Lnc;	225933
fqa	a	nc[], int	nc	([Lnc;I)Lnc;	226052
fqa	a	boolean, java.lang.String, java.lang.String	boolean	(ZLjava/lang/String;Ljava/lang/String;)Z	226113
fqb	a	int, char	boolean	(IC)Z	226223
fqb	a	byte, int, byte[], int	byte[]	(BI[BI)[B	226315
fqb	a	int	void	(I)V	226423
fqb	a	nc[], int	nc	([Lnc;I)Lnc;	226456
fr	a	lta, wfb, boolean	void	(Llta;Lwfb;Z)V	226527
fr	a	boolean, boolean	void	(ZZ)V	226934
fr	a	byte	tv	(B)Ltv;	226972
fr	a	int, int	tv[]	(II)[Ltv;	227005
fra	a	int	void	(I)V	227055
fra	a	int[], int, int, int	boolean	([IIII)Z	227085
fra	a	byte	int	(B)I	227364
frb	a	ds, byte	eu	(Lds;B)Leu;	227413
frb	a	int, int	java.lang.String	(II)Ljava/lang/String;	227474
frb	a	nc[], int	nc	([Lnc;I)Lnc;	227528
fs	a	byte, fs	boolean	(BLfs;)Z	227602
fs	a	bra, int	boolean	(Lbra;I)Z	227654
fs	toString		java.lang.String	()Ljava/lang/String;	227696
fsa	a	nc[], int	nc	([Lnc;I)Lnc;	227758
fsa	e	byte	void	(B)V	227824
fsb	d	byte	int	(B)I	227885
fsb	c	int	int	(I)I	227915
fsb	c	byte	int	(B)I	227948
fsb	a	int	int	(I)I	227978
fsb	d	int	float	(I)F	228012
fsb	a	int, boolean	int	(IZ)I	228045
fsb	a	lta, int[], int, int, int[], int[], int, int[], int	void	(Llta;[III[I[II[II)V	228196
fsb	a	boolean	int	(Z)I	228974
ft	a	int, byte, int	void	(IBI)V	229016
ft	b	int	void	(I)V	229078
ft	a	int, int, boolean, int	byte[]	(IIZI)[B	229151
fta	a	int, int, int	void	(III)V	229251
fta	b	int, boolean	void	(IZ)V	229426
fta	c	byte	void	(B)V	229444
fta	a	byte, int, ura	void	(BILura;)V	229492
fta	d	byte	void	(B)V	229580
fta	a	int	void	(I)V	229689
fta	a	boolean	void	(Z)V	229785
fta	d	int	void	(I)V	229827
fta	a	byte	boolean	(B)Z	229872
fta	e	int	void	(I)V	229893
fta	a	int, boolean	void	(IZ)V	230066
fta	c	int	void	(I)V	230136
fta	b	boolean	void	(Z)V	230182
ftb	a	nc[], int	nc	([Lnc;I)Lnc;	230312
fu	a	nc[], int	nc	([Lnc;I)Lnc;	230383
fu	a	int	boolean	(I)Z	230427
fu	e	byte	void	(B)V	230496
fua	a	nc[], int	nc	([Lnc;I)Lnc;	230555
fv	a	nc[], int	nc	([Lnc;I)Lnc;	230625
fv	a	int	void	(I)V	230668
fva	a	int, int, int[], int, int[], int, int	int	(II[II[III)I	230738
fva	a	nc[], int	nc	([Lnc;I)Lnc;	231154
fva	a	int[], boolean	java.lang.String	([IZ)Ljava/lang/String;	231205
fwa	b	int	void	(I)V	231357
fwa	a	boolean	boolean	(Z)Z	231396
fwa	a	int	void	(I)V	231604
fwa	a	int, int, fo, fo, boolean	ga	(IILfo;Lfo;Z)Lga;	231702
fwa	a	int, int, int[]	boolean	(II[I)Z	231850
fwa	fwa	ona, pfa, java.math.BigInteger, java.math.BigInteger	private	(Lona;Lpfa;Ljava/math/BigInteger;Ljava/math/BigInteger;)V	231990
g	e	int	void	(I)V	232086
g	a	nc[], int	nc	([Lnc;I)Lnc;	232125
g	e	byte	void	(B)V	232172
g	a	int	asb	(I)Lasb;	232208
ga	a	byte	qp	(B)Lqp;	232316
ga	a	int, boolean	int	(IZ)I	232575
ga	b	int	void	(I)V	232627
ga	b	byte	void	(B)V	233109
ga	a	int, int	byte[]	(II)[B	233154
ga	c	int	void	(I)V	233210
ga	c	byte	void	(B)V	233352
ga	a	int, int, int	jtb	(III)Ljtb;	233385
ga	a	int, boolean, int, int, int, int, int	void	(IZIIIII)V	234056
gaa	a	nc[], int	nc	([Lnc;I)Lnc;	234324
gaa	a	int, int, int, boolean	void	(IIIZ)V	234372
gab	b	int	int[][]	(I)[[I	234474
gab	a	boolean	void	(Z)V	234551
gab	a	int	void	(I)V	234618
gab	a	byte, int	int[]	(BI)[I	234650
gb	a	int	int	(I)I	234924
gb	c	byte	boolean	(B)Z	234953
gb	b	int	int	(I)I	234982
gb	a	boolean	boolean	(Z)Z	235015
gb	c	int	boolean	(I)Z	235043
gb	b	byte	int	(B)I	235083
gb	d	byte	int	(B)I	235112
gba	a	nc[], int	nc	([Lnc;I)Lnc;	235163
gba	e	int	void	(I)V	235216
gba	a	int	void	(I)V	235259
gbb	a	nc[], int	nc	([Lnc;I)Lnc;	235335
gbb	a	int, int, int, byte	boolean	(IIIB)Z	235387
gbb	a	fh, fh, byte	void	(Lfh;Lfh;B)V	235547
gbb	b	boolean	void	(Z)V	235627
gca	a	nc[], int	nc	([Lnc;I)Lnc;	235689
gca	a	pe, byte, int, sg	sg	(Lpe;BILsg;)Lsg;	235734
gca	a	int	void	(I)V	235941
gca	a	byte, int[]	int[]	(B[I)[I	235986
gcb	a	nc[], int	nc	([Lnc;I)Lnc;	236174
gcb	a	int	void	(I)V	236225
gda	c	byte	void	(B)V	236386
gdb	b	int	long	(I)J	236604
gdb	a	int	void	(I)V	236637
gdb	b	int, long	void	(IJ)V	237677
ge	b	byte	boolean	(B)Z	238473
ge	a	byte	void	(B)V	238505
ge	b	int	java.lang.String	(I)Ljava/lang/String;	238538
ge	a	int	boolean	(I)Z	238572
ge	a	int, boolean	void	(IZ)V	238602
gea	b	shb, int	void	(Lshb;I)V	238717
gea	a	int, int, shb, char	boolean	(IILshb;C)Z	238807
gea	j	byte	boolean	(B)Z	238891
gea	e	int	void	(I)V	238929
gea	a	int	boolean	(I)Z	238996
gea	d	int	void	(I)V	239157
gea	a	shb, byte	void	(Lshb;B)V	239214
geb	e	byte	void	(B)V	239400
geb	a	nc[], int	nc	([Lnc;I)Lnc;	239433
geb	a	int, java.lang.CharSequence[]	java.lang.String	(I[Ljava/lang/CharSequence;)Ljava/lang/String;	239486
geb	a	int	int	(I)I	239530
gfa	a	nc[], int	nc	([Lnc;I)Lnc;	239589
gfb	a	boolean, byte[], int	java.lang.Object	(Z[BI)Ljava/lang/Object;	239648
gfb	a	byte	tv	(B)Ltv;	239724
gfb	a	int, int	tv[]	(II)[Ltv;	239764
gfb	a	int, java.lang.String	java.lang.String	(ILjava/lang/String;)Ljava/lang/String;	239802
gfb	b	byte	void	(B)V	239866
gg	c	byte	void	(B)V	239917
gg	a	int, int, ds	void	(IILds;)V	239948
gg	a	int, boolean	int[]	(IZ)[I	240053
gg	gg		public	()V	240237
gga	gga	int, int, int, int, wwa, sba, shb	private	(IIIILwwa;Lsba;Lshb;)V	240263
gga	a	byte, int, int, int, shb, int	void	(BIIILshb;I)V	240339
gh	a	nc[], int	nc	([Lnc;I)Lnc;	240493
gh	a	int	void	(I)V	240549
gha	a	byte, int	int	(BI)I	240614
gha	a	byte[], int, byte, jp	ue	([BIBLjp;)Lue;	240683
gha	a	int	void	(I)V	240832
gha	a	nc[], int	nc	([Lnc;I)Lnc;	240869
ghb	c	byte	fg	(B)Lfg;	240938
gi	a	java.lang.String, byte	ge	(Ljava/lang/String;B)Lge;	241024
gia	a	int, int, ds	void	(IILds;)V	241091
gia	gia		public	()V	241183
gia	a	int, int	int[][]	(II)[[I	241198
gia	a	boolean	void	(Z)V	241418
gia	d	int	int	(I)I	241449
gib	a	int	void	(I)V	241498
gib	a	byte	void	(B)V	241538
gib	a	int, java.applet.Applet	khb	(ILjava/applet/Applet;)Lkhb;	241589
gib	a	int, int	void	(II)V	241685
gj	a	int, int	boolean	(II)Z	241762
gj	toString		java.lang.String	()Ljava/lang/String;	241802
gj	a	byte	boolean	(B)Z	241818
gja	a	nc[], int	nc	([Lnc;I)Lnc;	241872
gjb	a	int	void	(I)V	241948
gjb	a	nc[], int	nc	([Lnc;I)Lnc;	241990
gk	a	nc[], int	nc	([Lnc;I)Lnc;	242055
gk	a	int	void	(I)V	242111
gka	a	nc[], int	nc	([Lnc;I)Lnc;	242174
gka	a	int	void	(I)V	242226
gkb	a	int	void	(I)V	242287
gkb	a	nc[], int	nc	([Lnc;I)Lnc;	242320
gl	toString		java.lang.String	()Ljava/lang/String;	242408
gl	a	int	void	(I)V	242452
gla	a	int	void	(I)V	242526
glb	c	int	void	(I)V	242618
glb	a	int	void	(I)V	242776
glb	b	int	void	(I)V	242821
gm	a	int, int, int, shb	void	(IIILshb;)V	242897
gm	e	int	void	(I)V	242950
gm	b	int, int, int, int	void	(IIII)V	242984
gm	a	int, shb	boolean	(ILshb;)Z	243266
gm	d	byte	java.lang.String	(B)Ljava/lang/String;	243307
gm	a	uja, int	int	(Luja;I)I	243340
gma	a	byte	boolean	(B)Z	243502
gma	a	int	void	(I)V	243529
gma	a	boolean, int	int	(ZI)I	243594
gma	a	int, jagdx.IDirect3DSwapChain, jagdx.IDirect3DSurface	void	(ILjagdx/IDirect3DSwapChain;Ljagdx/IDirect3DSurface;)V	243621
gmb	a	int	void	(I)V	243682
gmb	a	byte	tv	(B)Ltv;	243719
gmb	a	int, int	tv[]	(II)[Ltv;	243752
gn	a	tu, int	void	(Ltu;I)V	243922
gn	a	boolean, byte, boolean	void	(ZBZ)V	243959
gn	b	int	void	(I)V	243996
gn	a	float, int	float	(FI)F	244237
gn	e	int	void	(I)V	244273
gn	a	int	boolean	(I)Z	244303
gn	a	int, ij	ntb[]	(ILij;)[Lntb;	244334
gn	a	int, int, int, int, int, int[], int, byte	void	(IIIII[IIB)V	244406
gn	b	byte	int	(B)I	244620
gn	b	float, int	float	(FI)F	244653
gn	a	byte	int	(B)I	244689
gna	a	int, int, int	void	(III)V	244745
gna	a	java.lang.Throwable, java.lang.String, int	void	(Ljava/lang/Throwable;Ljava/lang/String;I)V	244797
gna	a	int, int, byte	void	(IIB)V	244968
gna	a	int	void	(I)V	245025
gna	a	boolean	void	(Z)V	245088
gna	b	boolean	void	(Z)V	245210
gnb	b	int	ksa	(I)Lksa;	245271
gnb	a	long, ksa, byte	void	(JLksa;B)V	245371
gnb	a	java.util.Random, byte	int	(Ljava/util/Random;B)I	245453
gnb	a	int, ue[], jp	ibb	(I[Lue;Ljp;)Libb;	245541
gnb	a	long, int	ksa	(JI)Lksa;	245732
gnb	a	byte	void	(B)V	245822
gnb	b	byte	void	(B)V	245898
gnb	a	int	void	(I)V	245928
gnb	c	byte	ksa	(B)Lksa;	246026
go	a	int	void	(I)V	246081
go	a	nc[], int	nc	([Lnc;I)Lnc;	246126
goa	b	int, int, int	void	(III)V	246304
goa	g	int	void	(I)V	246389
goa	a	boolean, java.lang.String, float, byte	void	(ZLjava/lang/String;FB)V	246432
gob	a	int	void	(I)V	246566
gp	a	nc[], int	nc	([Lnc;I)Lnc;	246630
gp	a	int	void	(I)V	246673
gpa	a	int	void	(I)V	246979
gpa	a	boolean	void	(Z)V	247010
gpb	a	int, int, int, java.awt.Canvas	void	(IIILjava/awt/Canvas;)V	247089
gpb	a	java.awt.Graphics, int, int, int, int, int, int, int	void	(Ljava/awt/Graphics;IIIIIII)V	247092
gpb	a	java.lang.String, byte	boolean	(Ljava/lang/String;B)Z	247095
gq	a	nc[], int	nc	([Lnc;I)Lnc;	247163
gq	b	boolean	void	(Z)V	247213
gqa	b	faa, int	void	(Lfaa;I)V	247257
gqa	a	faa, boolean	void	(Lfaa;Z)V	247318
gqa	a	tv, int	void	(Ltv;I)V	247372
gqa	b	byte, tv	void	(BLtv;)V	247467
gqa	a	byte, tv	boolean	(BLtv;)Z	247521
gqb	a	tv, int	void	(Ltv;I)V	247605
gqb	a	byte, tv	boolean	(BLtv;)Z	247690
gqb	b	byte, tv	void	(BLtv;)V	247747
gqb	b	faa, int	void	(Lfaa;I)V	247792
gqb	a	boolean	sg	(Z)Lsg;	247839
gqb	a	faa, boolean	void	(Lfaa;Z)V	247990
gqb	a	int	void	(I)V	248037
gr	a	int	void	(I)V	248080
gr	a	nc[], int	nc	([Lnc;I)Lnc;	248111
gra	e	byte	void	(B)V	248182
gra	a	nc[], int	nc	([Lnc;I)Lnc;	248215
gra	a	java.lang.CharSequence, boolean, byte, int	boolean	(Ljava/lang/CharSequence;ZBI)Z	248267
gra	a	asb, java.lang.String, java.lang.String, boolean	phb	(Lasb;Ljava/lang/String;Ljava/lang/String;Z)Lphb;	248496
grb	e	byte	void	(B)V	248589
grb	a	int, boolean	int[]	(IZ)[I	248626
grb	grb		public	()V	248855
grb	a	int, int, ds	void	(IILds;)V	248870
grb	a	int, int	int[][]	(II)[[I	248975
gs	b	byte	void	(B)V	249379
gs	a	byte	tv	(B)Ltv;	249418
gs	a	int, int	tv[]	(II)[Ltv;	249451
gsa	a	int	void	(I)V	249517
gsa	a	nc[], int	nc	([Lnc;I)Lnc;	249552
gt	e	byte	void	(B)V	249634
gt	a	nc[], int	nc	([Lnc;I)Lnc;	249677
gta	a	nc[], int	nc	([Lnc;I)Lnc;	249739
gtb	a	byte, tv	boolean	(BLtv;)Z	249812
gtb	a	byte	void	(B)V	249869
gtb	b	byte, tv	void	(BLtv;)V	249904
gtb	a	tv, int	void	(Ltv;I)V	249949
gtb	a	faa, boolean	void	(Lfaa;Z)V	250023
gtb	b	faa, int	void	(Lfaa;I)V	250079
gu	a	int	void	(I)V	250181
gu	a	nc[], int	nc	([Lnc;I)Lnc;	250216
gua	e	byte	int	(B)I	250283
gua	a	nc[], int	nc	([Lnc;I)Lnc;	250332
gv	a	nc[], int	nc	([Lnc;I)Lnc;	250383
gv	a	int, int, int	void	(III)V	250437
gv	a	vfa, int	void	(Lvfa;I)V	250503
gva	a	boolean	void	(Z)V	250576
gva	a	byte	void	(B)V	250606
gw	a	int, boolean	int[]	(IZ)[I	250693
gw	gw		public	()V	251026
gw	a	int, int, ds	void	(IILds;)V	251038
gw	a	boolean	void	(Z)V	251098
gwa	a	nc[], int	nc	([Lnc;I)Lnc;	251146
gwa	a	int, int, double, int, double	void	(IIDID)V	251202
gwa	b	boolean	void	(Z)V	251321
h	finalize		void	()V	251362
h	JA	oa, ya, byte[][], int[], int[], int[], int[]	void	(Loa;Lya;[[B[I[I[I[I)V	251375
h	fa	char, int, int, int, boolean	void	(CIIIZ)V	251378
h	a	char, int, int, int, boolean, aa, int, int	void	(CIIIZLaa;II)V	251462
h	NA	char, int, int, int, boolean, aa, int, int	void	(CIIIZLaa;II)V	251477
h	w	boolean	void	(Z)V	251480
ha	a	int[], int, int, int, int, boolean	aja	([IIIIIZ)Laja;	251490
ha	a	int, byte, int, int, int, int	void	(IBIIII)V	251493
ha	a	int, int, int, byte, int	void	(IIIBI)V	251550
ha	a	int, int, int, int, boolean, int, int	void	(IIIIZII)V	251604
ha	P	int, int, int, int, int	void	(IIIII)V	251666
ha	a	aja, boolean	void	(Laja;Z)V	251704
ha	a	float, float, float	void	(FFF)V	251754
ha	a	int, int, int, int, int, int, int, int, int, int	void	(IIIIIIIIII)V	251757
ha	c	int, int, int, int, int, int	void	(IIIIII)V	251760
ha	e	int	za	(I)Lza;	251811
ha	j		void	()V	251814
ha	r		boolean	()Z	251817
ha	a	int, int, int, int, int, int, int	void	(IIIIIII)V	251820
ha	na	int, int, int, int	int[]	(IIII)[I	251823
ha	h		boolean	()Z	251826
ha	c	int	void	(I)V	251829
ha	c		boolean	()Z	251832
ha	u		void	()V	251835
ha	w		boolean	()Z	251838
ha	T	int, int, int, int	void	(IIII)V	251841
ha	ya		void	()V	251844
ha	a	int, asb, int, int, d, java.awt.Canvas, int, int	ha	(ILasb;IILd;Ljava/awt/Canvas;II)Lha;	251847
ha	a	ekb, wib	hf	(Lekb;Lwib;)Lhf;	251996
ha	m		boolean	()Z	251999
ha	finalize		void	()V	252002
ha	ZA	int, float, float, float, float, float	void	(IFFFFF)V	252019
ha	v		void	()V	252022
ha	a	pw	void	(Lpw;)V	252025
ha	Y		int[]	()[I	252028
ha	DA	int, int, int, int	void	(IIII)V	252031
ha	q		boolean	()Z	252034
ha	SA	int, int, int, int, int[], int, int	void	(IIII[III)V	252037
ha	x		boolean	()Z	252040
ha	za	int, int, int, int, int	void	(IIIII)V	252043
ha	a	int, int, int, int	void	(IIII)V	252046
ha	a	int, int, int[], int, byte, int	aja	(II[IIBI)Laja;	252049
ha	s		boolean	()Z	252120
ha	a	int	boolean	(I)Z	252123
ha	aa	int, int, int, int, int, int	void	(IIIIII)V	252162
ha	f		boolean	()Z	252165
ha	p		boolean	()Z	252168
ha	d	int, int, int, int, int, int	void	(IIIIII)V	252171
ha	b	int, int, int, int, int, int	void	(IIIIII)V	252174
ha	a	za	void	(Lza;)V	252177
ha	a		boolean	()Z	252180
ha	n		boolean	()Z	252183
ha	a	int, int, int, int, int	void	(IIIII)V	252267
ha	XA		int	()I	252318
ha	a	ima, boolean	aja	(Lima;Z)Laja;	252321
ha	a	int, int, int, int, byte	void	(IIIIB)V	252324
ha	K	int[]	void	([I)V	252378
ha	a	int, int, int, int, int, int	void	(IIIIII)V	252381
ha	l		boolean	()Z	252440
ha	o		void	()V	252443
ha	t		int	()I	252446
ha	f	int, int	void	(II)V	252449
ha	a	boolean, int, int, int	void	(ZIII)V	252452
ha	KA	int, int, int, int	void	(IIII)V	252585
ha	i		int	()I	252588
ha	GA	int	void	(I)V	252591
ha	a	sw, ima[], boolean	da	(Lsw;[Lima;Z)Lda;	252594
ha	U	int, int, int, int, int	void	(IIIII)V	252597
ha	b	int, int	wib	(II)Lwib;	252600
ha	a	cbb, int, int, int, int	ka	(Lcbb;IIII)Lka;	252603
ha	a	byte	void	(B)V	252606
ha	a	int, int, boolean	aja	(IIZ)Laja;	252641
ha	a	hf	void	(Lhf;)V	252644
ha	k		boolean	()Z	252650
ha	b		boolean	()Z	252653
ha	xa	float	void	(F)V	252656
ha	e		boolean	()Z	252659
ha	d		pw	()Lpw;	252662
ha	s	int, int, int, int, int	void	(IIIII)V	252665
haa	a	char, boolean	boolean	(CZ)Z	252680
haa	a	nc[], int	nc	([Lnc;I)Lnc;	252728
haa	e	byte	void	(B)V	252776
hab	b	int, boolean	void	(IZ)V	252851
hab	e	int	void	(I)V	252889
hab	a	int, int, int	void	(III)V	252923
hab	a	byte, int, ura	void	(BILura;)V	252971
hab	a	int, boolean	void	(IZ)V	253028
hab	a	byte	boolean	(B)Z	253156
hab	a	int	void	(I)V	253187
hb	a	int	void	(I)V	253318
hb	a	java.lang.String, int	void	(Ljava/lang/String;I)V	253351
hb	a	kka, byte	void	(Lkka;B)V	253523
hba	a	nc[], int	nc	([Lnc;I)Lnc;	253589
hbb	a	int, int	void	(II)V	253748
hbb	a	int, byte, int	void	(IBI)V	253876
hbb	a	int, boolean	void	(IZ)V	253921
hbb	a	int, int, boolean, int	void	(IIZI)V	254042
hbb	a	int, fkb	int	(ILfkb;)I	254084
hbb	a	boolean, kka, int	void	(ZLkka;I)V	254261
hbb	b	int, fkb	int	(ILfkb;)I	254309
hbb	a	int, int, int	void	(III)V	254388
hbb	b	int, int, int	void	(III)V	254470
hbb	a	int, int, byte	void	(IIB)V	254516
hbb	a	byte, int	void	(BI)V	254553
hbb	d		int	()I	254595
hbb	a		f	()Lf;	254609
hbb	b	boolean	void	(Z)V	254623
hbb	a	kka, boolean, int, boolean	void	(Lkka;ZIZ)V	254685
hbb	a	bmb, int, asb, int, kka	boolean	(Lbmb;ILasb;ILkka;)Z	254808
hbb	a	boolean, boolean	void	(ZZ)V	254972
hbb	c	int	boolean	(I)Z	255074
hbb	a	int, int[], int, fkb, byte	boolean	(I[IILfkb;B)Z	255108
hbb	b	boolean, boolean	void	(ZZ)V	255725
hbb	c	boolean	void	(Z)V	255769
hbb	b	int, byte, int	void	(IBI)V	255799
hbb	a	int	void	(I)V	255875
hbb	c		f	()Lf;	255988
hbb	b	fkb, int	int	(Lfkb;I)I	256003
hbb	e	int	int	(I)I	256294
hbb	a	boolean	void	(Z)V	256328
hbb	a	int[], int, int	void	([III)V	256355
hbb	a	fkb, int	boolean	(Lfkb;I)Z	256493
hbb	d	int, int, int	void	(III)V	256581
hbb	b	int, boolean	void	(IZ)V	256633
hbb	b	int, int	void	(II)V	256713
hbb	a	int, int, int, byte	void	(IIIB)V	257615
hbb	d	int	void	(I)V	257754
hbb	a	fkb, boolean, boolean	void	(Lfkb;ZZ)V	258009
hbb	a	int, byte	void	(IB)V	258140
hbb	b	int, int, int, int	void	(IIII)V	258248
hbb	c	int, int, int	void	(III)V	258647
hbb	b	int, byte	void	(IB)V	258701
hbb	c	int, int	void	(II)V	258738
hbb	hbb		public	()V	258821
hc	a	int, float	int	(IF)I	259113
hc	a	float	float	(F)F	259395
hc	a		void	()V	259413
hc	a	int, int, float	float	(IIF)F	259424
hc	b	int, int, float	float	(IIF)F	259474
hc	a	ds, rpb	void	(Lds;Lrpb;)V	259516
hca	a	nc[], int	nc	([Lnc;I)Lnc;	259761
hca	e	byte	void	(B)V	259810
hca	a	byte, java.lang.String	lkb	(BLjava/lang/String;)Llkb;	259844
hcb	a	int	void	(I)V	260078
hcb	b	boolean	void	(Z)V	260118
hcb	a	java.lang.String, int	boolean	(Ljava/lang/String;I)Z	260160
hcb	a	nc[], int	nc	([Lnc;I)Lnc;	260230
hcb	a	int, int, int, byte, int	int	(IIIBI)I	260276
hcb	a	int, int, int, int, int, int, int, int, int, int, int	void	(IIIIIIIIIII)V	260381
hd	a	int, int[]	int[]	(I[I)[I	260508
he	a	nc[], int	nc	([Lnc;I)Lnc;	260528
heb	a	nc[], int	nc	([Lnc;I)Lnc;	260596
heb	a	int, java.lang.String, int	java.lang.String	(ILjava/lang/String;I)Ljava/lang/String;	260656
hfa	b	int, int	void	(II)V	260923
hfa	a	int, int, int, int, int	void	(IIIII)V	269764
hfa	a	int, int, int, int, int[], int, int	void	(IIII[III)V	271383
hfa	a	int, int, int, int, int, int, int, int	void	(IIIIIIII)V	271391
hfb	a	nc[], int	nc	([Lnc;I)Lnc;	273244
hg	a	int, java.applet.Applet	void	(ILjava/applet/Applet;)V	273317
hg	a	boolean	void	(Z)V	273510
hg	b	byte, tv	void	(BLtv;)V	273543
hg	a	byte, pgb	void	(BLpgb;)V	273592
hg	b	faa, int	void	(Lfaa;I)V	273715
hg	a	byte, tv	boolean	(BLtv;)Z	273763
hg	a	faa, boolean	void	(Lfaa;Z)V	273820
hg	a	tv, int	void	(Ltv;I)V	273863
hg	a	byte, long	void	(BJ)V	273940
hga	a	nc[], int	nc	([Lnc;I)Lnc;	274003
hga	a	int	void	(I)V	274054
hgb	a	nc[], int	nc	([Lnc;I)Lnc;	274103
hgb	e	byte	void	(B)V	274149
hh	a	nc[], int	nc	([Lnc;I)Lnc;	274209
hh	a	java.lang.Throwable, boolean, java.lang.String	void	(Ljava/lang/Throwable;ZLjava/lang/String;)V	274261
hha	a	nc[], int	nc	([Lnc;I)Lnc;	274356
hha	a	int	void	(I)V	274406
hha	a	int, byte, int, int, int, int, int	void	(IBIIIII)V	274435
hhb	a	nc[], int	nc	([Lnc;I)Lnc;	274549
hi	a	int, int	tv[]	(II)[Ltv;	274625
hi	a	java.lang.CharSequence, int	byte[]	(Ljava/lang/CharSequence;I)[B	274664
hi	a	byte	tv	(B)Ltv;	275211
hi	a	int, int, int, int, int, int, int, int, int	phb[]	(IIIIIIIII)[Lphb;	275244
hia	e	int	void	(I)V	275801
hia	a	nc[], int	nc	([Lnc;I)Lnc;	275834
hia	a	int	llb	(I)Lllb;	275890
hib	a	int	void	(I)V	275926
hib	a	nc[], int	nc	([Lnc;I)Lnc;	275969
hj	a	nc[], int	nc	([Lnc;I)Lnc;	276035
hj	a	int	void	(I)V	276083
hj	a	int, byte	int	(IB)I	276128
hja	a	nc[], int	nc	([Lnc;I)Lnc;	276215
hja	a	int	void	(I)V	276271
hja	a	int, int[]	void	(I[I)V	276307
hjb	a	nc[], int	nc	([Lnc;I)Lnc;	276388
hjb	a	int	void	(I)V	276437
hk	a	int, int, ds	void	(IILds;)V	276492
hk	a	int, boolean	int[]	(IZ)[I	276549
hk	b	int, int	void	(II)V	276719
hk	d	int	void	(I)V	276767
hk	hk		public	()V	276798
hka	c	byte	boolean	(B)Z	276828
hka	a	int	int	(I)I	276860
hka	c	int	boolean	(I)Z	276892
hka	b	byte	int	(B)I	276921
hka	a	asb, int	void	(Lasb;I)V	276953
hka	d	int	void	(I)V	277104
hka	b	int	int	(I)I	277134
hka	a	int, java.awt.Canvas, boolean	void	(ILjava/awt/Canvas;Z)V	277167
hka	d	byte	int	(B)I	277287
hka	a	boolean	boolean	(Z)Z	277319
hkb	b	faa, int	void	(Lfaa;I)V	277374
hkb	b	int	boolean	(I)Z	277437
hkb	a	byte, tv	boolean	(BLtv;)Z	277481
hkb	a	int	int	(I)I	277565
hkb	a	faa, boolean	void	(Lfaa;Z)V	277599
hkb	b	byte, tv	void	(BLtv;)V	277664
hkb	a	tv, int	void	(Ltv;I)V	277738
hkb	a	boolean, rsb, int	void	(ZLrsb;I)V	277868
hl	c	int	void	(I)V	278093
hl	a	int	void	(I)V	278137
hl	a	byte, int, ura	void	(BILura;)V	278205
hl	b	int, boolean	void	(IZ)V	278223
hl	a	int, boolean	void	(IZ)V	278242
hl	a	int, int, int	void	(III)V	278389
hl	b	boolean	void	(Z)V	278492
hl	c	byte	void	(B)V	278586
hl	a	boolean	void	(Z)V	278639
hl	d	int	void	(I)V	278679
hl	a	byte	boolean	(B)Z	278832
hla	a	java.lang.Class[], tv[], dja[], int, tv[], int, dja	tv[]	([Ljava/lang/Class;[Ltv;[Ldja;I[Ltv;ILdja;)[Ltv;	278868
hla	a	byte	void	(B)V	279092
hlb	a	int, int	int	(II)I	279142
hlb	a	nc[], int	nc	([Lnc;I)Lnc;	279189
hlb	a	int, boolean, int, int	void	(IZII)V	279234
hlb	e	byte	void	(B)V	279296
hm	e	int	java.lang.String	(I)Ljava/lang/String;	279349
hm	a	nc[], int	nc	([Lnc;I)Lnc;	279500
hm	a	int	void	(I)V	279552
hma	a	int	void	(I)V	279605
hma	a	byte, int	void	(BI)V	279636
hma	a	java.lang.String, int, asb, java.lang.String	phb[]	(Ljava/lang/String;ILasb;Ljava/lang/String;)[Lphb;	279677
hma	a	int, int	int	(II)I	279753
hma	b	byte, int	void	(BI)V	279825
hma	b	int, byte	int	(IB)I	279879
hma	a	int, byte	void	(IB)V	279930
hma	a	byte	int	(B)I	280016
hma	a	int, int, int	void	(III)V	280050
hmb	a	int	void	(I)V	280144
hmb	a	nc[], int	nc	([Lnc;I)Lnc;	280188
hna	b	faa, int	void	(Lfaa;I)V	280272
hna	b	byte, tv	void	(BLtv;)V	280356
hna	a	pe, lta, boolean, byte	void	(Lpe;Llta;ZB)V	280448
hna	a	byte, tv	boolean	(BLtv;)Z	280809
hna	a	faa, boolean	void	(Lfaa;Z)V	280931
hna	a	boolean, int, int	void	(ZII)V	281017
hna	a	tv, int	void	(Ltv;I)V	281071
hna	a	mfa, int, tja	void	(Lmfa;ILtja;)V	281279
hna	toString		java.lang.String	()Ljava/lang/String;	281643
hna	hna		public	()V	281695
hnb	a	int, int, int, shb	void	(IIILshb;)V	281761
hnb	a	boolean, htb	void	(ZLhtb;)V	281916
hnb	l	byte	void	(B)V	282029
hnb	a	java.lang.String, byte, sba, caa[]	htb	(Ljava/lang/String;BLsba;[Lcaa;)Lhtb;	282711
hnb	i	int	void	(I)V	282801
hnb	a	int, int, int, htb, int	void	(IIILhtb;I)V	282837
hnb	a	int, int, shb, char	boolean	(IILshb;C)Z	283038
hnb	a	java.lang.String, sba, int	htb	(Ljava/lang/String;Lsba;I)Lhtb;	283458
hnb	m	byte	htb	(B)Lhtb;	283535
hnb	g	int	void	(I)V	283601
hnb	h	int	void	(I)V	283668
hnb	a	byte, java.lang.String	boolean	(BLjava/lang/String;)Z	283789
ho	a	int	void	(I)V	283858
hoa	a	char, boolean	boolean	(CZ)Z	283902
hoa	a	nc[], int	nc	([Lnc;I)Lnc;	283979
hoa	a	java.lang.String, int, boolean	void	(Ljava/lang/String;IZ)V	284045
hoa	a	int	void	(I)V	284102
hoa	a	long, long	long	(JJ)J	284132
hob	a	ij, int	tv[]	(Lij;I)[Ltv;	284198
hob	a	int, asb	void	(ILasb;)V	284284
hob	c	byte	void	(B)V	284379
hob	a	int, byte	int	(IB)I	284414
hob	a	java.util.Random, int, int	int	(Ljava/util/Random;II)I	284501
hp	write	int	void	(I)V	284666
hp	a	int, int, int, boolean, int, int, int	void	(IIIZIII)V	284695
hp	a	boolean	void	(Z)V	284779
hpa	a	int	void	(I)V	284854
hpa	a	nc[], int	nc	([Lnc;I)Lnc;	284897
hpb	a	int, int	int[][]	(II)[[I	284963
hpb	d	int	void	(I)V	285070
hpb	a	int, int, ds	void	(IILds;)V	285100
hpb	a	int, boolean	int[]	(IZ)[I	285170
hpb	c	int, int, int	void	(III)V	285252
hpb	hpb		public	()V	285537
hq	startProduction	java.awt.image.ImageConsumer	void	(Ljava/awt/image/ImageConsumer;)V	285571
hq	e	byte	void	(B)V	285603
hq	a	java.awt.Graphics, int, int, int, int, int, int, int	void	(Ljava/awt/Graphics;IIIIIII)V	285665
hq	d	byte	void	(B)V	285765
hq	isConsumer	java.awt.image.ImageConsumer	boolean	(Ljava/awt/image/ImageConsumer;)Z	285816
hq	addConsumer	java.awt.image.ImageConsumer	void	(Ljava/awt/image/ImageConsumer;)V	285853
hq	requestTopDownLeftRightResend	java.awt.image.ImageConsumer	void	(Ljava/awt/image/ImageConsumer;)V	285901
hq	a	int, int, int, java.awt.Canvas	void	(IIILjava/awt/Canvas;)V	285906
hq	c	byte	void	(B)V	286017
hq	a	int, int, byte, int, int	void	(IIBII)V	286050
hq	removeConsumer	java.awt.image.ImageConsumer	void	(Ljava/awt/image/ImageConsumer;)V	286127
hqa	e	byte	void	(B)V	286181
hqa	a	nc[], int	nc	([Lnc;I)Lnc;	286221
hqb	a	int, int, int	boolean	(III)Z	286310
hqb	a	byte, int, int	boolean	(BII)Z	286414
hqb	b	byte, int, int	boolean	(BII)Z	286489
hqb	a	int, int, int, boolean, int, byte, int	void	(IIIZIBI)V	286652
hqb	a	int, int, int[]	void	(II[I)V	286895
hqb	a	boolean, byte, java.lang.CharSequence	java.lang.String	(ZBLjava/lang/CharSequence;)Ljava/lang/String;	287165
hqb	a	byte	void	(B)V	287330
hqb	a	int, boolean	void	(IZ)V	287370
hqb	b	int, int, int	boolean	(III)Z	287407
hqb	a	boolean, int	void	(ZI)V	287582
hqb	a	pgb, int	void	(Lpgb;I)V	287796
hqb	b	byte	java.lang.String	(B)Ljava/lang/String;	287925
hqb	a	boolean	void	(Z)V	287966
hqb	a	boolean, int, int, int, int	boolean	(ZIIII)Z	288136
hqb	a	int	boolean	(I)Z	288225
hqb	b	int	void	(I)V	288268
hr	a	boolean, int	le	(ZI)Lle;	288446
hr	a	boolean, java.awt.Canvas, int, d, asb, int	ha	(ZLjava/awt/Canvas;ILd;Lasb;I)Lha;	289100
hr	a	nc[], int	nc	([Lnc;I)Lnc;	289196
hr	a	ml, int	void	(Lml;I)V	289259
hr	a	int	void	(I)V	289348
hr	a	int, int, int	void	(III)V	289378
hra	a	nc[], int	nc	([Lnc;I)Lnc;	289531
hra	a	lta, int	void	(Llta;I)V	289587
hra	a	int	void	(I)V	289627
hrb	a	boolean, long	int	(ZJ)I	289673
hrb	a	byte	long	(B)J	289722
hrb	a	int	void	(I)V	289732
hrb	a	int, long	int	(IJ)I	289735
hs	a	int, int, int, boolean, int, int, java.lang.String, int	void	(IIIZIILjava/lang/String;I)V	289748
hs	a	ea, int, int	void	(Lea;II)V	289864
hs	a	nc[], int	nc	([Lnc;I)Lnc;	289974
hsa	a	nc[], int	nc	([Lnc;I)Lnc;	290042
hsa	a	int	void	(I)V	290099
hsb	a	int, int, int	boolean	(III)Z	290140
hsb	a	int, int	tv[]	(II)[Ltv;	290191
hsb	b	byte	void	(B)V	290236
hsb	a	byte	tv	(B)Ltv;	290266
ht	a		f	()Lf;	290317
ht	a	int, int, float[]	float[]	(II[F)[F	290355
ht	c		f	()Lf;	290401
ht	d		int	()I	290437
ht	a	fkb, int, int	void	(Lfkb;II)V	290451
ht	a	int[], int, int	void	([III)V	290641
ht	a	int, int, fkb, int[], int, byte	void	(IILfkb;[IIB)V	290776
ht	a	boolean	void	(Z)V	291046
ht	a	int	void	(I)V	291079
hta	a	nc[], int	nc	([Lnc;I)Lnc;	291240
hta	a	java.lang.String, boolean, boolean	int[]	(Ljava/lang/String;ZZ)[I	291286
htb	a	int, shb	boolean	(ILshb;)Z	291478
htb	a	byte, int, int, int, shb, int	void	(BIIILshb;I)V	291566
htb	a	int, int, shb, char	boolean	(IILshb;C)Z	291649
htb	a	int, int, int, int, shb, int, byte	boolean	(IIIILshb;IB)Z	291727
htb	e	byte	boolean	(B)Z	291845
htb	d	int	void	(I)V	291875
htb	a	boolean, java.util.Hashtable, int, java.lang.StringBuilder	java.lang.StringBuilder	(ZLjava/util/Hashtable;ILjava/lang/StringBuilder;)Ljava/lang/StringBuilder;	291959
htb	f	byte	void	(B)V	292048
htb	c	int, int, int, int	void	(IIII)V	292110
htb	a	int, int, int, shb	void	(IIILshb;)V	292180
htb	htb		public	()V	292280
hua	a	aib, byte	void	(Laib;B)V	292385
hv	a	nc[], int	nc	([Lnc;I)Lnc;	292450
hv	e	byte	void	(B)V	292500
hva	a	int	void	(I)V	292556
hw	a	int	void	(I)V	292614
hw	a	long, byte	void	(JB)V	292647
hw	a	int, int, int, int, int	void	(IIIII)V	292702
hwa	a	java.lang.CharSequence, int	boolean	(Ljava/lang/CharSequence;I)Z	292986
hwa	a	nc[], int	nc	([Lnc;I)Lnc;	293043
hwa	e	byte	void	(B)V	293094
i	finalize		void	()V	293153
i	O	int, int, int	void	(III)V	293166
i	RA		int	()I	293169
i	HA		int	()I	293172
i	R	oa, ya, int, int, int[], int[], int[], int[], short[], int, short[], short[], short[], byte[], byte[], byte[], byte[], short[], short[], int[], byte, short[], int, byte[], short[], short[], short[], int[], int[], int[], byte[], byte[], int[], int[], int[], int[], int, int, int, int, int, int, int[]	void	(Loa;Lya;II[I[I[I[I[SI[S[S[S[B[B[B[B[S[S[IB[SI[B[S[S[S[I[I[I[B[B[I[I[I[IIIIIII[I)V	293175
i	G		int	()I	293178
i	oa	oa	void	(Loa;)V	293181
i	w	boolean	void	(Z)V	293184
i	H	int, int, int	void	(III)V	293187
i	V		int	()I	293190
iaa	a	int, int	tv[]	(II)[Ltv;	293562
iaa	a	byte	tv	(B)Ltv;	293597
iab	a	int	void	(I)V	293639
iab	iab		public	()V	293673
iab	a	int, int, int	void	(III)V	293680
iab	a	int, java.lang.String, java.lang.String, byte	java.lang.String	(ILjava/lang/String;Ljava/lang/String;B)Ljava/lang/String;	293723
ib	a	nc[], int	nc	([Lnc;I)Lnc;	293875
ib	a	int	void	(I)V	293930
ib	a	int, int, int, java.util.Random	int	(IIILjava/util/Random;)I	293964
iba	a	nc[], int	nc	([Lnc;I)Lnc;	294031
iba	a	no, int, byte, int, phb[], boolean, java.lang.String, int, int, boolean, int, phb[], int, int, int	void	(Lno;IBI[Lphb;ZLjava/lang/String;IIZI[Lphb;III)V	294079
iba	a	int, qab	tsa	(ILqab;)Ltsa;	294240
ibb	a	int, int, int, java.lang.String, byte, int, int, int	void	(IIILjava/lang/String;BIII)V	294399
ic	a	nc[], int	nc	([Lnc;I)Lnc;	294594
ic	a	int	void	(I)V	294651
ic	a	int, int, int	boolean	(III)Z	294681
ica	a	int	int	(I)I	294774
ica	a	nc[], int	nc	([Lnc;I)Lnc;	294806
ica	e	byte	void	(B)V	294857
icb	a	int	void	(I)V	294915
icb	a	nc[], int	nc	([Lnc;I)Lnc;	294954
id	a	nc[], int	nc	([Lnc;I)Lnc;	295011
ida	a	boolean, shb	void	(ZLshb;)V	295087
ida	f	int	int	(I)I	295149
ida	g	byte	void	(B)V	295221
ida	g	int	bl	(I)Lbl;	295286
ida	a	boolean, java.lang.String, int	void	(ZLjava/lang/String;I)V	295350
ida	d	int	shb	(I)Lshb;	295409
ida	e	int	void	(I)V	295477
ida	b	int, int, int, int	void	(IIII)V	295545
ida	h	byte	void	(B)V	295643
ida	i	int	int	(I)I	295678
ida	ida		public	()V	295749
ida	a	faa, byte	void	(Lfaa;B)V	295767
ida	h	int	void	(I)V	296276
idb	a	nc[], int	nc	([Lnc;I)Lnc;	296378
ie	e	int	void	(I)V	296440
ie	a	nc[], int	nc	([Lnc;I)Lnc;	296470
ie	a	int	void	(I)V	296527
iea	a	int, int, byte	boolean	(IIB)Z	297703
ieb	f	int	void	(I)V	297761
ieb	a	nc[], int	nc	([Lnc;I)Lnc;	297974
ieb	e	int	void	(I)V	298026
ieb	a	int, int	int	(II)I	298065
ieb	a	int	void	(I)V	298169
ifa	a	int	void	(I)V	298227
ifb	f	byte	int	(B)I	298359
ifb	h	byte	boolean	(B)Z	298387
ifb	l	int	void	(I)V	298423
ifb	a	int, int, int	boolean	(III)Z	298458
ifb	c	boolean	boolean	(Z)Z	298506
ifb	c	int	int	(I)I	298535
ifb	b	int	int	(I)I	298563
ifb	a	boolean	int	(Z)I	298594
ig	a	nc[], int	nc	([Lnc;I)Lnc;	298632
ig	a	int, int	void	(II)V	298687
iga	b	boolean	void	(Z)V	298776
iga	a	nc[], int	nc	([Lnc;I)Lnc;	298817
igb	a	java.lang.CharSequence, byte	java.lang.String	(Ljava/lang/CharSequence;B)Ljava/lang/String;	298879
igb	a	int	void	(I)V	298923
igb	a	boolean, double	void	(ZD)V	298954
igb	a	llb, byte	void	(Lllb;B)V	299037
ih	b	int	void	(I)V	299146
ih	a	byte, int	int	(BI)I	299176
ih	a	int, lbb, pe	boolean	(ILlbb;Lpe;)Z	299219
ih	a	pe, int	ucb[]	(Lpe;I)[Lucb;	299375
ih	a	faa, boolean	void	(Lfaa;Z)V	299449
ih	a	pe, int, int, int	void	(Lpe;III)V	299498
ih	a	byte, tv	boolean	(BLtv;)Z	299639
ih	b	faa, int	void	(Lfaa;I)V	299716
ih	a	pe, int, int[]	int[]	(Lpe;I[I)[I	299770
ih	a	tv, int	void	(Ltv;I)V	299900
ih	a	int, int[]	int[]	(I[I)[I	300014
ih	a	int	java.lang.String	(I)Ljava/lang/String;	300074
ih	b	byte, tv	void	(BLtv;)V	300158
iha	a	int	void	(I)V	300220
iha	e	int	boolean	(I)Z	300251
iha	a	nc[], int	nc	([Lnc;I)Lnc;	300282
ihb	a	long, long	long	(JJ)J	300359
ihb	a	int[], int, int[]	int	([II[I)I	300388
ihb	a	byte, int	byte[]	(BI)[B	300801
ii	a	float, int, int, int, int, boolean	float[]	(FIIIIZ)[F	300964
ii	a	int	int	(I)I	301030
ii	a	int, int, int, boolean, int, float	int[]	(IIIZIF)[I	301065
ii	a	int, int	opa	(II)Lopa;	301135
ii	b	int, int	lra	(II)Llra;	301175
ii	a	int, byte	boolean	(IB)Z	301256
ii	b	int	void	(I)V	301310
ii	a	int, float, boolean, int, int, boolean	int[]	(IFZIIZ)[I	301344
iia	a	faa, boolean	void	(Lfaa;Z)V	302209
iia	a	pe, int	ucb[]	(Lpe;I)[Lucb;	302266
iia	a	int, int	int	(II)I	302398
iia	a	byte, tv	boolean	(BLtv;)Z	302561
iia	a	pe, int, int[]	int[]	(Lpe;I[I)[I	302634
iia	a	int, int[]	int[]	(I[I)[I	302761
iia	a	byte, int	int	(BI)I	302814
iia	a	int, int, boolean, int	boolean	(IIZI)Z	302857
iia	a	pe, int, int, int	void	(Lpe;III)V	302930
iia	a	tv, int	void	(Ltv;I)V	303096
iia	a	int	java.lang.String	(I)Ljava/lang/String;	303204
iia	b	faa, int	void	(Lfaa;I)V	303269
iia	a	int, lbb, pe	boolean	(ILlbb;Lpe;)Z	303327
iia	b	int	void	(I)V	303456
iia	b	byte, tv	void	(BLtv;)V	303528
iib	a	int	void	(I)V	303600
iib	a	int, byte, pib	void	(IBLpib;)V	303648
iib	a	boolean, boolean	void	(ZZ)V	303702
iib	d	int	void	(I)V	303736
iib	b	int	boolean	(I)Z	303894
iib	a	int, int, int	void	(III)V	303926
iib	a	boolean, int	void	(ZI)V	304153
ij	a	boolean	ksa	(Z)Lksa;	304231
ij	f	int	ksa[]	(I)[Lksa;	304275
ij	a	int, ksa	ksa	(ILksa;)Lksa;	304334
ij	c	byte	ksa	(B)Lksa;	304405
ij	b	int, ksa	void	(ILksa;)V	304453
ij	e	int	void	(I)V	304521
ij	b	int	boolean	(I)Z	304577
ij	a	ksa, byte	void	(Lksa;B)V	304618
ij	a	byte	ksa	(B)Lksa;	304683
ij	a	byte[], int, int, java.lang.String	int	([BIILjava/lang/String;)I	304730
ij	d	int	ksa	(I)Lksa;	304921
ij	a	int	ksa	(I)Lksa;	304974
ij	b	byte	ksa	(B)Lksa;	305027
ij	ij		public	()V	305078
ij	c	int	int	(I)I	305109
ija	a	int, int	void	(II)V	305190
ija	a	int	void	(I)V	305193
ija	a	boolean	void	(Z)V	305281
ija	a	java.lang.Object, java.lang.Object[], int, dja	java.lang.Object[]	(Ljava/lang/Object;[Ljava/lang/Object;ILdja;)[Ljava/lang/Object;	305317
ija	a	int, int, int	void	(III)V	305398
ijb	a	nc[], int	nc	([Lnc;I)Lnc;	305419
ijb	a	int	void	(I)V	305466
ik	a	int	int[]	(I)[I	305537
ika	a	byte, tv	boolean	(BLtv;)Z	306543
ika	a	int	java.lang.String	(I)Ljava/lang/String;	306608
ika	a	faa, boolean	void	(Lfaa;Z)V	306649
ika	a	tv, int	void	(Ltv;I)V	306692
ika	b	faa, int	void	(Lfaa;I)V	306770
ika	a	int, ds	dib	(ILds;)Ldib;	306824
ika	a	pe, int	ucb	(Lpe;I)Lucb;	306889
ika	a	int, int	int	(II)I	306929
ika	a	int, boolean	void	(IZ)V	306966
ika	b	byte, tv	void	(BLtv;)V	307003
ika	b	int	void	(I)V	307052
ika	a	pe, boolean, int, int	void	(Lpe;ZII)V	307085
ika	ika		public	()V	307134
ika	a	int, int[], rsb	void	(I[ILrsb;)V	307169
ikb	a	nc[], int	nc	([Lnc;I)Lnc;	307245
ikb	a	int[], int[], boolean	boolean	([I[IZ)Z	307292
ikb	a	int	void	(I)V	307534
ikb	e	byte	void	(B)V	307569
il	a	int, int, ds	void	(IILds;)V	307623
il	a	int, int, byte, int, int, int, int	void	(IIBIIII)V	307755
il	il		public	()V	308166
il	a	int, boolean	int[]	(IZ)[I	308187
ila	c	byte	void	(B)V	308365
ila	a	int, java.applet.Applet	boolean	(ILjava/applet/Applet;)Z	308433
ila	a	byte[], int	java.lang.String	([BI)Ljava/lang/String;	308573
ilb	a	byte	void	(B)V	308682
im	c	byte	void	(B)V	309258
ima	a	asb, int, int	ima	(Lasb;II)Lima;	309405
ima	b	asb, java.lang.String, java.lang.String	ima	(Lasb;Ljava/lang/String;Ljava/lang/String;)Lima;	309424
ima	d		void	()V	309443
ima	b		int[]	()[I	309588
ima	a	byte[]	ima[]	([B)[Lima;	309716
ima	a	asb, int	ima	(Lasb;I)Lima;	310118
ima	c		int	()I	310136
ima	a	asb, java.lang.String, java.lang.String	ima[]	(Lasb;Ljava/lang/String;Ljava/lang/String;)[Lima;	310149
ima	a		int	()I	310166
ima	ima		private	()V	310179
imb	a	int	void	(I)V	310202
imb	a	faa, byte	void	(Lfaa;B)V	310232
imb	a	faa, int	void	(Lfaa;I)V	310290
imb	a	byte, tv	boolean	(BLtv;)Z	310343
imb	b	byte, tv	void	(BLtv;)V	310396
imb	b	faa, int	void	(Lfaa;I)V	310472
imb	a	faa, boolean	void	(Lfaa;Z)V	310518
imb	a	tv, int	void	(Ltv;I)V	310567
imb	a	int, int, int, int, int, int, int	void	(IIIIIII)V	310700
in	a		void	()V	310803
ina	a	nc[], int	nc	([Lnc;I)Lnc;	310843
ina	a	int	void	(I)V	310898
inb	b	boolean	void	(Z)V	310947
inb	a	nc[], int	nc	([Lnc;I)Lnc;	310997
io	a	int, shb, int, int, boolean	void	(ILshb;IIZ)V	311061
ioa	a	short[], int, int	short[]	([SII)[S	311187
ioa	a	int, int, byte	void	(IIB)V	311245
ioa	e	byte	void	(B)V	311358
ioa	a	nc[], int	nc	([Lnc;I)Lnc;	311398
iob	c	int	void	(I)V	311469
ip	a	nc[], int	nc	([Lnc;I)Lnc;	311529
ip	e	byte	void	(B)V	311576
ipa	a	int	void	(I)V	311641
ipa	a	nc[], int	nc	([Lnc;I)Lnc;	311675
ipb	a	int	boolean	(I)Z	311813
ipb	a	byte	tsa	(B)Ltsa;	311856
iq	a	dja[], tv[], java.lang.Class[], dja, int, faa, int, int	tv[]	([Ldja;[Ltv;[Ljava/lang/Class;Ldja;ILfaa;II)[Ltv;	311905
iqa	e	byte	void	(B)V	312148
iqa	a	nc[], int	nc	([Lnc;I)Lnc;	312182
iqb	a	nc[], int	nc	([Lnc;I)Lnc;	312266
iqb	a	int	void	(I)V	312318
ir	a	nc[], int	nc	([Lnc;I)Lnc;	312358
ir	e	byte	void	(B)V	312403
ir	a	int, int	boolean	(II)Z	312436
ir	a	byte, long, java.lang.String	void	(BJLjava/lang/String;)V	312531
ir	a	ml, byte	void	(Lml;B)V	312589
ir	a	int, qab	tsa	(ILqab;)Ltsa;	312740
ira	h	byte	boolean	(B)Z	312911
ira	b	boolean	int	(Z)I	312944
ira	a	boolean	int	(Z)I	312972
ira	b	int	int	(I)I	313003
ira	f	byte	int	(B)I	313034
ira	e	int	boolean	(I)Z	313065
ira	l	int	void	(I)V	313096
ira	a	int	int	(I)I	313132
ira	g	byte	int	(B)I	313164
ira	k	int	int	(I)I	313197
ira	c	byte	int	(B)I	313225
ira	a	long, java.lang.String, int	boolean	(JLjava/lang/String;I)Z	313256
ira	g	int	int	(I)I	313340
ira	h	int	boolean	(I)Z	313369
ira	d	byte	int	(B)I	313401
ira	c	int	int	(I)I	313433
ira	a	byte	int	(B)I	313461
irb	a	nc[], int	nc	([Lnc;I)Lnc;	313512
irb	a	int	void	(I)V	313558
is	a	int	java.lang.Object	(I)Ljava/lang/Object;	313641
is	a	int, int, int, int, int, int, int	void	(IIIIIII)V	313644
is	e	byte	boolean	(B)Z	313873
isa	a	nc[], int	nc	([Lnc;I)Lnc;	313882
isa	a	java.lang.String, java.lang.String[], int	java.lang.String	(Ljava/lang/String;[Ljava/lang/String;I)Ljava/lang/String;	313936
isb	a	int, int	tv[]	(II)[Ltv;	314204
isb	a	byte	tv	(B)Ltv;	314250
it	a	byte, tv	boolean	(BLtv;)Z	314304
it	a	lta, byte	void	(Llta;B)V	314381
it	a	tv, int	void	(Ltv;I)V	314422
it	b	faa, int	void	(Lfaa;I)V	314572
it	a	boolean[], boolean[], int	boolean	([Z[ZI)Z	314635
it	c	int	void	(I)V	314881
it	a	faa, boolean	void	(Lfaa;Z)V	314911
it	b	byte, tv	void	(BLtv;)V	314966
it	c	byte	void	(B)V	315023
ita	a	shb, int, java.lang.String, int, int	void	(Lshb;ILjava/lang/String;II)V	315095
ita	b	int, int, int, int	void	(IIII)V	315234
ita	f	int	int	(I)I	315326
ita	d	int	boolean	(I)Z	315363
ita	e	int	int	(I)I	315449
ita	a	int, int	no	(II)Lno;	315486
ita	d	byte	java.lang.String	(B)Ljava/lang/String;	315522
ita	a	int, wta	void	(ILwta;)V	315578
ita	c	boolean	int	(Z)I	315634
ita	ita	wwa, boolean	private	(Lwwa;Z)V	315673
ita	a	int, int, int, int, int	void	(IIIII)V	315785
ita	j	byte	void	(B)V	315912
itb	a	nc[], int	nc	([Lnc;I)Lnc;	315961
itb	a	int, int	ri	(II)Lri;	316015
iu	a	java.lang.Object, boolean	int	(Ljava/lang/Object;Z)I	316089
iua	a	int, byte, int	boolean	(IBI)Z	316099
iua	a	nc[], int	nc	([Lnc;I)Lnc;	316138
iua	e	byte	void	(B)V	316194
iv	a	nc[], int	nc	([Lnc;I)Lnc;	316261
iv	a	int	void	(I)V	316306
iva	a	nc[], int	nc	([Lnc;I)Lnc;	316350
iva	a	byte, int, sg	java.lang.String	(BILsg;)Ljava/lang/String;	316396
iva	a	int, java.lang.String	void	(ILjava/lang/String;)V	316538
iw	d	int	void	(I)V	316631
iw	b	int, int, int	void	(III)V	316659
iw	f	int	void	(I)V	317159
iw	a	int	boolean	(I)Z	317191
iw	k	byte	void	(B)V	317309
iw	c	int, int, int, int	void	(IIII)V	317722
iw	j	byte	boolean	(B)Z	317804
iw	e	int	void	(I)V	317841
iwa	a	byte	void	(B)V	317946
iwa	a	byte, int	void	(BI)V	317982
j	b	long, float, float, float, float, float, float, int, int, int, int	void	(JFFFFFFIIII)V	318055
j	a	int, int, int, int, int	void	(IIIII)V	318058
j	finalize		void	()V	318072
j	d		int	()I	318085
j	w	boolean	void	(Z)V	318094
j	W	long, int, int, int, int, int	void	(JIIIII)V	318104
j	b		int	()I	318107
j	R	long, boolean	void	(JZ)V	318116
j	ma	oa, int[], byte[], byte[], int, int, int, int	void	(Loa;[I[B[BIIII)V	318119
j	a	int, int, int, int, int, int, int, int	void	(IIIIIIII)V	318122
j	a		int	()I	318139
j	JA	long	int	(J)I	318148
j	b	int, int, int, int, int, int, int	void	(IIIIIII)V	318151
j	RA	long, int, int, int, int, int, int, int, int	void	(JIIIIIIII)V	318167
j	I	long	int	(J)I	318170
j	ua	oa, int[], int, int, int, int, boolean	void	(Loa;[IIIIIZ)V	318173
j	A	long, int, int, int, int	void	(JIIII)V	318176
j	a	int, int, int, int	void	(IIII)V	318179
j	a	float, float, float, float, float, float, int, int, int, int	void	(FFFFFFIIII)V	318204
j	wa	long	int	(J)I	318223
j	P	long, int, int, int, int, int, int, int	void	(JIIIIIII)V	318242
j	EA	oa, int, int	void	(Loa;II)V	318245
j	M	long	int	(J)I	318248
j	aa	long, int, int, int, int, int[], int, int	void	(JIIII[III)V	318251
j	c		int	()I	318254
j	a	int, int, int, int, int[], int, int	void	(IIII[III)V	318263
ja	P	long, int, int, int, int, int, int	void	(JIIIIII)V	318302
ja	la		void	()V	318305
ja	w	boolean	void	(Z)V	318317
ja	finalize		void	()V	318327
ja	a	int, int, int, int, int, int	void	(IIIIII)V	318340
ja	AA	long, boolean	void	(JZ)V	318355
jaa	a	byte	void	(B)V	318359
jaa	a	int	void	(I)V	318362
jaa	d	int	void	(I)V	318365
jaa	b	int	void	(I)V	318368
jaa	b	byte	void	(B)V	318371
jaa	c	int	void	(I)V	318374
jab	a	nc[], int	nc	([Lnc;I)Lnc;	318394
jab	a	int	void	(I)V	318446
jab	a	int, java.applet.Applet	void	(ILjava/applet/Applet;)V	318478
jaclib	getSize		int	()I	318570
jaclib	a	byte[], int, int, int	void	([BIII)V	318573
jaclib	a	byte[], int, int, int	void	([BIII)V	318583
jaclib	get	long, byte[], int, int, int	void	(J[BIII)V	318681
jaclib	a	long, int	void	(JI)V	318684
jaclib	put	long, byte[], int, int, int	void	(J[BIII)V	318702
jaclib	getSize		int	()I	318715
jaclib	a	jaclib.memory.Buffer, int, int	void	(Ljaclib/memory/Buffer;II)V	318746
jaclib	a	int	void	(I)V	318787
jaclib	b		void	()V	318842
jaclib	floatToRawIntBits	float	int	(F)I	318907
jaclib	b	int	void	(I)V	318910
jaclib	getLSB	int	byte	(I)B	318961
jaclib	a	jaclib.memory.Buffer	void	(Ljaclib/memory/Buffer;)V	318964
jaclib	a		boolean	()Z	318982
jaclib	b	float	void	(F)V	319004
jaclib	a	float	void	(F)V	319086
jaclib	deallocateHeap		void	()V	319196
jaclib	getBufferAddress	int	long	(I)J	319199
jaclib	a	int, boolean	jaclib.memory.heap.NativeHeapBuffer	(IZ)Ljaclib/memory/heap/NativeHeapBuffer;	319202
jaclib	a		void	()V	319231
jaclib	get	int, byte[], int, int, int	void	(I[BIII)V	319254
jaclib	allocateBuffer	int, boolean	int	(IZ)I	319257
jaclib	allocateHeap	int	void	(I)V	319260
jaclib	b		boolean	()Z	319263
jaclib	put	int, byte[], int, int, int	void	(I[BIII)V	319292
jaclib	deallocateBuffer	int	void	(I)V	319295
jaclib	a		void	()V	319335
jaclib	a	byte[], int, int, int	void	([BIII)V	319361
jaclib	getSize		int	()I	319458
jaclib	c		boolean	()Z	319487
jaclib	b		long	()J	319539
jaclib	a	boolean	long	(Z)J	319577
jaclib	AddRef		long	()J	319598
jaclib	releasePeer	long	long	(J)J	319611
jaclib	releasePeer	long	long	(J)J	319624
jaclib	a		long	()J	319631
jaclib	init	java.lang.Class	void	(Ljava/lang/Class;)V	319653
jaclib	a	int	long	(I)J	319673
jaclib	releasePeer	long	long	(J)J	319711
jaclib	setPeer	long	void	(J)V	319714
jaclib	a	int	void	(I)V	319786
jaclib	a	byte	void	(B)V	319838
jaclib	a	int, jaclib.peer.PeerReference	void	(ILjaclib/peer/PeerReference;)V	319878
jaclib	a	jaclib.peer.PeerReference, int	void	(Ljaclib/peer/PeerReference;I)V	319943
jaclib	a	boolean	void	(Z)V	319989
jagdx	SetDirection	float, float, float	void	(FFF)V	320250
jagdx	SetSpecular	float, float, float, float	void	(FFFF)V	320253
jagdx	SetDiffuse	float, float, float, float	void	(FFFF)V	320256
jagdx	SetAmbient	float, float, float, float	void	(FFFF)V	320259
jagdx	SetSpotParams	float, float, float	void	(FFF)V	320262
jagdx	SetPosition	float, float, float	void	(FFF)V	320265
jagdx	SetType	int	void	(I)V	320268
jagdx	SetAttenuation	float, float, float	void	(FFF)V	320271
jagdx	SetRange	float	void	(F)V	320274
jagdx	Init		void	()V	320294
jagdx	getub	byte[], int, int, int	void	([BIII)V	320445
jagdx	getAddress		long	()J	320448
jagdx	init		void	()V	320451
jagdx	a	byte[], int, int, int	void	([BIII)V	320454
jagdx	putub	byte[], int, int, int	void	([BIII)V	320532
jagdx	getSize		int	()I	320535
jagdx	a	int, int, java.awt.Canvas, int, jagdx.D3DPRESENT_PARAMETERS	jagdx.IDirect3DDevice	(IILjava/awt/Canvas;ILjagdx/D3DPRESENT_PARAMETERS;)Ljagdx/IDirect3DDevice;	320542
jagdx	a	int, jaclib.peer.tqb	jagdx.IDirect3D	(ILjaclib/peer/tqb;)Ljagdx/IDirect3D;	320581
jagdx	CheckDeviceMultiSampleType	int, int, int, boolean, int	int	(IIIZI)I	320614
jagdx	_GetDeviceCaps	int, int, jagdx.D3DCAPS	int	(IILjagdx/D3DCAPS;)I	320617
jagdx	CheckDeviceType	int, int, int, int, boolean	int	(IIIIZ)I	320638
jagdx	_GetAdapterDisplayMode	int, jagdx.D3DDISPLAYMODE	int	(ILjagdx/D3DDISPLAYMODE;)I	320641
jagdx	a	int, jagdx.D3DDISPLAYMODE	int	(ILjagdx/D3DDISPLAYMODE;)I	320644
jagdx	CheckDeviceFormat	int, int, int, int, int, int	int	(IIIIII)I	320659
jagdx	_CreateDevice	int, int, java.awt.Canvas, int, jagdx.D3DPRESENT_PARAMETERS, jagdx.IDirect3DDevice	int	(IILjava/awt/Canvas;ILjagdx/D3DPRESENT_PARAMETERS;Ljagdx/IDirect3DDevice;)I	320662
jagdx	_Direct3DCreate	int, jagdx.IDirect3D	int	(ILjagdx/IDirect3D;)I	320665
jagdx	CheckDepthStencilMatch	int, int, int, int, int	int	(IIIII)I	320668
jagdx	a	int, int	jagdx.D3DCAPS	(II)Ljagdx/D3DCAPS;	320671
jagdx	LockRect	int, int, int, int, int, int, int, jagdx.PixelBuffer	int	(IIIIIIILjagdx/PixelBuffer;)I	320724
jagdx	UnlockRect	int, int	boolean	(II)Z	320727
jagdx	SetSamplerState	int, int, int	int	(III)I	320737
jagdx	_CreateVertexShader	byte[], jagdx.IDirect3DVertexShader	int	([BLjagdx/IDirect3DVertexShader;)I	320740
jagdx	Clear	int, int, float, int	int	(IIFI)I	320743
jagdx	_GetDepthStencilSurface	jagdx.IDirect3DSurface	int	(Ljagdx/IDirect3DSurface;)I	320746
jagdx	SetRenderStatef	int, float	int	(IF)I	320749
jagdx	a	int, int, int, int, jagdx.IDirect3DIndexBuffer	jagdx.IDirect3DIndexBuffer	(IIIILjagdx/IDirect3DIndexBuffer;)Ljagdx/IDirect3DIndexBuffer;	320752
jagdx	_CreateRenderTarget	int, int, int, int, int, boolean, jagdx.IDirect3DSurface	int	(IIIIIZLjagdx/IDirect3DSurface;)I	320798
jagdx	a	int, int, int, int, int	jagdx.IDirect3DCubeTexture	(IIIII)Ljagdx/IDirect3DCubeTexture;	320801
jagdx	a	int, float, float, float, float	int	(IFFFF)I	320840
jagdx	a	int, int, int, int, int, boolean	jagdx.IDirect3DSurface	(IIIIIZ)Ljagdx/IDirect3DSurface;	320872
jagdx	b		jagdx.IDirect3DSurface	()Ljagdx/IDirect3DSurface;	320912
jagdx	TestCooperativeLevel		int	()I	320947
jagdx	_CreateDepthStencilSurface	int, int, int, int, int, boolean, jagdx.IDirect3DSurface	int	(IIIIIZLjagdx/IDirect3DSurface;)I	320950
jagdx	_GetBackBuffer	int, int, int, jagdx.IDirect3DSurface	int	(IIILjagdx/IDirect3DSurface;)I	320953
jagdx	a	byte[]	jagdx.IDirect3DPixelShader	([B)Ljagdx/IDirect3DPixelShader;	320974
jagdx	b	int	jagdx.IDirect3DSwapChain	(I)Ljagdx/IDirect3DSwapChain;	321017
jagdx	_CreateVertexDeclaration	jagdx.VertexElementCollection, jagdx.IDirect3DVertexDeclaration	int	(Ljagdx/VertexElementCollection;Ljagdx/IDirect3DVertexDeclaration;)I	321052
jagdx	SetPixelShaderConstantF	int, float[], int	int	(I[FI)I	321055
jagdx	_CreateCubeTexture	int, int, int, int, int, jagdx.IDirect3DCubeTexture	int	(IIIIILjagdx/IDirect3DCubeTexture;)I	321058
jagdx	SetRenderState	int, int	int	(II)I	321061
jagdx	_GetSwapChain	int, jagdx.IDirect3DSwapChain	int	(ILjagdx/IDirect3DSwapChain;)I	321064
jagdx	SetVertexShader	jagdx.IDirect3DVertexShader	int	(Ljagdx/IDirect3DVertexShader;)I	321067
jagdx	_GetRenderTarget	int, jagdx.IDirect3DSurface	int	(ILjagdx/IDirect3DSurface;)I	321070
jagdx	StretchRect	jagdx.IDirect3DSurface, int, int, int, int, jagdx.IDirect3DSurface, int, int, int, int, int	int	(Ljagdx/IDirect3DSurface;IIIILjagdx/IDirect3DSurface;IIIII)I	321073
jagdx	_CreateVolumeTexture	int, int, int, int, int, int, int, jagdx.IDirect3DVolumeTexture	int	(IIIIIIILjagdx/IDirect3DVolumeTexture;)I	321076
jagdx	b	byte[]	jagdx.IDirect3DVertexShader	([B)Ljagdx/IDirect3DVertexShader;	321079
jagdx	b	int, float, float, float, float	int	(IFFFF)I	321123
jagdx	a	int, float	int	(IF)I	321155
jagdx	SetVertexDeclaration	jagdx.IDirect3DVertexDeclaration	int	(Ljagdx/IDirect3DVertexDeclaration;)I	321170
jagdx	SetRenderStateb	int, boolean	int	(IZ)I	321173
jagdx	EndScene		int	()I	321176
jagdx	a	int, float[]	int	(I[F)I	321179
jagdx	_CreateOffscreenPlainSurface	int, int, int, int, jagdx.IDirect3DSurface	int	(IIIILjagdx/IDirect3DSurface;)I	321198
jagdx	SetTransform	int, float[]	int	(I[F)I	321201
jagdx	a	int, int, int, int, jagdx.IDirect3DVertexBuffer	jagdx.IDirect3DVertexBuffer	(IIIILjagdx/IDirect3DVertexBuffer;)Ljagdx/IDirect3DVertexBuffer;	321204
jagdx	a	int, int, int, int, int, int	jagdx.IDirect3DTexture	(IIIIII)Ljagdx/IDirect3DTexture;	321249
jagdx	SetFVF	int	int	(I)I	321289
jagdx	a	int, int, int, int, int, int, int	jagdx.IDirect3DVolumeTexture	(IIIIIII)Ljagdx/IDirect3DVolumeTexture;	321292
jagdx	SetTexture	int, jagdx.IDirect3DBaseTexture	int	(ILjagdx/IDirect3DBaseTexture;)I	321333
jagdx	_CreatePixelShader	byte[], jagdx.IDirect3DPixelShader	int	([BLjagdx/IDirect3DPixelShader;)I	321336
jagdx	SetViewport	int, int, int, int, float, float	int	(IIIIFF)I	321339
jagdx	_CreateTexture	int, int, int, int, int, int, jagdx.IDirect3DTexture	int	(IIIIIILjagdx/IDirect3DTexture;)I	321342
jagdx	SetPixelShader	jagdx.IDirect3DPixelShader	int	(Ljagdx/IDirect3DPixelShader;)I	321345
jagdx	a	int	jagdx.IDirect3DSurface	(I)Ljagdx/IDirect3DSurface;	321348
jagdx	LightEnable	int, boolean	boolean	(IZ)Z	321384
jagdx	_CreateIndexBuffer	int, int, int, int, jagdx.IDirect3DIndexBuffer	int	(IIIILjagdx/IDirect3DIndexBuffer;)I	321387
jagdx	Reset	jagdx.D3DPRESENT_PARAMETERS	int	(Ljagdx/D3DPRESENT_PARAMETERS;)I	321390
jagdx	SetScissorRect	int, int, int, int	int	(IIII)I	321393
jagdx	a	jagdx.VertexElementCollection, jagdx.IDirect3DVertexDeclaration	jagdx.IDirect3DVertexDeclaration	(Ljagdx/VertexElementCollection;Ljagdx/IDirect3DVertexDeclaration;)Ljagdx/IDirect3DVertexDeclaration;	321396
jagdx	SetIndices	jagdx.IDirect3DIndexBuffer	int	(Ljagdx/IDirect3DIndexBuffer;)I	321439
jagdx	SetTextureStageState	int, int, int	int	(III)I	321442
jagdx	DrawIndexedPrimitive	int, int, int, int, int, int	int	(IIIIII)I	321445
jagdx	_CreateVertexBuffer	int, int, int, int, jagdx.IDirect3DVertexBuffer	int	(IIIILjagdx/IDirect3DVertexBuffer;)I	321448
jagdx	SetLight	int, jagdx.D3DLIGHT	int	(ILjagdx/D3DLIGHT;)I	321451
jagdx	DrawPrimitive	int, int, int	int	(III)I	321454
jagdx	a	int, boolean	int	(IZ)I	321457
jagdx	BeginScene		int	()I	321472
jagdx	SetStreamSource	int, jagdx.IDirect3DVertexBuffer, int, int	int	(ILjagdx/IDirect3DVertexBuffer;II)I	321475
jagdx	SetVertexShaderConstantF	int, float[], int	int	(I[FI)I	321478
jagdx	_Update	long, int, int	boolean	(JII)Z	321490
jagdx	Unlock		int	()I	321501
jagdx	a		long	()J	321504
jagdx	Lock	int, int, int, jagdx.GeometryBuffer	int	(IIILjagdx/GeometryBuffer;)I	321517
jagdx	LockRect	int, int, int, int, int, jagdx.PixelBuffer	int	(IIIIILjagdx/PixelBuffer;)I	321530
jagdx	UnlockRect		boolean	()Z	321533
jagdx	a	int, int	jagdx.IDirect3DSurface	(II)Ljagdx/IDirect3DSurface;	321548
jagdx	_GetBackBuffer	int, int, jagdx.IDirect3DSurface	int	(IILjagdx/IDirect3DSurface;)I	321585
jagdx	Present	int	int	(I)I	321606
jagdx	UnlockRect	int	boolean	(I)Z	321618
jagdx	LockRect	int, int, int, int, int, int, jagdx.PixelBuffer	int	(IIIIIILjagdx/PixelBuffer;)I	321621
jagdx	Lock	int, int, int, jagdx.GeometryBuffer	int	(IIILjagdx/GeometryBuffer;)I	321625
jagdx	a		long	()J	321628
jagdx	Unlock		int	()I	321641
jagdx	_Update	long, int, int, int	boolean	(JIII)Z	321652
jagdx	LockBox	int, int, int, int, int, int, int, int, jagdx.PixelBuffer	int	(IIIIIIIILjagdx/PixelBuffer;)I	321674
jagdx	UnlockBox	int	boolean	(I)Z	321685
jagdx	init		void	()V	321689
jagdx	a	int[], int, int, int	void	([IIII)V	321692
jagdx	puti	int[], int, int, int	void	([IIII)V	321770
jagdx	getub	byte[], int, int, int	void	([BIII)V	321773
jagdx	b	int[], int, int, int	void	([IIII)V	321776
jagdx	getRowPitch		int	()I	321870
jagdx	getSize		int	()I	321873
jagdx	getSlicePitch		int	()I	321876
jagdx	a	byte[], int, int, int	void	([BIII)V	321879
jagdx	putub	byte[], int, int, int	void	([BIII)V	321964
jagdx	geti	int[], int, int, int	void	([IIII)V	321967
jagdx	addElement	int, int, int, int, int, int	void	(IIIIII)V	321971
jagdx	init		void	()V	321974
jagdx	reset		void	()V	321977
jagdx	finish		void	()V	321997
jagdx	a	int, byte	boolean	(IB)Z	322001
jagdx	b	int, byte	boolean	(IB)Z	322028
jagex3	copyPositions	int[], int[], int[], short[], int, int, int, long	void	([I[I[I[SIIIJ)V	322075
jagex3	initTextureMetrics	int, byte, byte	void	(IBB)V	322078
jagex3	setSunColour	float, float, float, float, float	void	(FFFFF)V	322081
jagex3	release		void	()V	322084
jagex3	setSunDirection	float, float, float	void	(FFF)V	322087
jagex3	copyNormals	short[], short[], short[], byte[], float, float, int, int, int, long	void	([S[S[S[BFFIIIJ)V	322090
jagex3	copyColours	short[], byte[], short[], int, short[], int, int, int, long	void	([S[B[SI[SIIIJ)V	322093
jagex3	setAmbient	float	void	(F)V	322096
jagex3	init	int, int	void	(II)V	322117
jagex3	copyLighting	short[], byte[], short[], short[], short[], short[], byte[], int, int, short[], int, int, int, long	void	([S[B[S[S[S[S[BII[SIIIJ)V	322120
jagex3	copyTexCoords	float[], float[], int, int, int, long	void	([F[FIIIJ)V	322123
jaggl	a	int, int, int	boolean	(III)Z	322130
jaggl	b		boolean	()Z	322170
jaggl	a		boolean	()Z	322192
jaggl	a	byte[], int, int, int	void	([BIII)V	322226
jaggl	glLoadMatrixf	float[], int	void	([FI)V	322273
jaggl	glMultiTexCoord2f	int, float, float	void	(IFF)V	322276
jaggl	glGetFloatv	int, float[], int	void	(I[FI)V	322279
jaggl	glDrawArrays	int, int, int	void	(III)V	322282
jaggl	glMultMatrixf	float[], int	void	([FI)V	322285
jaggl	a		boolean	()Z	322288
jaggl	glGetError		int	()I	322326
jaggl	glVertex2i	int, int	void	(II)V	322329
jaggl	glColorMask	boolean, boolean, boolean, boolean	void	(ZZZZ)V	322332
jaggl	glHint	int, int	void	(II)V	322335
jaggl	createPbuffer	int, int	long	(II)J	322338
jaggl	glLoadIdentity		void	()V	322341
jaggl	glGetTexImagei	int, int, int, int, int[], int	void	(IIII[II)V	322344
jaggl	glGetObjectParameterivARB	long, int, int[], int	void	(JI[II)V	322347
jaggl	glEnable	int	void	(I)V	322350
jaggl	glDeleteProgramARB	int	void	(I)V	322353
jaggl	glNewList	int, int	void	(II)V	322356
jaggl	glFogfv	int, float[], int	void	(I[FI)V	322359
jaggl	glDetachObjectARB	long, long	void	(JJ)V	322362
jaggl	glCreateShaderObjectARB	int	long	(I)J	322365
jaggl	glPopMatrix		void	()V	322368
jaggl	glOrtho	double, double, double, double, double, double	void	(DDDDDD)V	322371
jaggl	glTexGenfv	int, int, float[], int	void	(II[FI)V	322374
jaggl	glDrawBuffer	int	void	(I)V	322377
jaggl	glDrawBuffersARB	int, int[], int	void	(I[II)V	322380
jaggl	glReadPixelsub	int, int, int, int, int, int, byte[], int	void	(IIIIII[BI)V	322383
jaggl	glRenderbufferStorageMultisampleEXT	int, int, int, int, int	void	(IIIII)V	322386
jaggl	glCullFace	int	void	(I)V	322389
jaggl	glProgramStringARB	int, int, java.lang.String	void	(IILjava/lang/String;)V	322392
jaggl	glMaterialfv	int, int, float[], int	void	(II[FI)V	322395
jaggl	glLightf	int, int, float	void	(IIF)V	322398
jaggl	glUniform1iARB	int, int	void	(II)V	322401
jaggl	glTexCoord2i	int, int	void	(II)V	322404
jaggl	glBindBufferARB	int, int	void	(II)V	322407
jaggl	glCopyPixels	int, int, int, int, int	void	(IIIII)V	322410
jaggl	glUniformMatrix2fvARB	int, int, boolean, float[], int	void	(IIZ[FI)V	322413
jaggl	glGetIntegerv	int, int[], int	void	(I[II)V	322416
jaggl	glGetString	int	java.lang.String	(I)Ljava/lang/String;	322419
jaggl	glDeleteBuffersARB	int, int[], int	void	(I[II)V	322422
jaggl	glGenLists	int	int	(I)I	322425
jaggl	glShaderSourceRawARB	long, byte[]	void	(J[B)V	322428
jaggl	glCopyTexImage2D	int, int, int, int, int, int, int, int	void	(IIIIIIII)V	322431
jaggl	glViewport	int, int, int, int	void	(IIII)V	322434
jaggl	glBlendFunc	int, int	void	(II)V	322437
jaggl	releaseSurface	java.awt.Canvas, long	void	(Ljava/awt/Canvas;J)V	322440
jaggl	glCallList	int	void	(I)V	322443
jaggl	glProgramRawARB	int, int, byte[]	void	(II[B)V	322446
jaggl	glTexSubImage2Di	int, int, int, int, int, int, int, int, int[], int	void	(IIIIIIII[II)V	322449
jaggl	glBindFramebufferEXT	int, int	void	(II)V	322452
jaggl	glDisableClientState	int	void	(I)V	322455
jaggl	glTexEnvf	int, int, float	void	(IIF)V	322458
jaggl	glFramebufferTexture2DEXT	int, int, int, int, int	void	(IIIII)V	322461
jaggl	glTexSubImage2Dub	int, int, int, int, int, int, int, int, byte[], int	void	(IIIIIIII[BI)V	322464
jaggl	glGenProgramARB		int	()I	322467
jaggl	glDeleteObjectARB	long	void	(J)V	322470
jaggl	release		void	()V	322473
jaggl	glPixelTransferf	int, float	void	(IF)V	322476
jaggl	glMultiTexCoord2i	int, int, int	void	(III)V	322479
jaggl	glEndList		void	()V	322482
jaggl	glColor3ub	byte, byte, byte	void	(BBB)V	322485
jaggl	glRenderbufferStorageEXT	int, int, int, int	void	(IIII)V	322488
jaggl	glTexGeni	int, int, int	void	(III)V	322491
jaggl	glDepthFunc	int	void	(I)V	322494
jaggl	glLineWidth	float	void	(F)V	322497
jaggl	prepareSurface	java.awt.Canvas	long	(Ljava/awt/Canvas;)J	322500
jaggl	glUniformMatrix4fvARB	int, int, boolean, float[], int	void	(IIZ[FI)V	322503
jaggl	glFrustum	double, double, double, double, double, double	void	(DDDDDD)V	322506
jaggl	b		boolean	()Z	322509
jaggl	detachPeer		void	()V	322538
jaggl	glMatrixMode	int	void	(I)V	322541
jaggl	glScissor	int, int, int, int	void	(IIII)V	322544
jaggl	glDrawElements	int, int, int, long	void	(IIIJ)V	322547
jaggl	glTexCoordPointer	int, int, int, long	void	(IIIJ)V	322550
jaggl	glScalef	float, float, float	void	(FFF)V	322553
jaggl	releasePbuffer	long	void	(J)V	322556
jaggl	glDeleteLists	int, int	void	(II)V	322559
jaggl	glLightModelfv	int, float[], int	void	(I[FI)V	322562
jaggl	glTexCoord3f	float, float, float	void	(FFF)V	322565
jaggl	glVertexPointer	int, int, int, long	void	(IIIJ)V	322568
jaggl	glBlitFramebufferEXT	int, int, int, int, int, int, int, int, int, int	void	(IIIIIIIIII)V	322571
jaggl	glTexImage2Dub	int, int, int, int, int, int, int, int, byte[], int	void	(IIIIIIII[BI)V	322574
jaggl	glDeleteTextures	int, int[], int	void	(I[II)V	322577
jaggl	glUnmapBufferARB	int	boolean	(I)Z	322580
jaggl	glCheckFramebufferStatusEXT	int	int	(I)I	322583
jaggl	glTexParameteri	int, int, int	void	(III)V	322586
jaggl	glRotatef	float, float, float, float	void	(FFFF)V	322589
jaggl	glMapBufferARB	int, int	long	(II)J	322592
jaggl	glGenRenderbuffersEXT	int, int[], int	void	(I[II)V	322595
jaggl	glTexImage2Di	int, int, int, int, int, int, int, int, int[], int	void	(IIIIIIII[II)V	322598
jaggl	glColor4ub	byte, byte, byte, byte	void	(BBBB)V	322601
jaggl	glClientActiveTexture	int	void	(I)V	322604
jaggl	glReadBuffer	int	void	(I)V	322607
jaggl	glProgramLocalParameter4fvARB	int, int, float[], int	void	(II[FI)V	322610
jaggl	glUseProgramObjectARB	long	void	(J)V	322613
jaggl	glFlush		void	()V	322616
jaggl	glTexEnvfv	int, int, float[], int	void	(II[FI)V	322619
jaggl	glBindProgramARB	int, int	void	(II)V	322622
jaggl	glBindRenderbufferEXT	int, int	void	(II)V	322625
jaggl	glFogf	int, float	void	(IF)V	322628
jaggl	glFinish		void	()V	322631
jaggl	glLightfv	int, int, float[], int	void	(II[FI)V	322634
jaggl	glMultiTexCoord3i	int, int, int, int	void	(IIII)V	322637
jaggl	glShadeModel	int	void	(I)V	322640
jaggl	glColor4f	float, float, float, float	void	(FFFF)V	322643
jaggl	glEnableClientState	int	void	(I)V	322646
jaggl	glClearDepth	float	void	(F)V	322649
jaggl	glShaderSourceARB	long, java.lang.String	void	(JLjava/lang/String;)V	322652
jaggl	setSwapInterval	int	void	(I)V	322655
jaggl	glDeleteRenderbuffersEXT	int, int[], int	void	(I[II)V	322658
jaggl	glColorMaterial	int, int	void	(II)V	322661
jaggl	glFramebufferTexture3DEXT	int, int, int, int, int, int	void	(IIIIII)V	322664
jaggl	init	java.awt.Canvas, int, int, int, int, int, int	long	(Ljava/awt/Canvas;IIIIII)J	322667
jaggl	glTexImage1Dub	int, int, int, int, int, int, int, byte[], int	void	(IIIIIII[BI)V	322670
jaggl	setPbuffer	long	void	(J)V	322673
jaggl	glCopyTexSubImage3D	int, int, int, int, int, int, int, int, int	void	(IIIIIIIII)V	322676
jaggl	glReadPixelsi	int, int, int, int, int, int, int[], int	void	(IIIIII[II)V	322679
jaggl	glGenFramebuffersEXT	int, int[], int	void	(I[II)V	322682
jaggl	glBufferSubDataARBa	int, int, int, long	void	(IIIJ)V	322685
jaggl	glDeleteFramebuffersEXT	int, int[], int	void	(I[II)V	322688
jaggl	glUniformMatrix3fvARB	int, int, boolean, float[], int	void	(IIZ[FI)V	322691
jaggl	glPushAttrib	int	void	(I)V	322694
jaggl	glFramebufferRenderbufferEXT	int, int, int, int	void	(IIII)V	322697
jaggl	glPixelStorei	int, int	void	(II)V	322700
jaggl	swapBuffers		void	()V	322703
jaggl	glProgramLocalParameter4fARB	int, int, float, float, float, float	void	(IIFFFF)V	322706
jaggl	glGetProgramivARB	int, int, int[], int	void	(II[II)V	322709
jaggl	glClearColor	float, float, float, float	void	(FFFF)V	322712
jaggl	glClear	int	void	(I)V	322715
jaggl	glNormalPointer	int, int, long	void	(IIJ)V	322718
jaggl	glGenTextures	int, int[], int	void	(I[II)V	322721
jaggl	glVertex2f	float, float	void	(FF)V	322724
jaggl	glStencilOp	int, int, int	void	(III)V	322727
jaggl	glAttachObjectARB	long, long	void	(JJ)V	322730
jaggl	arePbuffersAvailable		boolean	()Z	322733
jaggl	glPixelZoom	float, float	void	(FF)V	322736
jaggl	glTexEnvi	int, int, int	void	(III)V	322739
jaggl	glActiveTexture	int	void	(I)V	322742
jaggl	glColor3f	float, float, float	void	(FFF)V	322745
jaggl	glStencilFunc	int, int, int	void	(III)V	322748
jaggl	glCopyTexSubImage2D	int, int, int, int, int, int, int, int	void	(IIIIIIII)V	322751
jaggl	glBegin	int	void	(I)V	322754
jaggl	glDepthMask	boolean	void	(Z)V	322757
jaggl	glVertex3f	float, float, float	void	(FFF)V	322760
jaggl	glCreateProgramObjectARB		long	()J	322763
jaggl	setSurface	long	boolean	(J)Z	322766
jaggl	surfaceResized	long	void	(J)V	322769
jaggl	glPopAttrib		void	()V	322772
jaggl	glTexImage3Dub	int, int, int, int, int, int, int, int, int, byte[], int	void	(IIIIIIIII[BI)V	322775
jaggl	glTexSubImage2Df	int, int, int, int, int, int, int, int, float[], int	void	(IIIIIIII[FI)V	322778
jaggl	glUniform2fARB	int, float, float	void	(IFF)V	322781
jaggl	glBufferDataARBub	int, int, byte[], int, int	void	(II[BII)V	322784
jaggl	glTexParameterf	int, int, float	void	(IIF)V	322787
jaggl	glBufferDataARBa	int, int, long, int	void	(IIJI)V	322790
jaggl	glPointSize	float	void	(F)V	322793
jaggl	glBindTexture	int, int	void	(II)V	322796
jaggl	glGenerateMipmapEXT	int	void	(I)V	322799
jaggl	glDisable	int	void	(I)V	322802
jaggl	glPolygonMode	int, int	void	(II)V	322805
jaggl	glTexCoord2f	float, float	void	(FF)V	322808
jaggl	glAlphaFunc	int, float	void	(IF)V	322811
jaggl	a	java.lang.String	boolean	(Ljava/lang/String;)Z	322821
jaggl	glGetInfoLogARB	long, int, int[], int, byte[], int	void	(JI[II[BI)V	322903
jaggl	glBufferSubDataARBub	int, int, int, byte[], int	void	(III[BI)V	322906
jaggl	glLinkProgramARB	long	void	(J)V	322909
jaggl	glPushMatrix		void	()V	322912
jaggl	glUniform4fARB	int, float, float, float, float	void	(IFFFF)V	322915
jaggl	glUniform3fARB	int, float, float, float	void	(IFFF)V	322918
jaggl	glCompileShaderARB	long	void	(J)V	322921
jaggl	glGetUniformLocationARB	long, java.lang.String	int	(JLjava/lang/String;)I	322924
jaggl	glTexCoord3i	int, int, int	void	(III)V	322927
jaggl	glGetTexImageub	int, int, int, int, byte[], int	void	(IIII[BI)V	322930
jaggl	glUniform1fARB	int, float	void	(IF)V	322933
jaggl	attachPeer		boolean	()Z	322936
jaggl	glEnd		void	()V	322939
jaggl	glFogi	int, int	void	(II)V	322942
jaggl	glDrawPixelsi	int, int, int, int, int[], int	void	(IIII[II)V	322945
jaggl	glTranslatef	float, float, float	void	(FFF)V	322948
jaggl	glDrawPixelsub	int, int, int, int, byte[], int	void	(IIII[BI)V	322951
jaggl	glGenBuffersARB	int, int[], int	void	(I[II)V	322954
jaggl	glRasterPos2i	int, int	void	(II)V	322957
jaggl	glNormal3f	float, float, float	void	(FFF)V	322960
jaggl	glTexImage2Df	int, int, int, int, int, int, int, int, float[], int	void	(IIIIIIII[FI)V	322963
jaggl	glColorPointer	int, int, int, long	void	(IIIJ)V	322966
jb	a	int	void	(I)V	322988
jba	a	int[][], long, int, java.util.Random, int, long	wfb	([[IJILjava/util/Random;IJ)Lwfb;	323058
jba	a	int, shb, int, int, boolean	void	(ILshb;IIZ)V	323507
jba	a	boolean	void	(Z)V	323688
jbb	a	nc[], int	nc	([Lnc;I)Lnc;	323803
jc	a	int	void	(I)V	323873
jc	a	nc[], int	nc	([Lnc;I)Lnc;	324208
jc	a	byte, asb, int, qkb	void	(BLasb;ILqkb;)V	324253
jc	b	boolean	void	(Z)V	324341
jca	a	int	void	(I)V	324384
jca	a	int, int, byte	int	(IIB)I	324417
jca	a	nc[], int	nc	([Lnc;I)Lnc;	324486
jcb	a	nc[], int	nc	([Lnc;I)Lnc;	324561
jd	a	int	void	(I)V	324622
jd	a	java.lang.String, java.lang.String, int, java.lang.String	java.lang.String	(Ljava/lang/String;Ljava/lang/String;ILjava/lang/String;)Ljava/lang/String;	324667
jd	a	nc[], int	nc	([Lnc;I)Lnc;	324825
jda	a	nc[], int	nc	([Lnc;I)Lnc;	324897
jda	a	int	void	(I)V	324958
jdb	a	byte	tv	(B)Ltv;	325051
jdb	a	boolean	void	(Z)V	325084
jdb	a	int[], int, int, int, int, int, int, int	void	([IIIIIIII)V	325118
jdb	a	int, byte, int, ds, int	void	(IBILds;I)V	325515
jdb	a	int, int	tv[]	(II)[Ltv;	325591
je	a	boolean	void	(Z)V	325646
je	a	byte, java.lang.CharSequence, boolean	boolean	(BLjava/lang/CharSequence;Z)Z	325677
je	b	byte	void	(B)V	325857
je	a	byte	void	(B)V	325887
je	a	int, pf	void	(ILpf;)V	325951
jea	e	int	void	(I)V	326360
jea	a	int	void	(I)V	326395
jea	a	nc[], int	nc	([Lnc;I)Lnc;	326457
jeb	c	int	int	(I)I	326529
jeb	b	int	int	(I)I	326561
jeb	h	byte	boolean	(B)Z	326592
jeb	a	int	int	(I)I	326621
jeb	a	byte	int	(B)I	326652
jeb	f	byte	int	(B)I	326683
jeb	k	int	int	(I)I	326711
jeb	a	boolean	int	(Z)I	326743
jeb	d	byte	int	(B)I	326775
jeb	b	boolean	int	(Z)I	326804
jeb	i	byte	void	(B)V	326848
jeb	a	int, int[], long, java.lang.String, byte	boolean	(I[IJLjava/lang/String;B)Z	326883
jeb	g	byte	int	(B)I	326965
jf	c	int	jagdx.IDirect3DBaseTexture	(I)Ljagdx/IDirect3DBaseTexture;	327013
jf	a	tu, int	void	(Ltu;I)V	327035
jf	b	int	void	(I)V	327201
jfa	a	byte[], int[], int[], int, int, int, int, int, int, int, int, int, int, aa, int, int	void	([B[I[IIIIIIIIIIILaa;II)V	327245
jfa	a	byte[], int[], int[], int, int, int, int, int, int	void	([B[I[IIIIIII)V	327515
jfa	a	byte[], int[], int, int, int, int, int, int, int, int, int, int, aa, int, int	void	([B[IIIIIIIIIIILaa;II)V	327649
jfa	a	char, int, int, int, boolean, aa, int, int	void	(CIIIZLaa;II)V	327837
jfa	a	byte[], int[], int, int, int, int, int, int, int	void	([B[IIIIIIII)V	328064
jfa	fa	char, int, int, int, boolean	void	(CIIIZ)V	328166
jfb	a	int	void	(I)V	328368
jfb	a	nc[], int	nc	([Lnc;I)Lnc;	328397
jg	movemouse	int, int	void	(II)V	328473
jg	setcustomcursor	java.awt.Component, int[], int, int, java.awt.Point	void	(Ljava/awt/Component;[IIILjava/awt/Point;)V	328509
jg	showcursor	java.awt.Component, boolean	void	(Ljava/awt/Component;Z)V	328551
jga	a	int, int	tv[]	(II)[Ltv;	328631
jga	a	int	void	(I)V	328673
jga	a	byte	tv	(B)Ltv;	328703
jgb	e	int	void	(I)V	328749
jgb	a	nc[], int	nc	([Lnc;I)Lnc;	328778
jgb	e	byte	void	(B)V	328831
jgb	a	int	phb	(I)Lphb;	328879
jh	a	int	void	(I)V	328980
jh	a	nc[], int	nc	([Lnc;I)Lnc;	329012
jha	e	byte	void	(B)V	329092
jha	a	nc[], int	nc	([Lnc;I)Lnc;	329123
jhb	a	nc[], int	nc	([Lnc;I)Lnc;	329187
jhb	e	byte	void	(B)V	329238
ji	b	boolean	boolean	(Z)Z	329302
ji	e	int	void	(I)V	329365
ji	a	nc[], int	nc	([Lnc;I)Lnc;	329490
ji	a	int	void	(I)V	329541
jia	a	int, int, int, int, int, int	void	(IIIIII)V	329585
jia	a	nc[], int	nc	([Lnc;I)Lnc;	329890
jia	a	int, byte	int	(IB)I	329949
jia	a	int, int	int	(II)I	330007
jib	a	nc[], int	nc	([Lnc;I)Lnc;	330159
jj	a	nc[], int	nc	([Lnc;I)Lnc;	330224
jj	a	int, byte, int, float, int, int	void	(IBIFII)V	330285
jj	a	int	void	(I)V	330377
jja	a	byte	tv	(B)Ltv;	330432
jja	a	int, int	tv[]	(II)[Ltv;	330465
jja	b	byte	void	(B)V	330502
jjb	a	boolean	void	(Z)V	330576
jjb	a	int, int, int, int, int, int	void	(IIIIII)V	330606
jk	a	int, jk	boolean	(ILjk;)Z	330997
jk	i	int	boolean	(I)Z	331082
jk	a	java.lang.String, java.lang.String, int	void	(Ljava/lang/String;Ljava/lang/String;I)V	331121
jk	h	int	void	(I)V	331248
jka	a	rn, byte	void	(Lrn;B)V	331287
jkb	jkb		public	()V	331353
jl	a	int	void	(I)V	331373
jl	a	nc[], int	nc	([Lnc;I)Lnc;	331418
jla	c	int, int, int, int	void	(IIII)V	331485
jla	jla	java.lang.String, wwa, sba	private	(Ljava/lang/String;Lwwa;Lsba;)V	331536
jla	a	int	void	(I)V	331594
jla	jla	java.lang.String, sba	private	(Ljava/lang/String;Lsba;)V	331627
jla	a	byte[], byte, int	dnb	([BBI)Ldnb;	331676
jlb	a	int, boolean	int[]	(IZ)[I	331837
jlb	b	int, int, int, int	boolean	(IIII)Z	332156
jlb	c	byte	void	(B)V	332250
jlb	jlb		public	()V	332282
jlb	e	byte	void	(B)V	332315
jlb	a	int, int, ds	void	(IILds;)V	332570
jlb	a	boolean	void	(Z)V	332772
jm	e	byte	void	(B)V	332814
jm	a	int, int	sr	(II)Lsr;	332844
jm	a	nc[], int	nc	([Lnc;I)Lnc;	332917
jm	a	byte, java.lang.String, int	java.lang.String	(BLjava/lang/String;I)Ljava/lang/String;	332974
jma	a	int	byte[]	(I)[B	333115
jma	e	int	void	(I)V	333156
jma	e	byte	int	(B)I	333186
jmb	b	boolean	void	(Z)V	333265
jmb	a	nc[], int	nc	([Lnc;I)Lnc;	333304
jn	a	int	void	(I)V	333408
jn	a	byte	void	(B)V	333473
jn	hasNext		boolean	()Z	333509
jn	remove		void	()V	333533
jn	next		java.lang.Object	()Ljava/lang/Object;	333565
jna	a	nc[], int	nc	([Lnc;I)Lnc;	333657
jna	b	boolean	void	(Z)V	333714
jnb	a	int	void	(I)V	333756
jnb	e	int	boolean	(I)Z	333789
jnb	a	eab, int, ds, boolean	void	(Leab;ILds;Z)V	333834
jnb	a	nc[], int	nc	([Lnc;I)Lnc;	334211
jo	a	int, int, int	int	(III)I	334299
jo	a	boolean	void	(Z)V	334435
jo	c	int, int	boolean	(II)Z	334470
jo	b	faa, int	void	(Lfaa;I)V	334520
jo	a	java.lang.Object, boolean	int	(Ljava/lang/Object;Z)I	334597
jo	a	tv, int	void	(Ltv;I)V	334708
jo	b	byte, tv	void	(BLtv;)V	334859
jo	b	int, int	void	(II)V	334941
jo	a	faa, boolean	void	(Lfaa;Z)V	335018
jo	a	byte, tv	boolean	(BLtv;)Z	335086
jo	a	byte	void	(B)V	335173
jo	a	int, int	void	(II)V	335212
joa	a	java.lang.CharSequence, boolean	java.lang.String	(Ljava/lang/CharSequence;Z)Ljava/lang/String;	335342
joa	a	int, int, int, int, int, int, int, int	int	(IIIIIIII)I	335393
joa	a	int	void	(I)V	335648
job	e	byte	void	(B)V	335789
job	a	nc[], int	nc	([Lnc;I)Lnc;	335824
jp	a	byte, mkb, int	void	(BLmkb;I)V	335993
jp	a	byte, uja	void	(BLuja;)V	336046
jp	a	jra, int, int, int	void	(Ljra;III)V	336120
jp	j	byte	void	(B)V	336246
jp	o	byte	void	(B)V	336293
jp	a	byte, boolean	vca	(BZ)Lvca;	336339
jp	b		boolean	()Z	336378
jp	b	int, int, boolean	void	(IIZ)V	336392
jp	a	int, boolean	void	(IZ)V	336447
jp	ya		void	()V	336497
jp	o		void	()V	336517
jp	a	int, qma[]	vmb	(I[Lqma;)Lvmb;	336549
jp	e	boolean	void	(Z)V	336594
jp	F	int	void	(I)V	336645
jp	a	int, int, int, int	void	(IIII)V	336692
jp	s		boolean	()Z	336697
jp	K	int	void	(I)V	336711
jp	n	int	void	(I)V	336741
jp	a	boolean, int, int[][], int	hdb	(ZI[[II)Lhdb;	336908
jp	B	int	void	(I)V	336963
jp	a	int, boolean, int[], int, int, boolean, int	eb	(IZ[IIIZI)Leb;	337017
jp	I	byte	void	(B)V	337146
jp	a	hf	void	(Lhf;)V	337271
jp	h	boolean	void	(Z)V	337276
jp	b	int, int, int	void	(III)V	337339
jp	a	ekb, wib	hf	(Lekb;Lwib;)Lhf;	337394
jp	GA	int	void	(I)V	337433
jp	SA	int, int, int, int, int[], int, int	void	(IIII[III)V	337483
jp	a	boolean, int	mkb	(ZI)Lmkb;	337570
jp	I	int	void	(I)V	337608
jp	a	byte, int	uda	(BI)Luda;	337654
jp	a	boolean, int, boolean, slb, int	void	(ZIZLslb;I)V	337758
jp	y	int	void	(I)V	337855
jp	a	boolean, byte, slb, int	void	(ZBLslb;I)V	337903
jp	a	int, kb, mj	boolean	(ILkb;Lmj;)Z	337975
jp	w	int	void	(I)V	338026
jp	a	aja, boolean	void	(Laja;Z)V	338090
jp	f	byte	float	(B)F	338095
jp	G	byte	void	(B)V	338127
jp	G	int	void	(I)V	338224
jp	y	byte	void	(B)V	338258
jp	a	float[], int, int	float[]	([FII)[F	338298
jp	c	int	void	(I)V	338352
jp	a	int, int, byte[], kb, int, int	gf	(II[BLkb;II)Lgf;	338705
jp	a	kb, float[], boolean, int, int, int, boolean, int	eb	(Lkb;[FZIIIZI)Leb;	338775
jp	b	int, int	wib	(II)Lwib;	338918
jp	a	java.awt.Canvas, java.lang.Object, int	void	(Ljava/awt/Canvas;Ljava/lang/Object;I)V	338945
jp	f	int	void	(I)V	339005
jp	a	long, int	void	(JI)V	339184
jp	a	byte, java.awt.Canvas	java.lang.Object	(BLjava/awt/Canvas;)Ljava/lang/Object;	339227
jp	C	int	void	(I)V	339286
jp	v	byte	void	(B)V	339343
jp	l	byte	void	(B)V	339422
jp	a	float, float, float	void	(FFF)V	339460
jp	v		void	()V	339465
jp	a	int, byte[], kb, int, int, int, boolean, int	eb	(I[BLkb;IIIZI)Leb;	339586
jp	m	byte	void	(B)V	339733
jp	p	byte	void	(B)V	339773
jp	i	byte	void	(B)V	339804
jp	na	int, int, int, int	int[]	(IIII)[I	340430
jp	A	byte	void	(B)V	340504
jp	t	int	void	(I)V	340561
jp	a	int, byte	void	(IB)V	340595
jp	m	int	void	(I)V	340640
jp	j	int	void	(I)V	340680
jp	u		void	()V	340788
jp	a	int, int, int, kb, mj	eb	(IIILkb;Lmj;)Leb;	340793
jp	j		void	()V	340905
jp	o	int	void	(I)V	340910
jp	d	int, int	void	(II)V	340948
jp	a	mj, kb, int	boolean	(Lmj;Lkb;I)Z	340983
jp	r	int	void	(I)V	341034
jp	a	int, vmb	void	(ILvmb;)V	341121
jp	s	byte	void	(B)V	341558
jpa	a	pe, int	ucb	(Lpe;I)Lucb;	341648
jpa	a	pe, boolean, int, int	void	(Lpe;ZII)V	341692
jpa	a	int, int[], rsb	void	(I[ILrsb;)V	341780
jpa	a	faa, boolean	void	(Lfaa;Z)V	341894
jpa	b	byte, tv	void	(BLtv;)V	341943
jpa	a	boolean	void	(Z)V	341996
jpa	a	int	java.lang.String	(I)Ljava/lang/String;	342027
jpa	b	faa, int	void	(Lfaa;I)V	342102
jpa	b	int	boolean	(I)Z	342160
jpa	a	tv, int	void	(Ltv;I)V	342254
jpa	a	byte, tv	boolean	(BLtv;)Z	342369
jpa	a	int, int	int	(II)I	342453
jpb	a	byte, java.lang.String	void	(BLjava/lang/String;)V	342547
jpb	a	int	void	(I)V	342550
jq	a	nc[], int	nc	([Lnc;I)Lnc;	342567
jqa	e	byte	void	(B)V	342629
jqa	a	nc[], int	nc	([Lnc;I)Lnc;	342669
jqb	a	int, int, java.lang.String, byte, int, int, da, ha, sw, int, int	void	(IILjava/lang/String;BIILda;Lha;Lsw;II)V	342754
jqb	a	int, int, eab, int, int, int	java.awt.Frame	(IILeab;III)Ljava/awt/Frame;	342961
jqb	e	byte	void	(B)V	343173
jqb	a	nc[], int	nc	([Lnc;I)Lnc;	343206
jr	a	int, int, int, qfa, int	im	(IIILqfa;I)Lim;	343260
jr	a	nc[], int	nc	([Lnc;I)Lnc;	343374
jra	a	int, boolean, int	void	(IZI)V	343443
jra	toString		java.lang.String	()Ljava/lang/String;	343591
jra	jra		public	()V	343607
jra	a	byte	void	(B)V	343614
jrb	a	int	llb	(I)Lllb;	343667
jrb	e	int	void	(I)V	343697
jrb	a	nc[], int	nc	([Lnc;I)Lnc;	343728
jrb	b	boolean	llb	(Z)Lllb;	343789
js	a	nc[], int	nc	([Lnc;I)Lnc;	343854
js	a	int	void	(I)V	343902
js	a	int, int, int	void	(III)V	343935
jsa	a	asb, int, int, java.awt.Canvas, d	ha	(Lasb;IILjava/awt/Canvas;Ld;)Lha;	344035
jsb	a	tv, int	void	(Ltv;I)V	344158
jsb	a	pe, int	ucb[]	(Lpe;I)[Lucb;	344243
jsb	a	pe, int, int[]	int[]	(Lpe;I[I)[I	344283
jsb	a	int, lbb, pe	boolean	(ILlbb;Lpe;)Z	344401
jsb	b	byte	void	(B)V	344495
jsb	a	byte, tv	boolean	(BLtv;)Z	344528
jsb	b	byte, tv	void	(BLtv;)V	344593
jsb	a	int	java.lang.String	(I)Ljava/lang/String;	344656
jsb	a	faa, boolean	void	(Lfaa;Z)V	344698
jsb	a	byte, int	int	(BI)I	344769
jsb	a	pe, int, int, int	void	(Lpe;III)V	344809
jsb	b	faa, int	void	(Lfaa;I)V	344862
jt	a	int	void	(I)V	344924
jt	a	nc[], int	nc	([Lnc;I)Lnc;	344954
jt	a	int, int, int, byte, int, int, int	void	(IIIBIII)V	345015
jta	a	int	void	(I)V	345325
jta	a	nc[], int	nc	([Lnc;I)Lnc;	345372
jtb	a	int	byte[]	(I)[B	345437
jtb	e	byte	int	(B)I	345440
jtb	a	int, int, long, boolean, java.lang.String	void	(IIJZLjava/lang/String;)V	345453
ju	e	byte	void	(B)V	345530
ju	a	nc[], int	nc	([Lnc;I)Lnc;	345573
ju	a	boolean, int, java.lang.String, byte, boolean, java.lang.String	int	(ZILjava/lang/String;BZLjava/lang/String;)I	345620
jua	a	int, int, int	void	(III)V	346280
jua	a	int, int	tv[]	(II)[Ltv;	346336
jua	a	byte	tv	(B)Ltv;	346382
jv	a	byte, int	rn	(BI)Lrn;	346441
jv	a	byte, int, int, int	int	(BIII)I	346545
jv	a	byte	void	(B)V	346619
jva	a	int, int, int, int, int, int	void	(IIIIII)V	346743
jva	d	int, int	void	(II)V	348654
jva	c	int, int, int	void	(III)V	348909
jva	b	int, int, int, int[], int[], int, int, int, int, int, int, int, int, int	void	(III[I[IIIIIIIIII)V	349055
jva	c	int[], int[], int, int, int, int, int, int, int, int	void	([I[IIIIIIIII)V	349169
jva	b	int, int, int, int	void	(IIII)V	349382
jva	c	int, int	void	(II)V	349612
jva	d	int, int, int	void	(III)V	349753
jva	d	int[], int[], int, int, int, int, int, int, int, int	void	([I[IIIIIIIII)V	349895
jva	a	int, int	void	(II)V	349992
jva	c	int[], int[], int, int, int, int, int, int, int	void	([I[IIIIIIII)V	350142
jva	e	int, int, int	void	(III)V	350225
jva	b	int[], int[], int, int, int, int, int, int, int, int, int, int	void	([I[IIIIIIIIIII)V	350367
jw	a	boolean	void	(Z)V	350481
jwa	jwa		public	()V	350543
jwa	b	int, int	void	(II)V	350551
jwa	a	int, int	int[][]	(II)[[I	350607
jwa	jwa	int	private	(I)V	350701
jwa	a	int, int, ds	void	(IILds;)V	350732
jwa	a	boolean, java.lang.CharSequence	java.lang.String	(ZLjava/lang/CharSequence;)Ljava/lang/String;	350787
jwa	d	int	void	(I)V	350969
k	e	byte	void	(B)V	351019
k	a	byte, int, byte[], int	int	(BI[BI)I	351056
k	a	nc[], int	nc	([Lnc;I)Lnc;	351144
k	a	int, boolean, java.lang.String, boolean, byte	void	(IZLjava/lang/String;ZB)V	351199
ka	HA		int	()I	351618
ka	V		int	()I	351621
ka	ka		protected	()V	351624
ka	a	int, int	void	(II)V	351631
ka	G		int	()I	351664
ka	a	int, fga	ana	(ILfga;)Lana;	351667
ka	H	int, int, int	void	(III)V	351721
ka	RA		int	()I	351724
ka	O	int, int, int	void	(III)V	351727
kaa	a	nc[], int	nc	([Lnc;I)Lnc;	351739
kaa	a	int	void	(I)V	351792
kab	a	int, shb, int, int, boolean	void	(ILshb;IIZ)V	351837
kab	c	int	void	(I)V	352053
kb	toString		java.lang.String	()Ljava/lang/String;	352126
kba	kba		public	()V	352153
kba	a	int	void	(I)V	352160
kba	toString		java.lang.String	()Ljava/lang/String;	352194
kbb	a	asb, asb, asb, byte, asb	void	(Lasb;Lasb;Lasb;BLasb;)V	352249
kbb	a	int, int, ds	void	(IILds;)V	352407
kbb	e	byte	void	(B)V	352523
kbb	a	byte, int, int, int	void	(BIII)V	352556
kbb	b	int, int, int, int	void	(IIII)V	352831
kbb	a	int, int	int[][]	(II)[[I	353104
kbb	kbb		public	()V	353337
kc	a	int, byte, int	void	(IBI)V	353379
kc	a	int, boolean[]	void	(I[Z)V	353461
kc	b	faa, int	void	(Lfaa;I)V	353533
kc	a	byte, tv	boolean	(BLtv;)Z	353610
kc	a	int	void	(I)V	353716
kc	a	byte	void	(B)V	353751
kc	a	int, long[], int, int[], int	void	(I[JI[II)V	353794
kc	a	boolean[], int	void	([ZI)V	354003
kc	kc		public	()V	354045
kc	b	byte, tv	void	(BLtv;)V	354064
kc	a	tv, int	void	(Ltv;I)V	354153
kc	a	faa, boolean	void	(Lfaa;Z)V	354319
kca	a	int, int, int, int, int, int, java.lang.String, int, int, int, int, byte, int	int	(IIIIIILjava/lang/String;IIIIBI)I	354417
kca	a	byte	void	(B)V	354542
kca	a	int, int	int	(II)I	354576
kcb	a	int, dja, faa, int, int, tv[]	tv[]	(ILdja;Lfaa;II[Ltv;)[Ltv;	354844
kcb	a	nc[], int	nc	([Lnc;I)Lnc;	355034
kda	b	boolean, int	int	(ZI)I	355156
kda	a	byte	void	(B)V	355219
kda	a	boolean, int	int	(ZI)I	355253
kda	a	byte, int	void	(BI)V	355340
kda	b	faa, int	byte[]	(Lfaa;I)[B	355380
kda	a	mib, int, int, int, boolean	void	(Lmib;IIIZ)V	355439
kda	a	mib, int	boolean	(Lmib;I)Z	355760
kda	a	byte, mib, int, faa	boolean	(BLmib;ILfaa;)Z	355813
kda	a	int, faa	void	(ILfaa;)V	355907
kda	a	boolean, uqb, mib, boolean, boolean, int, faa	void	(ZLuqb;Lmib;ZZILfaa;)V	355960
kda	a	uqb, faa, int	void	(Luqb;Lfaa;I)V	356156
kda	b	int	void	(I)V	356217
kda	c	int	int	(I)I	356247
kda	a	faa, faa, boolean, byte, int, mib	boolean	(Lfaa;Lfaa;ZBILmib;)Z	356279
kda	b	byte	boolean	(B)Z	356884
kda	a	int, int	void	(II)V	356921
kda	c	byte	void	(B)V	356956
kda	a	boolean	void	(Z)V	356990
kda	a	int	boolean	(I)Z	357032
kda	a	int, boolean, mib	void	(IZLmib;)V	357065
kda	a	faa, int, java.lang.String	void	(Lfaa;ILjava/lang/String;)V	357251
kda	a	int, boolean, int	void	(IZI)V	357318
kda	a	byte, java.lang.String, faa	void	(BLjava/lang/String;Lfaa;)V	357428
kda	a	faa, int	void	(Lfaa;I)V	357496
kda	b	mib, int	void	(Lmib;I)V	357659
kda	kda		public	()V	357716
kdb	a	int[], int, byte	int[]	([IIB)[I	357782
kdb	a	int, int, byte, int, int	void	(IIBII)V	357831
kdb	a	nc[], int	nc	([Lnc;I)Lnc;	357909
ke	a	java.lang.Class, int	boolean	(Ljava/lang/Class;I)Z	357984
ke	a	nc[], int	nc	([Lnc;I)Lnc;	358065
kea	a	boolean, java.lang.Class, java.lang.String	boolean	(ZLjava/lang/Class;Ljava/lang/String;)Z	358122
kea	a	int	void	(I)V	358306
keb	a	nc[], int	nc	([Lnc;I)Lnc;	358350
keb	a	int	void	(I)V	358396
kf	a	int, int	tv[]	(II)[Ltv;	358450
kf	a	byte	tv	(B)Ltv;	358488
kfa	a	int, int	tv[]	(II)[Ltv;	358541
kfa	a	int	boolean	(I)Z	358579
kfa	a	byte	tv	(B)Ltv;	358620
kfb	a	nc[], int	nc	([Lnc;I)Lnc;	358659
kfb	a	float, float, int, float	float	(FFIF)F	358707
kg	a	int	void	(I)V	358805
kg	a	nc[], int	nc	([Lnc;I)Lnc;	358843
kg	a	byte, int, int	boolean	(BII)Z	358888
kga	a	int, int, int, boolean	phb[]	(IIIZ)[Lphb;	358958
kga	a	nc[], int	nc	([Lnc;I)Lnc;	359039
kga	a	int	void	(I)V	359084
kga	a	int, java.lang.String	int	(ILjava/lang/String;)I	359120
kga	a	int, int[]	void	(I[I)V	359174
kgb	a	int, int	tv[]	(II)[Ltv;	360176
kgb	a	int	void	(I)V	360211
kgb	a	byte	tv	(B)Ltv;	360240
kh	a	nc[], int	nc	([Lnc;I)Lnc;	360294
kh	a	int, java.applet.Applet	java.lang.String	(ILjava/applet/Applet;)Ljava/lang/String;	360339
kha	a	mea, boolean	void	(Lmea;Z)V	360541
kha	c	boolean	void	(Z)V	360586
kha	a	int, mea	boolean	(ILmea;)Z	360744
kha	a	int, int, int, int, int	boolean	(IIIII)Z	360858
kha	b	boolean	boolean	(Z)Z	361034
kha	c	int	void	(I)V	361547
kha	b	int	void	(I)V	361908
kha	a	boolean	void	(Z)V	361938
kha	a	int	boolean	(I)Z	362030
khb	a	int, java.lang.String	boolean	(ILjava/lang/String;)Z	362217
khb	toString		java.lang.String	()Ljava/lang/String;	362262
khb	a	java.applet.Applet, int	void	(Ljava/applet/Applet;I)V	362278
ki	a	int	void	(I)V	362374
ki	a	nc[], int	nc	([Lnc;I)Lnc;	362404
kia	a	byte	void	(B)V	362472
kia	a	int, qfa, int, byte[], int, boolean, int, int	im	(ILqfa;I[BIZII)Lim;	362542
kia	a	int	void	(I)V	362675
kib	b	byte	int	(B)I	362724
kib	b	int	int	(I)I	362757
kib	d	byte	int	(B)I	362786
kib	a	int	int	(I)I	362815
kib	c	byte	boolean	(B)Z	362848
kib	a	boolean	boolean	(Z)Z	362884
kj	a	int	void	(I)V	362937
kj	a	nc[], int	nc	([Lnc;I)Lnc;	362974
kja	a	int, int, int, int, int	void	(IIIII)V	363057
kja	c	int, int, int, int	void	(IIII)V	363106
kja	d	byte	java.lang.String	(B)Ljava/lang/String;	363190
kja	b	int, int, int	hob	(III)Lhob;	363249
kja	a	int, int, int, byte	void	(IIIB)V	363413
kja	a	int, int, java.lang.String	void	(IILjava/lang/String;)V	363472
kja	a	int, shb	boolean	(ILshb;)Z	363577
kja	a	int, int, int, shb	void	(IIILshb;)V	363618
kja	b	int, int, int, int	void	(IIII)V	363698
kja	g	byte	void	(B)V	363803
kja	a	int	void	(I)V	363998
kjb	a	nc[], int	nc	([Lnc;I)Lnc;	364051
kk	a	nc[], int	nc	([Lnc;I)Lnc;	364125
kk	a	ij, ij, int, dja, int	ij	(Lij;Lij;ILdja;I)Lij;	364174
kk	e	byte	void	(B)V	364405
kka	a	asb, java.lang.String, java.lang.String	kka	(Lasb;Ljava/lang/String;Ljava/lang/String;)Lkka;	364473
kka	a		void	()V	364499
kka	b		void	()V	364739
kka	kka	ds	private	(Lds;)V	364747
kkb	e	byte	void	(B)V	365971
kkb	a	nc[], int	nc	([Lnc;I)Lnc;	366004
kl	a	java.awt.Canvas, int	void	(Ljava/awt/Canvas;I)V	366071
kl	c	int	void	(I)V	366127
kl	a	int	uwa	(I)Luwa;	366163
kl	b	int	void	(I)V	366231
kl	a	java.applet.Applet, int	void	(Ljava/applet/Applet;I)V	366270
kl	kl		public	()V	366325
kla	a	aja, int, boolean	void	(Laja;IZ)V	366376
kla	a	boolean	void	(Z)V	366442
kla	a	int, int, int, int, byte	void	(IIIIB)V	366539
kla	b	int	void	(I)V	366593
kla	a	aja, int	void	(Laja;I)V	366670
kla	a	int	void	(I)V	366716
klb	b	boolean	void	(Z)V	366817
klb	a	nc[], int	nc	([Lnc;I)Lnc;	366861
km	g	byte	void	(B)V	366934
km	a	int	byte[]	(I)[B	366964
km	e	int	void	(I)V	367024
km	a	asb, byte	void	(Lasb;B)V	367056
km	f	byte	void	(B)V	367231
km	e	byte	int	(B)I	367291
kma	a	tv, int	void	(Ltv;I)V	367355
kma	a	byte	int	(B)I	367397
kma	a	java.lang.String, boolean, int, java.lang.String	void	(Ljava/lang/String;ZILjava/lang/String;)V	367429
kma	b	byte, tv	void	(BLtv;)V	367490
kma	a	int, int, int, java.lang.String	int	(IIILjava/lang/String;)I	367533
kma	a	byte, tv	boolean	(BLtv;)Z	367592
kma	c	int	void	(I)V	367636
kma	kma		public	()V	367671
kma	b	faa, int	void	(Lfaa;I)V	367678
kma	b	byte	int	(B)I	367722
kma	a	faa, boolean	void	(Lfaa;Z)V	367753
kmb	a	java.lang.String, int	void	(Ljava/lang/String;I)V	367818
kmb	a	int	void	(I)V	367871
kn	a	int	void	(I)V	367936
kn	a	nc[], int	nc	([Lnc;I)Lnc;	367985
kn	a	byte, int[], long[]	void	(B[I[J)V	368031
kn	a	java.lang.Object[], java.lang.Object, boolean, dja, int	java.lang.Object[]	([Ljava/lang/Object;Ljava/lang/Object;ZLdja;I)[Ljava/lang/Object;	368096
kna	a	nc[], int	nc	([Lnc;I)Lnc;	368214
knb	e	byte	void	(B)V	368295
knb	a	nc[], int	nc	([Lnc;I)Lnc;	368329
knb	a	int, int	int	(II)I	368382
ko	a	int	void	(I)V	368437
ko	a	float, float, float[], float, int, float, byte, int, int, int, int	void	(FF[FFIFBIIII)V	368472
koa	a	int, int, ds	void	(IILds;)V	369015
koa	d	int	void	(I)V	369129
koa	a	int, boolean	int[]	(IZ)[I	369162
koa	a	int, int	int[][]	(II)[[I	369244
koa	koa		public	()V	369376
koa	c	byte	void	(B)V	369394
kob	a	byte, int, int, int, int	void	(BIIII)V	369450
kob	a	int	void	(I)V	369638
kob	a	int, int	int	(II)I	369669
kp	a	nc[], int	nc	([Lnc;I)Lnc;	369743
kp	e	int	void	(I)V	369789
kp	a	int	void	(I)V	369985
kpa	a	int, int, int, int, int, int, int, int	void	(IIIIIIII)V	370050
kpa	a	int	void	(I)V	370176
kpa	a	nc[], int	nc	([Lnc;I)Lnc;	370206
kpb	c	int	void	(I)V	370280
kpb	b	byte, shb	java.lang.String	(BLshb;)Ljava/lang/String;	370326
kpb	kpb	no, int	private	(Lno;I)V	370371
kq	a	int, int, int	int	(III)I	370404
kq	a	nc[], int	nc	([Lnc;I)Lnc;	370464
kq	a	float, byte, int, int, int	void	(FBIII)V	370518
kq	e	byte	void	(B)V	370599
kqb	a	java.lang.String, int	void	(Ljava/lang/String;I)V	370638
kr	a	int	void	(I)V	370771
kr	a	java.applet.Applet, int	void	(Ljava/applet/Applet;I)V	370804
kr	a	byte, boolean, eab, java.awt.Component, dra, int	void	(BZLeab;Ljava/awt/Component;Ldra;I)V	370891
kra	a	byte	void	(B)V	370978
kra	a	int, int, int, int, int, int, int, int	void	(IIIIIIII)V	371010
krb	b	int, byte, int, int	byte[]	(IBII)[B	379330
krb	a	int, int, byte	void	(IIB)V	379402
ks	e	byte	void	(B)V	379488
ks	a	nc[], int	nc	([Lnc;I)Lnc;	379527
ksa	b	byte	boolean	(B)Z	379754
ksa	a	phb[], int, int, phb[], phb[], int, int, int, int, no, int, int, int, int, int	void	([Lphb;II[Lphb;[Lphb;IIIILno;IIIII)V	379795
ksa	a	int, int, int, int	int	(IIII)I	379935
ksa	b	int	void	(I)V	380000
ksa	ksa		public	()V	380049
ksa	a	byte	faa	(B)Lfaa;	380056
ksb	a	int, int	int[][]	(II)[[I	380116
ksb	a	int, int, ds	void	(IILds;)V	380229
ksb	a	int, boolean	int[]	(IZ)[I	380293
ksb	ksb		public	()V	380367
ksb	b	int, int	boolean	(II)Z	380376
kt	a	int, int, int	void	(III)V	380455
kt	d	byte	void	(B)V	380627
kt	a	int, byte, int	void	(IBI)V	380660
kt	a	boolean	void	(Z)V	380703
kt	a	wma, int, int, int, int, int, int, int	void	(Lwma;IIIIIII)V	380737
kt	a	int	void	(I)V	381440
ktb	a	nc[], int	nc	([Lnc;I)Lnc;	381577
ktb	e	byte	void	(B)V	381627
ku	a	byte	void	(B)V	381688
ku	a	boolean, int	void	(ZI)V	381729
ku	a	int, byte, pib	void	(IBLpib;)V	381781
ku	a	java.lang.String, int, rq, boolean, int, java.lang.String, java.lang.String	boolean	(Ljava/lang/String;ILrq;ZILjava/lang/String;Ljava/lang/String;)Z	381836
ku	a	int	void	(I)V	381970
ku	a	int, int, int	void	(III)V	382014
ku	b	int	boolean	(I)Z	382052
ku	a	boolean, boolean	void	(ZZ)V	382083
kua	a	byte	int	(B)I	382141
kua	a	int	void	(I)V	382181
kv	a	boolean, int	void	(ZI)V	382305
kv	a	int, byte, pib	void	(IBLpib;)V	382396
kv	a	int	void	(I)V	382453
kv	d	int	void	(I)V	382546
kv	b	int	boolean	(I)Z	382843
kv	a	boolean, boolean	void	(ZZ)V	382876
kv	a	int, int, int	void	(III)V	383231
kv	a	boolean, faa	boolean	(ZLfaa;)Z	383297
kva	d	int	void	(I)V	383403
kva	a	int, int, byte[], int, int	void	(II[BII)V	383449
kva	e	byte	int	(B)I	383723
kva	a	tu, int	void	(Ltu;I)V	383930
kva	c	byte	int	(B)I	383978
kva	c	int	void	(I)V	384029
kva	a	int, float[], int, int, byte	void	(I[FIIB)V	384107
kva	a	int, byte	void	(IB)V	384384
kva	d	byte	void	(B)V	384436
kva	a	byte, int, int, int, int[]	void	(BIII[I)V	384498
kva	b	int	void	(I)V	384881
kw	g	byte	void	(B)V	385115
kw	a	java.lang.String, int	void	(Ljava/lang/String;I)V	385150
kw	a	byte, int	void	(BI)V	385245
kw	a	int, int, int	void	(III)V	385289
kw	b	int, int	int	(II)I	385384
kw	a	int, int, int, int, boolean	void	(IIIIZ)V	385446
kw	n	int	void	(I)V	385522
kw	j	int	int	(I)I	385577
kw	a	int, eab	void	(ILeab;)V	385609
kw	e	byte	void	(B)V	385654
kw	f	byte	void	(B)V	385694
kw	a	java.lang.String, boolean	void	(Ljava/lang/String;Z)V	386029
kw	a	boolean	void	(Z)V	386155
kw	a	int, int	void	(II)V	386214
kw	k	int	int	(I)I	386263
kw	a	int, int, char	boolean	(IIC)Z	386328
kw	i	int	java.lang.String	(I)Ljava/lang/String;	386736
kw	kw	long, llb, llb, llb, int	private	(JLllb;Lllb;Lllb;I)V	386810
kw	l	int	java.lang.String	(I)Ljava/lang/String;	386960
kw	h	int	void	(I)V	386992
kw	m	int	int	(I)I	387055
kw	b	boolean	void	(Z)V	387133
kwa	b	boolean	void	(Z)V	387253
kwa	a	java.lang.String, int	void	(Ljava/lang/String;I)V	387287
kwa	a	nc[], int	nc	([Lnc;I)Lnc;	387327
l	a	boolean, int, int, ef	void	(ZIILef;)V	387393
la	a	tv, tv, int, byte	boolean	(Ltv;Ltv;IB)Z	387430
la	a	int, int, int	void	(III)V	387529
la	e	int	void	(I)V	387566
la	a	boolean, int	void	(ZI)V	387840
la	d	int	void	(I)V	387924
la	a	int	void	(I)V	388025
la	a	boolean, boolean	void	(ZZ)V	388133
la	b	int	boolean	(I)Z	388166
la	a	int, byte, pib	void	(IBLpib;)V	388200
laa	a	nc[], int	nc	([Lnc;I)Lnc;	388336
lab	a	nc[], int	nc	([Lnc;I)Lnc;	388410
lb	a	int, int	int	(II)I	388486
lb	a	int, int, boolean	int	(IIZ)I	388557
lb	a	int	void	(I)V	388617
lb	a	nc[], int	nc	([Lnc;I)Lnc;	388651
lba	a	nc[], int	nc	([Lnc;I)Lnc;	388723
lba	e	byte	void	(B)V	388768
lba	a	int	void	(I)V	388799
lbb	d	byte	int	(B)I	388871
lbb	g	byte	int	(B)I	388904
lbb	a	tv, int	void	(Ltv;I)V	388937
lbb	a	int, rsb	void	(ILrsb;)V	389273
lbb	c	byte	boolean	(B)Z	389468
lbb	e	byte	int	(B)I	389529
lbb	a	boolean, rsb	boolean	(ZLrsb;)Z	389561
lbb	a	java.util.Random, int, rsb	void	(Ljava/util/Random;ILrsb;)V	389638
lbb	b	boolean	void	(Z)V	389878
lbb	b	faa, int	void	(Lfaa;I)V	389921
lbb	b	int, int, int	void	(III)V	390106
lbb	a	int, int, byte	boolean	(IIB)Z	390161
lbb	a	byte, tv	boolean	(BLtv;)Z	390221
lbb	d	int	int	(I)I	390399
lbb	a	byte, int, int	void	(BII)V	390435
lbb	a	rsb, byte, int	void	(Lrsb;BI)V	390490
lbb	a	int	void	(I)V	390613
lbb	a	int, int	et	(II)Let;	390660
lbb	a	byte, rsb	int[]	(BLrsb;)[I	390734
lbb	c	boolean	int[]	(Z)[I	390841
lbb	f	byte	int	(B)I	390877
lbb	b	byte, tv	void	(BLtv;)V	390910
lbb	a	boolean	void	(Z)V	391057
lbb	a	byte	int	(B)I	391095
lbb	c	int	boolean	(I)Z	391126
lbb	f	int	boolean	(I)Z	391175
lbb	a	int, byte, int, rsb, int, int	void	(IBILrsb;II)V	391214
lbb	b	boolean, int	void	(ZI)V	391358
lbb	b	int, int	int	(II)I	391434
lbb	a	boolean, int	int	(ZI)I	391506
lbb	b	int	void	(I)V	391563
lbb	c	int, int	et	(II)Let;	391612
lbb	a	rsb, byte	int[]	(Lrsb;B)[I	391737
lbb	a	int, int, int	void	(III)V	391854
lbb	b	byte	qqb	(B)Lqqb;	391920
lbb	b	int, rsb	void	(ILrsb;)V	391951
lbb	a	int[], boolean	void	([IZ)V	392054
lbb	e	int	int	(I)I	392098
lbb	d	boolean	et[]	(Z)[Let;	392128
lbb	a	faa, boolean	void	(Lfaa;Z)V	392161
lbb	a	rsb, int, byte	void	(Lrsb;IB)V	392303
lbb	lbb		public	()V	392906
lbb	c	int, int, int	void	(III)V	392943
lc	a	int, ml	void	(ILml;)V	393014
lc	a	int	void	(I)V	393165
lc	toString		java.lang.String	()Ljava/lang/String;	393197
lc	a	java.lang.String, int, boolean	void	(Ljava/lang/String;IZ)V	393236
lc	a	byte, java.applet.Applet, java.lang.String	void	(BLjava/applet/Applet;Ljava/lang/String;)V	393330
lca	a	int	eeb	(I)Leeb;	393412
lcb	a	int	void	(I)V	393434
lcb	a	nc[], int	nc	([Lnc;I)Lnc;	393488
lcb	a	boolean[], boolean[], byte	void	([Z[ZB)V	393538
ld	a	nc[], int	nc	([Lnc;I)Lnc;	393683
lda	a	nc[], int	nc	([Lnc;I)Lnc;	393750
lda	a	int	void	(I)V	393802
ldb	b	boolean	void	(Z)V	393860
ldb	a	nc[], int	nc	([Lnc;I)Lnc;	393889
le	a	byte, int, int	int[][]	(BII)[[I	393962
le	c	int	void	(I)V	394039
le	b	int, int, int	void	(III)V	394096
le	a	int, int, int	int[]	(III)[I	394176
le	d	byte	int	(B)I	394240
le	a	int	int	(I)I	394273
le	a	int, boolean	int[]	(IZ)[I	394308
le	c	byte	void	(B)V	394348
le	a	int, int	int[][]	(II)[[I	394377
le	a	asb, byte, asb, int, int	arb	(Lasb;BLasb;II)Larb;	394419
le	a	int, int, ds	void	(IILds;)V	394536
lea	a	java.lang.String, int, int, int, int, byte	void	(Ljava/lang/String;IIIIB)V	394588
lea	a	nc[], int	nc	([Lnc;I)Lnc;	394661
lea	a	int	void	(I)V	394711
leb	a	byte, ml	void	(BLml;)V	394760
leb	a	nc[], int	nc	([Lnc;I)Lnc;	394894
leb	e	byte	void	(B)V	394942
lf	e	byte	void	(B)V	395001
lf	a	nc[], int	nc	([Lnc;I)Lnc;	395041
lfa	lfa		public	()V	395110
lfa	a	byte, boolean	void	(BZ)V	395128
lfa	a	int, int	int[][]	(II)[[I	395178
lfa	a	int, int, ds	void	(IILds;)V	395345
lfb	a	java.lang.String, int, java.lang.String, int	java.io.File	(Ljava/lang/String;ILjava/lang/String;I)Ljava/io/File;	395476
lfb	a	java.lang.String, byte	java.io.File	(Ljava/lang/String;B)Ljava/io/File;	395484
lfb	a	int, int, java.lang.String	void	(IILjava/lang/String;)V	395511
lg	b	byte	int	(B)I	395584
lg	a	boolean	boolean	(Z)Z	395613
lg	d	byte	int	(B)I	395652
lg	a	int	int	(I)I	395684
lg	d	int	void	(I)V	395713
lga	a	boolean, int	void	(ZI)V	395762
lga	a	int, int, int	boolean	(III)Z	395805
lga	a	byte, int	int	(BI)I	395867
lgb	a	int, int, int	boolean	(III)Z	395986
lgb	a	nc[], int	nc	([Lnc;I)Lnc;	396034
lgb	b	boolean	void	(Z)V	396084
lh	a	byte, int, java.lang.String, java.lang.String, java.lang.String, int	void	(BILjava/lang/String;Ljava/lang/String;Ljava/lang/String;I)V	396130
lh	a	int	void	(I)V	396212
lha	a	int, boolean, byte, int	void	(IZBI)V	396255
lha	a	int, gd	ana	(ILgd;)Lana;	396357
lha	a	nc[], int	nc	([Lnc;I)Lnc;	396402
lhb	a	byte, ml	void	(BLml;)V	396677
lhb	a	int, int	tv[]	(II)[Ltv;	396834
lhb	a	byte	tv	(B)Ltv;	396872
lhb	b	byte	void	(B)V	396905
li	a	boolean, boolean	void	(ZZ)V	396954
li	a	int	void	(I)V	397007
li	a	int, int, int	int[]	(III)[I	397125
lia	a	int, int, int, int, int, int, int, int, int, byte	void	(IIIIIIIIIB)V	397281
lia	a	int	void	(I)V	397557
lia	a	int, int, int, int, int, int	void	(IIIIII)V	397615
lia	b	byte	void	(B)V	397620
lib	a	nc[], int	nc	([Lnc;I)Lnc;	397674
lib	a	int	void	(I)V	397735
lj	a	int, int	tv[]	(II)[Ltv;	397785
lj	a	byte	tv	(B)Ltv;	397823
lja	a	int, lta, int[], int, pe, int, int	void	(ILlta;[IILpe;II)V	397895
lja	a	int, mqb	void	(ILmqb;)V	398124
lja	d	byte	int	(B)I	398182
lja	a	int, int, int[], int, int, int, int, byte, pe, int, anb	void	(II[IIIIIBLpe;ILanb;)V	398217
lja	e	byte	void	(B)V	398569
lja	a	anb, pe, int, boolean, byte, int, int, int[]	void	(Lanb;Lpe;IZBII[I)V	398601
lja	c	byte	void	(B)V	399153
lja	b	faa, int	void	(Lfaa;I)V	399186
lja	b	byte	boolean	(B)Z	399252
lja	lja		public	()V	399289
lja	a	byte	int	(B)I	399308
lja	a	pe, int	void	(Lpe;I)V	399339
lja	a	tv, int	void	(Ltv;I)V	399408
lja	a	faa, boolean	void	(Lfaa;Z)V	399562
lja	a	byte, tv	boolean	(BLtv;)Z	399624
lja	b	byte, tv	void	(BLtv;)V	399713
ljb	a	int	void	(I)V	399815
ljb	a	nc[], int	nc	([Lnc;I)Lnc;	399848
lk	a	nc[], int	nc	([Lnc;I)Lnc;	399915
lka	a	int, int	tv[]	(II)[Ltv;	399977
lka	a	byte	tv	(B)Ltv;	400015
lka	a	int	void	(I)V	400055
lkb	a	int	void	(I)V	400100
lkb	a	int, byte	void	(IB)V	400130
lkb	toString		java.lang.String	()Ljava/lang/String;	400224
lkb	a	java.lang.String, byte	lkb	(Ljava/lang/String;B)Llkb;	400240
ll	a	int	int	(I)I	400351
ll	a	nc[], int	nc	([Lnc;I)Lnc;	400406
ll	e	int	void	(I)V	400452
ll	e	byte	void	(B)V	400482
ll	a	boolean, byte	int	(ZB)I	400543
lla	a	int, byte[]	byte[]	(I[B)[B	401041
lla	lla		public	()V	401100
lla	a	int, byte[], ds	void	(I[BLds;)V	401110
lla	a	int, int, byte[], int	void	(II[BI)V	401237
lla	lla	int, int, int	private	(III)V	401444
llb	a	llb, int, llb, int	void	(Lllb;ILllb;I)V	401680
llb	a	int, int, int, int, int	void	(IIIII)V	401769
llb	a	int, llb	void	(ILllb;)V	401854
llb	b	boolean, int	void	(ZI)V	402340
llb	g	int	void	(I)V	402388
llb	a	boolean, int, int, boolean, int, int	void	(ZIIZII)V	402465
llb	f	int	void	(I)V	403026
llb	a	int, int, int, boolean	void	(IIIZ)V	403060
llb	a	int, byte	int	(IB)I	403236
llb	b	int, llb	void	(ILllb;)V	403362
llb	a	boolean, llb	void	(ZLllb;)V	403434
llb	e	int	int	(I)I	403529
llb	a	boolean, int	void	(ZI)V	403564
llb	a	boolean, int, boolean, int, boolean, boolean, boolean, boolean, boolean, int, int	void	(ZIZIZZZZZII)V	403620
llb	llb		public	()V	404437
lm	a	int	void	(I)V	404644
lm	a	boolean	boolean	(Z)Z	404679
lma	a	int, int, int, byte	int	(IIIB)I	404732
lmb	a	int	boolean	(I)Z	404819
lmb	a	byte	void	(B)V	404856
ln	a	int, int, int, kja	void	(IIILkja;)V	404898
lna	a	boolean, phb	phb[]	(ZLphb;)[Lphb;	404908
lna	e	byte	void	(B)V	404955
lna	a	nc[], int	nc	([Lnc;I)Lnc;	404992
lna	a	qfa, int	void	(Lqfa;I)V	405053
lnb	a	int, boolean	int[]	(IZ)[I	405194
lnb	a	int, int	int[][]	(II)[[I	405322
lnb	a	int, int, ds	void	(IILds;)V	405476
lnb	b	int, int	void	(II)V	405560
lnb	lnb		public	()V	405666
lnb	a	int, int, boolean	boolean	(IIZ)Z	405681
lnb	d	int	void	(I)V	405731
lnb	e	int	void	(I)V	405781
lo	a	boolean	void	(Z)V	405830
lo	a	int, int, aja, lta	void	(IILaja;Llta;)V	405874
loa	a	int	void	(I)V	406097
loa	a	nc[], int	nc	([Lnc;I)Lnc;	406130
lob	a	byte	tv	(B)Ltv;	406198
lob	a	boolean	void	(Z)V	406231
lob	a	int, int, int, int, int, int	void	(IIIIII)V	406627
lob	a	int, java.lang.CharSequence	int	(ILjava/lang/CharSequence;)I	406888
lob	a	int, int	tv[]	(II)[Ltv;	406933
lob	b	byte	void	(B)V	406968
lp	b	byte	void	(B)V	407020
lp	a	byte	tv	(B)Ltv;	407052
lp	a	int, int	tv[]	(II)[Ltv;	407085
lpa	a	nc[], int	nc	([Lnc;I)Lnc;	407140
lpb	b	int	void	(I)V	407239
lpb	run		void	()V	407425
lpb	a	byte, byte[]	ngb	(B[B)Lngb;	407798
lpb	finalize		void	()V	407954
lq	c	int, int, int	int	(III)I	408077
lq	d	int	void	(I)V	408146
lq	a	int, boolean	int[]	(IZ)[I	408178
lq	lq		public	()V	408257
lqa	a	nc[], int	nc	([Lnc;I)Lnc;	408294
lqa	e	byte	void	(B)V	408346
lqb	a	int, java.lang.String	java.lang.String	(ILjava/lang/String;)Ljava/lang/String;	408388
lqb	a	int	void	(I)V	408539
lqb	a	nc[], int	nc	([Lnc;I)Lnc;	408570
lr	a	int	void	(I)V	408845
lr	a	nc[], int	nc	([Lnc;I)Lnc;	408877
lr	a	java.lang.String, int	void	(Ljava/lang/String;I)V	408922
lra	a	int, int, d, boolean, asb, int	float[]	(IILd;ZLasb;I)[F	409005
lra	a	int, asb, d	boolean	(ILasb;Ld;)Z	409332
lra	a	int, boolean, int, boolean, asb, d, double	int[]	(IZIZLasb;Ld;D)[I	409461
lra	a	boolean, d, asb, int, boolean, int, double, int	int[]	(ZLd;Lasb;IZIDI)[I	409823
lra	a	boolean	void	(Z)V	410401
lrb	b	byte, tv	void	(BLtv;)V	410457
lrb	a	tv, int	void	(Ltv;I)V	410515
lrb	a	pe, boolean, int, int	void	(Lpe;ZII)V	410637
lrb	a	faa, boolean	void	(Lfaa;Z)V	410764
lrb	a	int	java.lang.String	(I)Ljava/lang/String;	410822
lrb	a	byte	void	(B)V	410885
lrb	b	faa, int	void	(Lfaa;I)V	410917
lrb	a	byte, tv	boolean	(BLtv;)Z	410975
lrb	a	int, int[]	int[]	(I[I)[I	411048
lrb	a	int, int, rsb	void	(IILrsb;)V	411101
lrb	a	pe, int	ucb	(Lpe;I)Lucb;	411241
lrb	a	int, int	int	(II)I	411305
lrb	a	int, int[], rsb	void	(I[ILrsb;)V	411353
ls	a	int	void	(I)V	411522
ls	a	java.lang.String, byte	void	(Ljava/lang/String;B)V	411608
ls	a	nc[], int	nc	([Lnc;I)Lnc;	411646
lsa	c	byte	void	(B)V	411716
lsa	a	java.lang.String, int, boolean	int	(Ljava/lang/String;IZ)I	411767
lsb	a	boolean	void	(Z)V	411836
lt	a	vcb, int, int, boolean	void	(Lvcb;IIZ)V	411914
lt	a	int, int, vcb, int	void	(IILvcb;I)V	411917
lta	b	int, int	float	(II)F	411939
lta	a	int, byte	int	(IB)I	411985
lta	c	int, int	float	(II)F	412030
lta	a	int, int	int	(II)I	412073
lta	b	boolean, int	int	(ZI)I	412120
lta	a	boolean, int	int	(ZI)I	412170
lta	lta		public	()V	412218
lta	a	int, int, int, int, int	void	(IIIII)V	412253
ltb	a	byte, java.lang.String	boolean	(BLjava/lang/String;)Z	412358
ltb	a	int	void	(I)V	412408
ltb	a	nc[], int	nc	([Lnc;I)Lnc;	412440
lu	a	byte	void	(B)V	412524
lua	a	byte, int	qob	(BI)Lqob;	412631
lua	a	tv, int	void	(Ltv;I)V	412684
lua	a	int	void	(I)V	412767
lua	b	faa, int	void	(Lfaa;I)V	412803
lua	a	byte, tv	boolean	(BLtv;)Z	412915
lua	b	byte, tv	void	(BLtv;)V	412966
lua	a	qob, int	int	(Lqob;I)I	413030
lua	a	boolean	qob[]	(Z)[Lqob;	413109
lua	a	faa, boolean	void	(Lfaa;Z)V	413141
lua	a	byte	qsa	(B)Lqsa;	413194
lv	a	nc[], int	nc	([Lnc;I)Lnc;	413292
lv	a	int, int, int, int, int, int, int, int, int	int	(IIIIIIIII)I	413358
lv	a	int	void	(I)V	413665
lva	a	nc[], int	nc	([Lnc;I)Lnc;	413712
lva	b	boolean	void	(Z)V	413758
lva	b	int, int, int	int	(III)I	413817
lva	a	int	void	(I)V	413873
lva	a	int, int, int	void	(III)V	413903
lva	e	byte	void	(B)V	413946
lw	a	int	void	(I)V	414033
lw	a	boolean	void	(Z)V	414076
lw	a	byte, int	int	(BI)I	414111
lw	a	int, int	void	(II)V	414357
lwa	a	boolean, boolean	boolean	(ZZ)Z	414493
lwa	e	byte	int	(B)I	414558
lwa	h	int	void	(I)V	414590
lwa	a	int, int	int	(II)I	414621
m	a	int	void	(I)V	415005
m	a	byte, boolean	void	(BZ)V	415064
m	a	nc[], int	nc	([Lnc;I)Lnc;	415223
ma	a	int	void	(I)V	415291
ma	a	nc[], int	nc	([Lnc;I)Lnc;	415324
maa	a	int, byte, int, java.lang.String, int	int	(IBILjava/lang/String;I)I	415396
maa	a	asb, int, asb, asb	boolean	(Lasb;ILasb;Lasb;)Z	415534
maa	a	nc[], int	nc	([Lnc;I)Lnc;	415646
mab	a	int, int, java.awt.Component, byte	void	(IILjava/awt/Component;B)V	415730
mab	a	java.awt.Graphics, int, byte, int	void	(Ljava/awt/Graphics;IBI)V	415733
mab	a	byte	void	(B)V	415736
mab	a	int	void	(I)V	415776
mb	f	byte	void	(B)V	415839
mb	b	float, int	void	(FI)V	415869
mb	a	float, int	void	(FI)V	415969
mb	a	int, ml	void	(ILml;)V	416058
mb	h	int, int	void	(II)V	416136
mba	a	int	void	(I)V	416224
mba	a	byte	void	(B)V	416257
mbb	a	int	void	(I)V	416313
mbb	a	int, int	tv[]	(II)[Ltv;	416348
mbb	a	byte	tv	(B)Ltv;	416386
mc	c	int	int	(I)I	416446
mc	a	int, int, int, int, shb, int, byte	boolean	(IIIILshb;IB)Z	416487
mc	d	byte	java.lang.String	(B)Ljava/lang/String;	416576
mc	a	int, shb	boolean	(ILshb;)Z	416617
mc	e	byte	boolean	(B)Z	416673
mc	a	int, int, int, shb	void	(IIILshb;)V	416712
mc	a	int, boolean	void	(IZ)V	416781
mc	a	ml, int	void	(Lml;I)V	416869
mc	a	int	void	(I)V	417004
mc	a	boolean, java.util.Hashtable, int, java.lang.StringBuilder	java.lang.StringBuilder	(ZLjava/util/Hashtable;ILjava/lang/StringBuilder;)Ljava/lang/StringBuilder;	417046
mc	a	byte, int, int, int, shb, int	void	(BIIILshb;I)V	417124
mc	b	int, int, int, int	void	(IIII)V	417203
mc	b	int, shb	boolean	(ILshb;)Z	417290
mc	a	int, int, java.lang.StringBuilder, java.util.Hashtable	void	(IILjava/lang/StringBuilder;Ljava/util/Hashtable;)V	417358
mc	a	byte, shb	boolean	(BLshb;)Z	417461
mc	a	int, int, shb, char	boolean	(IILshb;C)Z	417527
mc	a	int, int, int, int, int	void	(IIIII)V	417640
mc	f	byte	void	(B)V	417696
mc	d	int	shb	(I)Lshb;	417751
mc	a	int, int, int, shb, int, int, int	boolean	(IIILshb;III)Z	417799
mca	a	boolean, int, faa, byte[]	byte[]	(ZILfaa;[B)[B	417896
mca	a	nc[], int	nc	([Lnc;I)Lnc;	418049
mcb	a	boolean	boolean	(Z)Z	418100
mcb	d	byte	int	(B)I	418128
mcb	b	byte	int	(B)I	418167
mcb	a	int	int	(I)I	418200
mcb	a	int, int	void	(II)V	418229
md	b	int, int	void	(II)V	418280
md	a	int, int	int[][]	(II)[[I	418352
md	a	int, boolean	int[]	(IZ)[I	418493
md	a	int, int, ds	void	(IILds;)V	418550
md	md		public	()V	418720
md	a	boolean, int[][]	void	(Z[[I)V	418729
md	a	boolean	void	(Z)V	418853
mda	a	int	void	(I)V	418892
mdb	a	nc[], int	nc	([Lnc;I)Lnc;	418909
me	a	boolean	void	(Z)V	418980
me	me		public	()V	419012
me	a	ml, byte	java.lang.String	(Lml;B)Ljava/lang/String;	419019
me	a	int, int	int[][]	(II)[[I	419092
me	a	int, int, boolean, boolean, int, int, byte	void	(IIZZIIB)V	419216
mea	a	int, int	void	(II)V	421187
mea	a	int, java.lang.String	boolean	(ILjava/lang/String;)Z	421190
mea	d	int	int	(I)I	421262
mea	c	int	void	(I)V	421294
mea	c	byte	void	(B)V	421325
mea	a	int, int, int	void	(III)V	421328
mea	d	byte	int	(B)I	421331
mea	e	int	boolean	(I)Z	421364
mea	e	byte	boolean	(B)Z	421392
mea	a	int, byte, int, int	void	(IBII)V	421425
mea	a	aia, int, aia, int	void	(Laia;ILaia;I)V	421527
mea	f	int	boolean	(I)Z	421530
mea	a	int	boolean	(I)Z	421533
mea	a	boolean	java.lang.String	(Z)Ljava/lang/String;	421570
meb	a	byte	void	(B)V	421625
meb	a	int, int	mm	(II)Lmm;	421661
meb	a	int, shb, int, int, boolean	void	(ILshb;IIZ)V	421710
meb	meb		public	()V	421937
mf	a	int, int, int, int, int, int	void	(IIIIII)V	422026
mfa	a	int, int	java.lang.String	(II)Ljava/lang/String;	422162
mfa	a	java.lang.String, int, byte	void	(Ljava/lang/String;IB)V	422165
mfb	j	int	int	(I)I	422172
mfb	g	byte	int	(B)I	422209
mfb	a	boolean	int	(Z)I	422238
mfb	h	int	boolean	(I)Z	422268
mfb	h	byte	boolean	(B)Z	422308
mfb	a	byte	int	(B)I	422339
mfb	f	int	int	(I)I	422370
mfb	a	int	int	(I)I	422403
mfb	f	byte	int	(B)I	422433
mfb	e	int	boolean	(I)Z	422461
mfb	c	int	int	(I)I	422492
mfb	k	int	int	(I)I	422520
mfb	a	java.lang.String[], int	void	([Ljava/lang/String;I)V	422552
mfb	d	int	int	(I)I	422616
mfb	b	byte	int	(B)I	422649
mfb	b	boolean	int	(Z)I	422680
mfb	c	byte	int	(B)I	422712
mfb	g	int	int	(I)I	422743
mfb	c	boolean	boolean	(Z)Z	422772
mfb	i	int	boolean	(I)Z	422803
mfb	d	byte	int	(B)I	422832
mfb	b	int	int	(I)I	422865
mfb	e	byte	int	(B)I	422896
mg	e	int	void	(I)V	422938
mg	f	int	int	(I)I	422972
mg	a	int	void	(I)V	423018
mg	a	nc[], int	nc	([Lnc;I)Lnc;	423215
mga	a	int, int, int	boolean	(III)Z	423293
mga	a	byte	int	(B)I	423376
mga	a	int	void	(I)V	423397
mga	b	int	boolean	(I)Z	423438
mga	a	boolean, byte	jaclib.memory.Buffer	(ZB)Ljaclib/memory/Buffer;	423477
mgb	e	byte	void	(B)V	423582
mgb	a	int, int	int	(II)I	423625
mgb	a	nc[], int	nc	([Lnc;I)Lnc;	423654
mh	a	nc[], int	nc	([Lnc;I)Lnc;	423716
mh	a	boolean, int, int, int, int	void	(ZIIII)V	423775
mha	a	int, byte[], int, jp	gla	(I[BILjp;)Lgla;	423846
mhb	a	int, caa, int[]	caa	(ILcaa;[I)Lcaa;	423942
mhb	a	int, int, int	boolean	(III)Z	424031
mhb	e	byte	void	(B)V	424081
mhb	a	nc[], int	nc	([Lnc;I)Lnc;	424127
mi	a	kka, boolean, int, byte	void	(Lkka;ZIB)V	424193
mi	f	byte	void	(B)V	424305
mi	e	byte	void	(B)V	424338
mi	a	nc[], int	nc	([Lnc;I)Lnc;	424410
mia	a	int	void	(I)V	424478
mia	a	int, int, int	void	(III)V	424510
mia	run		void	()V	424593
mia	a	char, boolean	boolean	(CZ)Z	424676
mib	b	faa, byte	void	(Lfaa;B)V	424841
mib	a	int, int	tja	(II)Ltja;	424921
mib	a	byte, java.lang.String	java.lang.String	(BLjava/lang/String;)Ljava/lang/String;	424991
mib	a	mfa, boolean, byte	void	(Lmfa;ZB)V	425083
mib	b	byte, tv	void	(BLtv;)V	425182
mib	a	int, boolean, int	void	(IZI)V	425248
mib	b	faa, int	void	(Lfaa;I)V	425326
mib	b	int, int	void	(II)V	425372
mib	a	byte	java.lang.String	(B)Ljava/lang/String;	425432
mib	b	tv, int	void	(Ltv;I)V	425463
mib	a	faa, boolean	void	(Lfaa;Z)V	425518
mib	b	byte	void	(B)V	425559
mib	f	int	boolean	(I)Z	425688
mib	a	int, uqb	boolean	(ILuqb;)Z	425718
mib	d	int	boolean	(I)Z	425890
mib	a	byte, faa	void	(BLfaa;)V	425920
mib	a	int, faa	void	(ILfaa;)V	425979
mib	c	byte	int	(B)I	426040
mib	a	tv, int	void	(Ltv;I)V	426071
mib	c	int	void	(I)V	426204
mib	a	faa, byte	void	(Lfaa;B)V	426286
mib	a	byte, tv	boolean	(BLtv;)Z	426496
mib	a	faa, int	void	(Lfaa;I)V	426565
mib	g	int	void	(I)V	426627
mib	b	int	tja	(I)Ltja;	426709
mib	a	boolean, int	void	(ZI)V	426754
mib	c	faa, byte	void	(Lfaa;B)V	426809
mib	a	int	tja	(I)Ltja;	426958
mib	a	int, byte	void	(IB)V	427017
mib	c	int, int	void	(II)V	427414
mib	a	int, int, int	void	(III)V	427709
mib	e	int	mfa	(I)Lmfa;	427783
mj	toString		java.lang.String	()Ljava/lang/String;	427946
mj	a	int	void	(I)V	427962
mj	mj	int	private	(I)V	428006
mja	e	byte	void	(B)V	428096
mja	a	nc[], int	nc	([Lnc;I)Lnc;	428126
mjb	b		int	()I	428234
mjb	a	int	void	(I)V	428256
mjb	a	int, int, int, int, int, int, int, int	void	(IIIIIIII)V	428286
mjb	b	int, int	int	(II)I	428509
mjb	a	int, int, int, int, int	void	(IIIII)V	428562
mjb	c		int	()I	428726
mjb	a	float, float, float, float, float, float, int, int, int, int	void	(FFFFFFIIII)V	428747
mjb	a		int	()I	429085
mjb	b	int, int, int, int, int, int, int	void	(IIIIIII)V	429100
mjb	a	byte, int	void	(BI)V	429934
mjb	a	int, int, int, int	void	(IIII)V	430019
mjb	d		int	()I	430096
mjb	a	int, int, int, int, int[], int, int	void	(IIII[III)V	430111
mk	a	byte, int[], asb, asb, caa[], int[], java.lang.String[][], asb, java.lang.String[][], byte[], byte[], java.lang.String[], phb[][], int, phb[][], int, java.lang.String[], boolean, int, java.lang.String[]	void	(B[ILasb;Lasb;[Lcaa;[I[[Ljava/lang/String;Lasb;[[Ljava/lang/String;[B[B[Ljava/lang/String;[[Lphb;I[[Lphb;I[Ljava/lang/String;ZI[Ljava/lang/String;)V	430507
mk	e	byte	void	(B)V	430751
mk	a	nc[], int	nc	([Lnc;I)Lnc;	430783
mkb	b	int	boolean	(I)Z	430861
mkb	a	int	void	(I)V	430864
mkb	a	boolean, byte	jaclib.memory.Buffer	(ZB)Ljaclib/memory/Buffer;	430867
mkb	a	int, int, int	boolean	(III)Z	430870
ml	a	byte, int[]	void	(B[I)V	430928
ml	c	byte	int	(B)I	431033
ml	a	byte, lta, boolean, pe, int	void	(BLlta;ZLpe;I)V	431065
ml	a	anb, int, pe, int, int, int	void	(Lanb;ILpe;III)V	431159
ml	a	pe, int, anb	void	(Lpe;ILanb;)V	431334
ml	d	byte	boolean	(B)Z	431467
ml	a	boolean, byte, pe, anb	void	(ZBLpe;Lanb;)V	431514
ml	a	byte, int, int, ml[], int	ml[]	(BII[Lml;I)[Lml;	432204
ml	a	int, boolean, int, int, int, ml, int, anb	lu	(IZIIILml;ILanb;)Llu;	432310
ml	a	byte, int, int, ij, int, ml	void	(BIILij;ILml;)V	432494
ml	a	int, int, pe, anb	boolean	(IILpe;Lanb;)Z	432871
ml	k	int	int	(I)I	433006
ml	a	pe, byte, int, lta, boolean	void	(Lpe;BILlta;Z)V	433035
ml	a	boolean, boolean, int	int	(ZZI)I	434522
ml	k	byte	boolean	(B)Z	434714
ml	b	faa, byte	void	(Lfaa;B)V	434758
ml	a	int, int, int, int, boolean, boolean, boolean, int, int[]	void	(IIIIZZZI[I)V	434859
ml	a	tv, int	void	(Ltv;I)V	435034
ml	a	int, boolean, int, boolean, byte, int, int[]	void	(IZIZBI[I)V	435750
ml	j	int	int	(I)I	435835
ml	e	int, int	void	(II)V	435886
ml	a	int, int, int, byte, int, int, int[]	int[]	(IIIBII[I)[I	435979
ml	a	int, int, int, int	int	(IIII)I	436125
ml	a	int, int, pe, byte, int, anb	void	(IILpe;BILanb;)V	436227
ml	a	pe, int, boolean, anb	void	(Lpe;IZLanb;)V	436350
ml	a	boolean, wfb, boolean	int	(ZLwfb;Z)I	436492
ml	a	byte	int	(B)I	436575
ml	g	int	void	(I)V	436612
ml	a	int, faa	void	(ILfaa;)V	436688
ml	a	ij, sg, int	void	(Lij;Lsg;I)V	436788
ml	a	int, byte	int	(IB)I	436900
ml	a	int, ij, ml, int, int, int	void	(ILij;Lml;III)V	436975
ml	a	byte, anb	void	(BLanb;)V	437270
ml	a	boolean, ml, pe, int, anb	void	(ZLml;Lpe;ILanb;)V	437655
ml	a	int, ml	boolean	(ILml;)Z	437842
ml	a	int, int, boolean, int, int[], boolean, int, int, int	void	(IIZI[IZIII)V	437927
ml	a	ml, int, ml, ml	boolean	(Lml;ILml;Lml;)Z	438067
ml	a	ml[], byte	ml[]	([Lml;B)[Lml;	438154
ml	a	faa, boolean	void	(Lfaa;Z)V	438238
ml	f	byte	boolean	(B)Z	438463
ml	a	int, java.util.Random, ml[]	ml[]	(ILjava/util/Random;[Lml;)[Lml;	438509
ml	c	byte, int	int	(BI)I	438652
ml	b	byte	int	(B)I	438813
ml	e	int	void	(I)V	438877
ml	c	boolean	void	(Z)V	438910
ml	i	int	void	(I)V	439014
ml	a	boolean, anb, int, int, int, int, ml, int	qua	(ZLanb;IIIILml;I)Lqua;	439092
ml	a	byte, tv	boolean	(BLtv;)Z	439391
ml	a	int, byte, int	ml	(IBI)Lml;	439640
ml	h	int	void	(I)V	439730
ml	a	sg, int	int	(Lsg;I)I	439799
ml	e	byte	int	(B)I	439891
ml	c	int	int	(I)I	439959
ml	a	tj, sfa, int	void	(Ltj;Lsfa;I)V	440025
ml	a	tj, tpb, int	void	(Ltj;Ltpb;I)V	440119
ml	b	int, int, int, int	boolean	(IIII)Z	440219
ml	a	wfb, byte	int	(Lwfb;B)I	440335
ml	b	int, int	int	(II)I	440398
ml	a	ij, ml, int, byte, int	void	(Lij;Lml;IBI)V	440498
ml	a	int, pe, anb	boolean	(ILpe;Lanb;)Z	440610
ml	l	int	int	(I)I	440666
ml	c	int, int, int, int	void	(IIII)V	440769
ml	j	byte	int	(B)I	440820
ml	a	faa, int	void	(Lfaa;I)V	440894
ml	d	boolean	void	(Z)V	441181
ml	c	int, int	ml	(II)Lml;	441261
ml	f	int, int	void	(II)V	441301
ml	a	int, int, boolean	ml	(IIZ)Lml;	441457
ml	a	boolean, int, int, int, int, int[]	void	(ZIIII[I)V	441550
ml	b	byte, tv	void	(BLtv;)V	441628
ml	a	byte, int	void	(BI)V	441911
ml	d	int	boolean	(I)Z	441949
ml	a	ml, int, int, byte, ij	void	(Lml;IIBLij;)V	442000
ml	a	pe, int, int, anb, byte	nbb	(Lpe;IILanb;B)Lnbb;	442117
ml	g	int, int	int	(II)I	442251
ml	a	int, int, anb, int, int, pe	void	(IILanb;IILpe;)V	442288
ml	f	int	void	(I)V	442568
ml	d	int, int	ml	(II)Lml;	442639
ml	a	ml, int, int, int, int, int, ij, int, int	void	(Lml;IIIIILij;II)V	442709
ml	a	int, int, int	int	(III)I	442857
ml	a	int, boolean, int, int, int, int	int	(IZIIII)I	443028
ml	a	faa, byte	void	(Lfaa;B)V	443367
ml	b	int	int	(I)I	443720
ml	a	boolean	boolean	(Z)Z	443754
ml	a	boolean, int, int, int, int, boolean, int, int, int[]	void	(ZIIIIZII[I)V	443839
ml	a	java.util.Random, pe, int, byte, int, anb	void	(Ljava/util/Random;Lpe;IBILanb;)V	444360
ml	a	int, ml[], int	ml[]	(I[Lml;I)[Lml;	444537
ml	a	int, int	int	(II)I	444648
ml	a	int[], byte, boolean	void	([IBZ)V	444722
ml	i	byte	wfb	(B)Lwfb;	444821
ml	b	faa, int	void	(Lfaa;I)V	444854
ml	a	pe, byte, anb	void	(Lpe;BLanb;)V	445148
ml	a	int[], int, int[][], int	int[]	([II[[II)[I	445244
ml	a	int, wfb	int	(ILwfb;)I	445352
ml	b	byte, int	boolean	(BI)Z	445412
ml	a	byte, ml	void	(BLml;)V	445505
ml	g	byte	int	(B)I	445625
ml	b	boolean	int	(Z)I	445667
ml	a	int	int	(I)I	445697
ml	h	byte	void	(B)V	445770
ml	a	boolean, pe, anb, byte	void	(ZLpe;Lanb;B)V	445806
ml	a	int, int, pe, lta	void	(IILpe;Llta;)V	446054
ml	a	ml, byte, wfb, int	void	(Lml;BLwfb;I)V	446179
ml	a	int, int, ml	void	(IILml;)V	446269
mla	a	boolean, boolean, int, boolean, int, int	asb	(ZZIZII)Lasb;	446569
mla	a	int	void	(I)V	446740
mla	a	java.lang.String, ds, int	int	(Ljava/lang/String;Lds;I)I	446780
mla	a	nc[], int	nc	([Lnc;I)Lnc;	446871
mlb	e	byte	void	(B)V	446981
mlb	a	nc[], int	nc	([Lnc;I)Lnc;	447023
mm	f	byte	int	(B)I	447221
mm	e	byte	boolean	(B)Z	447259
mm	a	mm, int	boolean	(Lmm;I)Z	447300
mma	mma		public	()V	447536
mma	a	int	boolean	(I)Z	447543
mma	toString		java.lang.String	()Ljava/lang/String;	447590
mmb	a	int	void	(I)V	447642
mn	a	boolean, int, int, int	void	(ZIII)V	447705
mn	a	int	void	(I)V	447922
mn	a	java.lang.CharSequence, byte	boolean	(Ljava/lang/CharSequence;B)Z	447955
mna	a	boolean	int	(Z)I	448052
mna	c	int	int	(I)I	448080
mna	a	boolean, byte	void	(ZB)V	448108
mna	f	byte	int	(B)I	448164
mna	g	byte	int	(B)I	448196
mna	a	byte	int	(B)I	448229
mna	k	int	int	(I)I	448260
mna	i	byte	void	(B)V	448292
mna	d	byte	int	(B)I	448326
mna	b	int	int	(I)I	448357
mna	g	int	int	(I)I	448388
mna	a	int	int	(I)I	448421
mna	b	boolean	int	(Z)I	448458
mnb	a	int	void	(I)V	448517
mnb	b	int	void	(I)V	448650
mnb	a	jk, boolean	void	(Ljk;Z)V	448684
mo	a	faa, boolean	void	(Lfaa;Z)V	448786
mo	b	byte, tv	void	(BLtv;)V	448841
mo	d	byte	void	(B)V	448892
mo	b	faa, int	void	(Lfaa;I)V	448923
mo	a	byte, tv	boolean	(BLtv;)Z	449006
mo	a	tv, int	void	(Ltv;I)V	449060
moa	a	int, boolean	int[]	(IZ)[I	449152
moa	e	int	void	(I)V	449412
moa	d	int	void	(I)V	449518
moa	a	int, int, ds	void	(IILds;)V	449549
moa	moa		public	()V	449656
moa	a	boolean	void	(Z)V	449674
moa	c	byte	void	(B)V	449760
mp	b	boolean	void	(Z)V	449847
mp	a	nc[], int	nc	([Lnc;I)Lnc;	449879
mpa	a	nc[], int	nc	([Lnc;I)Lnc;	449949
mpa	a	int, float, float, float	int	(IFFF)I	450006
mpa	a	int	void	(I)V	450135
mpb	f	byte	boolean	(B)Z	450243
mpb	a	int, java.net.URL, byte, java.lang.String, java.lang.String	java.net.URL	(ILjava/net/URL;BLjava/lang/String;Ljava/lang/String;)Ljava/net/URL;	450294
mpb	a	aia, int, aia, int	void	(Laia;ILaia;I)V	450644
mpb	a	int, int, int	void	(III)V	451185
mpb	d	byte	int	(B)I	451446
mpb	a	int	boolean	(I)Z	451475
mpb	f	int	boolean	(I)Z	451715
mpb	a	int, int	void	(II)V	451764
mpb	c	byte	void	(B)V	451808
mpb	g	int	void	(I)V	451863
mq	a	int, int	void	(II)V	451984
mq	b	int	boolean	(I)Z	452019
mq	a	int	void	(I)V	452055
mq	a	int, int, boolean	boolean	(IIZ)Z	452086
mq	a	byte, boolean	jaclib.memory.Buffer	(BZ)Ljaclib/memory/Buffer;	452131
mqa	a	int, java.lang.String	lkb	(ILjava/lang/String;)Llkb;	452205
mqa	a	int	void	(I)V	452334
mqa	a	nc[], int	nc	([Lnc;I)Lnc;	452372
mqb	a	int, boolean	void	(IZ)V	452472
mqb	a	tv, int	void	(Ltv;I)V	452510
mqb	q	int	int	(I)I	452747
mqb	d	int, int, int, int, int	void	(IIIII)V	452777
mqb	l	byte	int	(B)I	452835
mqb	m	int	int	(I)I	452869
mqb	l	int	int	(I)I	452904
mqb	a	faa, byte	void	(Lfaa;B)V	452936
mqb	o	int	int	(I)I	453022
mqb	j	byte	void	(B)V	453056
mqb	a	faa, int	void	(Lfaa;I)V	453088
mqb	f	boolean	void	(Z)V	453170
mqb	p	int	int	(I)I	453205
mqb	n	int	void	(I)V	453242
mqb	b	faa, int	void	(Lfaa;I)V	453280
mqb	b	byte, tv	void	(BLtv;)V	453364
mqb	k	byte	boolean	(B)Z	453437
mqb	a	byte, tv	boolean	(BLtv;)Z	453467
mqb	a	faa, boolean	void	(Lfaa;Z)V	453598
mr	a	int, int, int, htb, int	void	(IIILhtb;I)V	453752
mr	m	byte	java.lang.String	(B)Ljava/lang/String;	453821
mr	l	byte	void	(B)V	453880
mr	h	int	void	(I)V	454061
mr	g	int	hrb	(I)Lhrb;	454101
mr	a	byte, sba, java.lang.String	htb	(BLsba;Ljava/lang/String;)Lhtb;	454135
mra	a	int, byte, int	phb	(IBI)Lphb;	454240
mra	a	nc[], int	nc	([Lnc;I)Lnc;	454319
mra	e	byte	double	(B)D	454375
mra	a	java.applet.Applet, int	void	(Ljava/applet/Applet;I)V	454404
mrb	a	nc[], int	nc	([Lnc;I)Lnc;	454486
mrb	a	int, int, int, int, boolean, int, int, java.lang.String, int	void	(IIIIZIILjava/lang/String;I)V	454537
ms	d	byte	void	(B)V	454785
ms	f	int	int	(I)I	454825
ms	h	int	void	(I)V	454962
ms	b	boolean, int	void	(ZI)V	455059
ms	g	int	void	(I)V	455866
ms	c	boolean, int	int	(ZI)I	455909
ms	k	int	void	(I)V	455949
ms	a	boolean, boolean, boolean, boolean, int, boolean, boolean	void	(ZZZZIZZ)V	456045
ms	a	java.lang.String, int, int	void	(Ljava/lang/String;II)V	456153
ms	b	java.lang.String, int	byte[]	(Ljava/lang/String;I)[B	456205
ms	i	int	void	(I)V	456250
ms	e	boolean	void	(Z)V	456289
ms	a	int, int, int, java.lang.String, int	void	(IIILjava/lang/String;I)V	456316
ms	a	int, int, int, int, int, int, boolean, int	void	(IIIIIIZI)V	456506
ms	a	boolean, int, int	void	(ZII)V	456643
ms	f	byte	void	(B)V	456697
ms	e	int	void	(I)V	456729
ms	c	boolean	void	(Z)V	457023
ms	j	int	void	(I)V	457050
ms	a	byte, boolean	void	(BZ)V	457113
ms	e	byte	void	(B)V	457179
ms	a	byte, boolean, boolean	int	(BZZ)I	457214
ms	d	boolean	void	(Z)V	457641
ms	ms		protected	()V	457676
msa	e	byte	void	(B)V	457737
msa	a	java.lang.CharSequence, int	java.lang.String	(Ljava/lang/CharSequence;I)Ljava/lang/String;	457775
msa	a	nc[], int	nc	([Lnc;I)Lnc;	458009
msb	a	nc[], int	nc	([Lnc;I)Lnc;	458079
mt	a	nc[], int	nc	([Lnc;I)Lnc;	458137
mta	a	byte	tv	(B)Ltv;	458208
mta	a	boolean	void	(Z)V	458241
mta	b	byte	void	(B)V	458281
mta	a	int, int	tv[]	(II)[Ltv;	458316
mta	c	byte	void	(B)V	458352
mtb	a	int, int, asb, int, asb	ngb	(IILasb;ILasb;)Lngb;	458452
mtb	a	nc[], int	nc	([Lnc;I)Lnc;	458528
mtb	e	byte	void	(B)V	458574
mu	a	int, int	java.lang.String	(II)Ljava/lang/String;	458620
mu	a	int, shb	boolean	(ILshb;)Z	458655
mua	a	boolean, int, anb, int[], pe, int, int, int	void	(ZILanb;[ILpe;III)V	458763
mua	a	anb, int[], int, int, int, int, int, pe, int, int, int	void	(Lanb;[IIIIIILpe;III)V	458945
mua	a	tv, int	void	(Ltv;I)V	459045
mua	b	byte, tv	void	(BLtv;)V	459195
mua	b	faa, int	void	(Lfaa;I)V	459269
mua	a	faa, boolean	void	(Lfaa;Z)V	459333
mua	a	byte, tv	boolean	(BLtv;)Z	459387
mua	a	int, sg	int	(ILsg;)I	459478
mua	mua		public	()V	459522
mv	a	int, java.awt.Component	void	(ILjava/awt/Component;)V	459559
mva	a	nc[], int	nc	([Lnc;I)Lnc;	459618
mva	a	int, int, java.lang.Object	int	(IILjava/lang/Object;)I	459662
mw	e	int	long	(I)J	459751
mw	a	int	void	(I)V	459783
mw	b	int	boolean	(I)Z	459851
mw	a	boolean, boolean	void	(ZZ)V	459881
mw	d	int	void	(I)V	459915
mw	a	int, byte, pib	void	(IBLpib;)V	460052
mw	a	int, int, int	void	(III)V	460118
mw	a	boolean, int	void	(ZI)V	460264
mwa	a	nc[], int	nc	([Lnc;I)Lnc;	460454
mwa	a	char, int	int	(CI)I	460508
mwa	a	int	void	(I)V	460560
n	PA	char, int, int, int, boolean, aa, int, int	void	(CIIIZLaa;II)V	460607
n	finalize		void	()V	460610
n	w	boolean	void	(Z)V	460623
n	a	char, int, int, int, boolean, aa, int, int	void	(CIIIZLaa;II)V	460711
n	S	oa, ya, byte[][], int[], int[], int[], int[], int[]	void	(Loa;Lya;[[B[I[I[I[I[I)V	460726
n	fa	char, int, int, int, boolean	void	(CIIIZ)V	460729
na	a	nc[], int	nc	([Lnc;I)Lnc;	460742
na	a	int	void	(I)V	460787
nab	a	nc[], int	nc	([Lnc;I)Lnc;	460860
nb	a	nc[], int	nc	([Lnc;I)Lnc;	460929
nb	b	boolean	boolean	(Z)Z	460980
nb	e	byte	void	(B)V	461029
nb	a	int	void	(I)V	461616
nbb	a	boolean, nbb	void	(ZLnbb;)V	461671
nbb	d	int	int	(I)I	461734
nbb	a	faa, int	void	(Lfaa;I)V	461763
nbb	b	faa, int	void	(Lfaa;I)V	461805
nbb	a	tv, int	void	(Ltv;I)V	461855
nbb	d	byte	void	(B)V	462040
nbb	a	faa, byte	void	(Lfaa;B)V	462078
nbb	nbb		public	()V	462127
nbb	b	byte, tv	void	(BLtv;)V	462140
nbb	a	faa, boolean	void	(Lfaa;Z)V	462211
nbb	j	byte	void	(B)V	462253
nbb	a	byte, tv	boolean	(BLtv;)Z	462283
nc	toString		java.lang.String	()Ljava/lang/String;	462356
nc	b	int	void	(I)V	462405
nc	c	int	long	(I)J	462434
nc	a	boolean	boolean	(Z)Z	462564
nc	a	int	int	(I)I	462599
nc	a	byte	void	(B)V	462711
nc	a	byte, int, int, int, int	void	(BIIII)V	462755
nc	d	int	float	(I)F	462921
nca	a	nc[], int	nc	([Lnc;I)Lnc;	463062
ncb	a	int	void	(I)V	463139
nd	b	boolean	void	(Z)V	463195
nd	a	nc[], int	nc	([Lnc;I)Lnc;	463231
nda	a	int	void	(I)V	463322
nda	a	nc[], int	nc	([Lnc;I)Lnc;	463367
nda	a	int, boolean	void	(IZ)V	463419
ndb	a	int	void	(I)V	463591
ndb	b	int	void	(I)V	463627
ne	O	int, int, int	void	(III)V	463827
ne	a	byte, int, int, int, float, int, long, int, cbb, float	short	(BIIIFIJILcbb;F)S	463938
ne	H	int, int, int	void	(III)V	464131
ne	G		int	()I	464231
ne	V		int	()I	464255
ne	a	byte	void	(B)V	464279
ne	a	char, byte, java.lang.String, java.lang.String	java.lang.String	(CBLjava/lang/String;Ljava/lang/String;)Ljava/lang/String;	464476
ne	a	java.net.URL, byte, java.applet.Applet	java.net.URL	(Ljava/net/URL;BLjava/applet/Applet;)Ljava/net/URL;	464622
ne	HA		int	()I	464711
ne	RA		int	()I	464735
ne	a	int	void	(I)V	464759
ne	a	boolean, byte	boolean	(ZB)Z	464790
neb	e	byte	void	(B)V	468253
neb	a	nc[], int	nc	([Lnc;I)Lnc;	468290
nf	a	int, int	tv[]	(II)[Ltv;	468367
nf	a	int	void	(I)V	468404
nf	b	int	void	(I)V	468436
nf	a	java.lang.String, boolean	vu	(Ljava/lang/String;Z)Lvu;	468488
nf	a	byte	tv	(B)Ltv;	468576
nfa	a	boolean	boolean	(Z)Z	468623
nfa	d	int	void	(I)V	468653
nfa	c	int	boolean	(I)Z	468686
nfa	b	byte	int	(B)I	468722
nfa	a	int	int	(I)I	468753
nfa	d	byte	int	(B)I	468786
nfb	a	byte	tv	(B)Ltv;	468829
nfb	a	int, int	tv[]	(II)[Ltv;	468869
nfb	b	byte	void	(B)V	468908
ng	a	int, byte, int, asb	caa[]	(IBILasb;)[Lcaa;	468950
ng	a	byte	tv	(B)Ltv;	469012
ng	a	int, int, byte, int, int, int, int, int, int, int	int	(IIBIIIIIII)I	469052
ng	a	boolean	void	(Z)V	469260
ng	a	int, int	tv[]	(II)[Ltv;	469294
nga	iterator		java.util.Iterator	()Ljava/util/Iterator;	469362
nga	a	byte, long	ksa	(BJ)Lksa;	469379
nga	a	ksa, int, long	void	(Lksa;IJ)V	469474
nga	a	byte	ksa	(B)Lksa;	469559
nga	a	int	ksa	(I)Lksa;	469667
nga	b	int	void	(I)V	469703
nga	b	byte	void	(B)V	469766
ngb	a	int, int, int, int, int, int, int, boolean	void	(IIIIIIIZ)V	469874
ngb	a	int[], byte[][]	byte[][]	([I[[B)[[B	470019
ngb	a	int[], byte[], int, int, int, int, int, int, int	void	([I[BIIIIIII)V	470096
ngb	a	int[], byte[], int, int, int, int, int, int, int, int	void	([I[BIIIIIIII)V	470183
ngb	a	int, int, int, int, int, int, boolean	void	(IIIIIIZ)V	470274
nh	a	nc[], int	nc	([Lnc;I)Lnc;	470442
nh	e	byte	void	(B)V	470491
nha	a	nc[], int	nc	([Lnc;I)Lnc;	470555
nha	e	byte	void	(B)V	470606
nhb	a	int, int, int, int, boolean, int, int, int	void	(IIIIZIII)V	470663
nhb	a	nc[], int	nc	([Lnc;I)Lnc;	470775
nhb	a	int	void	(I)V	470836
ni	a	nc[], int	nc	([Lnc;I)Lnc;	470872
nia	a	nc[], int	nc	([Lnc;I)Lnc;	470945
nia	a	int, kda, faa, byte	uca	(ILkda;Lfaa;B)Luca;	470996
nia	a	byte[], byte	byte[]	([BB)[B	471209
nj	a	int, int, int, java.lang.CharSequence[]	java.lang.String	(III[Ljava/lang/CharSequence;)Ljava/lang/String;	471282
nj	a	int, int	tv[]	(II)[Ltv;	471436
nj	a	boolean	void	(Z)V	471477
nj	a	byte	tv	(B)Ltv;	471521
nja	a	nc[], int	nc	([Lnc;I)Lnc;	471570
njb	a	nc[], int	nc	([Lnc;I)Lnc;	471632
njb	a	java.lang.String, int, java.lang.String	boolean	(Ljava/lang/String;ILjava/lang/String;)Z	471698
nk	a	int	boolean	(I)Z	471785
nk	a	float, int, ob, ob	boolean	(FILob;Lob;)Z	471866
nka	a	int, int, int	void	(III)V	472164
nkb	a	int, boolean	void	(IZ)V	472180
nkb	e	byte	void	(B)V	472226
nkb	a	nc[], int	nc	([Lnc;I)Lnc;	472258
nkb	a	int	tpa	(I)Ltpa;	472308
nkb	a	boolean, java.lang.String	void	(ZLjava/lang/String;)V	472360
nl	a	int, int	void	(II)V	472452
nl	a	int	void	(I)V	472591
nla	a	int, tu	int	(ILtu;)I	472727
nla	w	int	void	(I)V	472765
nla	a	kba, byte	int	(Lkba;B)I	472812
nla	p	byte	void	(B)V	472869
nla	e	boolean	void	(Z)V	472974
nla	a	jagdx.D3DPRESENT_PARAMETERS, int, byte, int, jagdx.IDirect3D, int	boolean	(Ljagdx/D3DPRESENT_PARAMETERS;IBILjagdx/IDirect3D;I)Z	472998
nla	a	jra, int, int, int	void	(Ljra;III)V	473250
nla	a	int, jagdx.IDirect3DVertexShader	void	(ILjagdx/IDirect3DVertexShader;)V	473279
nla	h	boolean	void	(Z)V	473302
nla	a	int, jagdx.IDirect3DPixelShader	void	(ILjagdx/IDirect3DPixelShader;)V	473343
nla	r	int	void	(I)V	473372
nla	a	boolean, aba	int	(ZLaba;)I	473422
nla	a	int, int, int, kb, mj	eb	(IIILkb;Lmj;)Leb;	473487
nla	a	cpb, int	void	(Lcpb;I)V	473516
nla	a	boolean, byte, slb, int	void	(ZBLslb;I)V	473588
nla	A	byte	void	(B)V	473652
nla	j	int	void	(I)V	473691
nla	a	int, boolean	void	(IZ)V	473766
nla	a	float, float, float	void	(FFF)V	473794
nla	j	byte	void	(B)V	473799
nla	C	int	void	(I)V	473824
nla	m	int	void	(I)V	473945
nla	nla	int, int, java.awt.Canvas, jaclib.peer.tqb, jagdx.IDirect3D, jagdx.IDirect3DDevice, gma, jagdx.D3DPRESENT_PARAMETERS, jagdx.D3DCAPS, d, asb, int	private	(IILjava/awt/Canvas;Ljaclib/peer/tqb;Ljagdx/IDirect3D;Ljagdx/IDirect3DDevice;Lgma;Ljagdx/D3DPRESENT_PARAMETERS;Ljagdx/D3DCAPS;Ld;Lasb;I)V	474005
nla	a	java.awt.Canvas, java.lang.Object, int	void	(Ljava/awt/Canvas;Ljava/lang/Object;I)V	474264
nla	B	int	void	(I)V	474285
nla	a	mj, kb, int	boolean	(Lmj;Lkb;I)Z	474325
nla	G	byte	void	(B)V	474383
nla	a	jra, int	int	(Ljra;I)I	474460
nla	K	int	boolean	(I)Z	474532
nla	a	byte, mkb, int	void	(BLmkb;I)V	474631
nla	v		void	()V	474662
nla	a	boolean, int, int[][], int	hdb	(ZI[[II)Lhdb;	474733
nla	ya		void	()V	474760
nla	o		void	()V	474784
nla	u		void	()V	474802
nla	f	int	void	(I)V	474807
nla	i	byte	void	(B)V	474954
nla	m	byte	void	(B)V	475021
nla	a	int, byte[], kb, int, int, int, boolean, int	eb	(I[BLkb;IIIZI)Leb;	475055
nla	a	int, sb	void	(ILsb;)V	475088
nla	a	int, boolean, int[], int, int, boolean, int	eb	(IZ[IIIZI)Leb;	475187
nla	t	int	void	(I)V	475215
nla	a	byte, boolean	vca	(BZ)Lvca;	475233
nla	s		boolean	()Z	475259
nla	a	boolean, int	mkb	(ZI)Lmkb;	475271
nla	o	byte	void	(B)V	475298
nla	f	byte	float	(B)F	475328
nla	b		boolean	()Z	475351
nla	G	int	void	(I)V	475363
nla	n	int	void	(I)V	475468
nla	createToolkit	java.awt.Canvas, d, asb, java.lang.Integer	ha	(Ljava/awt/Canvas;Ld;Lasb;Ljava/lang/Integer;)Lha;	475645
nla	a	boolean, int, boolean, slb, int	void	(ZIZLslb;I)V	475973
nla	s	byte	void	(B)V	476048
nla	a	kb, mj, int	int	(Lkb;Lmj;I)I	476127
nla	d	int, int	void	(II)V	476196
nla	c	int	void	(I)V	476224
nla	a	int, int, byte[], kb, int, int	gf	(II[BLkb;II)Lgf;	476243
nla	v	byte	void	(B)V	476273
nla	a	kb, float[], boolean, int, int, int, boolean, int	eb	(Lkb;[FZIIIZI)Leb;	476311
nla	o	int	void	(I)V	476332
nla	a	int, qma[]	vmb	(I[Lqma;)Lvmb;	476383
nla	a	aja, boolean	void	(Laja;Z)V	476409
nla	a	slb, byte	int	(Lslb;B)I	476414
nla	na	int, int, int, int	int[]	(IIII)[I	476466
nla	a	int, vmb	void	(ILvmb;)V	476593
nla	a	ekb, wib	hf	(Lekb;Lwib;)Lhf;	476622
nla	j		void	()V	476634
nla	a	byte, int	uda	(BI)Luda;	476639
nla	I	int	void	(I)V	476712
nla	a	int, kb, mj	boolean	(ILkb;Lmj;)Z	476736
nla	SA	int, int, int, int, int[], int, int	void	(IIII[III)V	476794
nla	GA	int	void	(I)V	476921
nla	y	int	void	(I)V	476941
nla	F	int	void	(I)V	476982
nla	a	hf	void	(Lhf;)V	477008
nla	a	byte, uja	void	(BLuja;)V	477013
nla	b	int, int	wib	(II)Lwib;	477067
nla	a	byte, java.awt.Canvas	java.lang.Object	(BLjava/awt/Canvas;)Ljava/lang/Object;	477079
nla	a	int, int, int, int	void	(IIII)V	477098
nla	y	byte	void	(B)V	477103
nla	a	int, ora	void	(ILora;)V	477131
nla	l	byte	void	(B)V	477299
nlb	a	nc[], int	nc	([Lnc;I)Lnc;	477383
nlb	e	byte	void	(B)V	477435
nm	a	nc[], int	nc	([Lnc;I)Lnc;	477496
nma	a	int, int	tv[]	(II)[Ltv;	477560
nma	a	byte	tv	(B)Ltv;	477598
nma	b	byte	void	(B)V	477631
nmb	a	int, long	int	(IJ)I	477687
nmb	d	int	void	(I)V	477795
nmb	a	byte	long	(B)J	477841
nmb	a	byte, ana	void	(BLana;)V	477897
nmb	b	int	boolean	(I)Z	477938
nmb	a	int	void	(I)V	478019
nmb	c	int	long	(I)J	478073
nn	a	int, int, int, int, int, int	void	(IIIIII)V	478207
nn	a	int, int, int, int, lta, int	void	(IIIILlta;I)V	478288
nn	a	int, int	tv[]	(II)[Ltv;	478520
nn	a	byte	tv	(B)Ltv;	478556
nna	a	int, int, int, htb, int	void	(IIILhtb;I)V	478635
nna	a	int, java.lang.String, int	void	(ILjava/lang/String;I)V	478740
nna	a	byte, java.lang.String, sba	htb	(BLjava/lang/String;Lsba;)Lhtb;	478809
nna	c	boolean	void	(Z)V	478905
nna	b	int, int, int, int	void	(IIII)V	479039
nna	a	int, int	void	(II)V	479126
nnb	b	boolean	void	(Z)V	479233
nnb	a	int	int	(I)I	479267
nnb	b	byte	int	(B)I	479298
nnb	d	byte	int	(B)I	479331
nnb	c	byte	boolean	(B)Z	479369
nnb	a	boolean	boolean	(Z)Z	479398
no	c	java.lang.String, int	int	(Ljava/lang/String;I)I	479514
no	a	java.lang.String, int, int, int, int, int, int, int, int, int	int	(Ljava/lang/String;IIIIIIIII)I	479529
no	a	int, int, int, int, int, int, int, boolean	void	(IIIIIIIZ)V	479547
no	a	byte[]	void	([B)V	479550
no	a	java.lang.String, int	void	(Ljava/lang/String;I)V	479817
no	c	java.lang.String	java.lang.String	(Ljava/lang/String;)Ljava/lang/String;	479881
no	a	int, int, int	void	(III)V	479961
no	a		void	()V	479986
no	a	no, java.lang.String, int	java.lang.String	(Lno;Ljava/lang/String;I)Ljava/lang/String;	479995
no	a	char	int	(C)I	480061
no	a	java.lang.String, int, int, int, int	void	(Ljava/lang/String;IIII)V	480074
no	b	java.lang.String, int, int, int, int, int	void	(Ljava/lang/String;IIIII)V	480101
no	b	java.lang.String, int, int	int	(Ljava/lang/String;II)I	480129
no	a	java.lang.String, int, int, int, int, int	void	(Ljava/lang/String;IIIII)V	480163
no	b	java.lang.String, int	int	(Ljava/lang/String;I)I	480185
no	b	java.lang.String	int	(Ljava/lang/String;)I	480222
no	a	java.lang.String	void	(Ljava/lang/String;)V	480399
no	a	int, int	void	(II)V	480562
no	a	java.lang.String, int[], java.lang.String[]	int	(Ljava/lang/String;[I[Ljava/lang/String;)I	480587
no	a	int, int, int, int, int, int, boolean	void	(IIIIIIZ)V	481110
no	a	byte[][], byte[][], int[], int[], int[], int, int	int	([[B[[B[I[I[III)I	481215
no	b	java.lang.String, int, int, int, int	void	(Ljava/lang/String;IIII)V	481307
no	a	java.lang.String, int, int, int, int, int, int, int, int, int, int	int	(Ljava/lang/String;IIIIIIIIII)I	481332
no	a	ija[], int[]	void	([Lija;[I)V	481582
no	c	java.lang.String, int, int, int, int, int	void	(Ljava/lang/String;IIIII)V	481611
no	a	java.lang.String, int, int	void	(Ljava/lang/String;II)V	481637
no	c	java.lang.String, int, int, int, int	void	(Ljava/lang/String;IIII)V	482032
noa	a	nc[], int	nc	([Lnc;I)Lnc;	482096
noa	a	int	void	(I)V	482153
nob	a	nc[], int	nc	([Lnc;I)Lnc;	482201
nob	a	int	void	(I)V	482245
np	a	nc[], int	nc	([Lnc;I)Lnc;	482305
npa	a	byte	tv	(B)Ltv;	482376
npa	a	int, byte, int, int, int	void	(IBIII)V	482409
npa	a	byte, java.lang.String, int	java.lang.String	(BLjava/lang/String;I)Ljava/lang/String;	482570
npa	a	int, boolean, java.lang.StringBuilder, char	java.lang.StringBuilder	(IZLjava/lang/StringBuilder;C)Ljava/lang/StringBuilder;	482728
npa	a	boolean	void	(Z)V	482809
npa	a	int, int	tv[]	(II)[Ltv;	482853
npb	a	int, int, rsb, sg	void	(IILrsb;Lsg;)V	482925
npb	a	int, rsb, byte, sg	void	(ILrsb;BLsg;)V	483340
nq	a	nc[], int	nc	([Lnc;I)Lnc;	483447
nq	a	float, int, float, int, int, int, float, vjb, int, float, int, byte[], byte, float	void	(FIFIIIFLvjb;IFI[BBF)V	483492
nq	a	byte, ds	void	(BLds;)V	483722
nqa	a	ij, int	java.lang.Object	(Lij;I)Ljava/lang/Object;	483862
nqa	a	byte	void	(B)V	483935
nr	a	nc[], int	nc	([Lnc;I)Lnc;	483982
nr	a	kla, int, int, int, int, int	void	(Lkla;IIIII)V	484044
nr	e	byte	void	(B)V	484150
nra	b	byte	void	(B)V	484195
nra	a	byte	tv	(B)Ltv;	485386
nra	a	int, int	tv[]	(II)[Ltv;	485419
nra	a	long, long	long	(JJ)J	485454
nra	a	boolean, int[], int, int, boolean	int[]	(Z[IIIZ)[I	485483
nra	a	int	void	(I)V	485697
nrb	a	int, shb, int, int, boolean	void	(ILshb;IIZ)V	485754
nrb	a	int	void	(I)V	485814
ns	a	int, int	tv[]	(II)[Ltv;	485861
ns	a	byte	tv	(B)Ltv;	485898
ns	a	int	void	(I)V	485938
nsa	e	byte	void	(B)V	485986
nsa	a	int, faa, int, boolean[]	boolean[]	(ILfaa;I[Z)[Z	486019
nsa	a	nc[], int	nc	([Lnc;I)Lnc;	486128
nt	a	byte, int, int, int, int, int, int, int	void	(BIIIIIII)V	486214
nt	a	nc[], int	nc	([Lnc;I)Lnc;	486368
nt	a	int	void	(I)V	486415
nta	a	nc[], int	nc	([Lnc;I)Lnc;	486471
ntb	a	tv, int	void	(Ltv;I)V	486522
nu	a	nc[], int	nc	([Lnc;I)Lnc;	486545
nu	a	int	void	(I)V	486590
nu	e	byte	boolean	(B)Z	486621
nua	a	nc[], int	nc	([Lnc;I)Lnc;	486692
nua	a	int, int, int, int, int, java.lang.String, int, int, int, int, int, int	int	(IIIIILjava/lang/String;IIIIII)I	486744
nua	b	boolean	boolean	(Z)Z	486864
nv	e	int	void	(I)V	486944
nv	a	int, int, int, int, int, int	void	(IIIIII)V	486976
nv	a	byte, dnb, int	void	(BLdnb;I)V	487072
nv	e	byte	void	(B)V	487209
nv	a	int	void	(I)V	487262
nv	a	int, int, int	void	(III)V	487307
nv	a	int, int, boolean	java.lang.String	(IIZ)Ljava/lang/String;	487359
nva	h	int	boolean	(I)Z	487741
nva	a	byte, java.lang.String	void	(BLjava/lang/String;)V	487770
nva	b	int, int, int, int, int	void	(IIIII)V	487846
nva	e	int	void	(I)V	487935
nva	d	int	void	(I)V	488112
nva	i	int	void	(I)V	488250
nva	a	int, int, int, htb, int	void	(IIILhtb;I)V	488401
nva	f	int	void	(I)V	488469
nva	e	byte	boolean	(B)Z	488501
nva	g	int	void	(I)V	488552
nva	f	byte	void	(B)V	488603
nva	a	int, shb	boolean	(ILshb;)Z	488632
nva	a	int, int, int, shb	void	(IIILshb;)V	488709
nva	d	byte	java.lang.String	(B)Ljava/lang/String;	488756
nva	a	int, int, int, int, shb, int, byte	boolean	(IIIILshb;IB)Z	488848
nva	a	int, int, shb, char	boolean	(IILshb;C)Z	488919
nva	a	java.lang.String, int	int	(Ljava/lang/String;I)I	489263
nva	a	int, int, int, int, int	void	(IIIII)V	489345
nva	a	int	int	(I)I	489403
nva	a	char, boolean, int	java.lang.String	(CZI)Ljava/lang/String;	489436
nva	a	int, boolean, int, int	void	(IZII)V	489499
nw	e	byte	void	(B)V	489567
nw	a	nc[], int	nc	([Lnc;I)Lnc;	489610
nwa	a	int	void	(I)V	489680
nwa	a	int, int	void	(II)V	489710
nwa	b	byte, tv	void	(BLtv;)V	489804
nwa	a	llb, int[], int, llb, llb	tjb	(Lllb;[IILllb;Lllb;)Ltjb;	489857
nwa	a	rha, boolean	void	(Lrha;Z)V	489995
nwa	b	faa, int	void	(Lfaa;I)V	490067
nwa	a	faa, boolean	void	(Lfaa;Z)V	490173
nwa	a	tv, int	void	(Ltv;I)V	490226
nwa	a	byte, tv	boolean	(BLtv;)Z	490306
nwa	a	byte	rha[]	(B)[Lrha;	490357
nwa	nwa		public	()V	490390
o	a	nc[], int	nc	([Lnc;I)Lnc;	490415
oa	q		boolean	()Z	490507
oa	aa	int, int, int, int, int, int	void	(IIIIII)V	490513
oa	wa	int, int, int, int, int, int	void	(IIIIII)V	490516
oa	k		boolean	()Z	490519
oa	KA	int, int, int, int	void	(IIII)V	490525
oa	a	java.awt.Canvas, int, int	void	(Ljava/awt/Canvas;II)V	490528
oa	CA	short, int[], short, int, byte, byte, int, boolean, byte, byte, byte, byte, boolean, boolean, boolean, boolean, boolean, byte, boolean, boolean, int	void	(S[ISIBBIZBBBBZZZZZBZZI)V	490608
oa	K	int[]	void	([I)V	490611
oa	a	ima, boolean	aja	(Lima;Z)Laja;	490614
oa	DA	int, int, int, int	void	(IIII)V	490648
oa	r		boolean	()Z	490651
oa	m		boolean	()Z	490657
oa	o		void	()V	490663
oa	a	hf	void	(Lhf;)V	490732
oa	AA	short, short, int, byte, byte, int, boolean, byte, byte, byte, byte, boolean, boolean, boolean, boolean, boolean, byte, boolean, boolean, int	void	(SSIBBIZBBBBZZZZZBZZI)V	490748
oa	j		void	()V	490751
oa	T	int, int, int, int	void	(IIII)V	490761
oa	d		pw	()Lpw;	490764
oa	ma	long	void	(J)V	490772
oa	ya		void	()V	490775
oa	va	za	void	(Lza;)V	490778
oa	h		boolean	()Z	490781
oa	w		boolean	()Z	490787
oa	n		boolean	()Z	490793
oa	MA	d, int, int	void	(Ld;II)V	490799
oa	t		int	()I	490802
oa	t	p	void	(Lp;)V	490808
oa	OA		java.lang.Object	()Ljava/lang/Object;	490811
oa	c		boolean	()Z	490820
oa	d	int, int, int, int, int, int	void	(IIIIII)V	490826
oa	a	sw, ima[], boolean	da	(Lsw;[Lima;Z)Lda;	490875
oa	l		boolean	()Z	490966
oa	SA	int, int, int, int, int[], int, int	void	(IIII[III)V	490972
oa	GA	int	void	(I)V	490975
oa	e		boolean	()Z	490978
oa	g		void	()V	490984
oa	finalize		void	()V	490993
oa	v		void	()V	491014
oa	b		boolean	()Z	491019
oa	y		a	()La;	491025
oa	FA		void	()V	491058
oa	s		boolean	()Z	491061
oa	XA		int	()I	491067
oa	U	int, int, int, int, int	void	(IIIII)V	491070
oa	n	long, long	void	(JJ)V	491073
oa	b	int, int	wib	(II)Lwib;	491076
oa	c	int	void	(I)V	491086
oa	a	int, int, int, int, int, int, int, int, int, int	void	(IIIIIIIIII)V	491113
oa	a	pw	void	(Lpw;)V	491121
oa	d	int	void	(I)V	491134
oa	g	int	void	(I)V	491137
oa	a	cbb, int, int, int, int	ka	(Lcbb;IIII)Lka;	491174
oa	e	int	za	(I)Lza;	491190
oa	f	int	void	(I)V	491207
oa	a	za	void	(Lza;)V	491217
oa	w	boolean	void	(Z)V	491229
oa	b	int, int, int, int, int, int	void	(IIIIII)V	491232
oa	a	int, int, int, int, int, int, int	void	(IIIIIII)V	491245
oa	a		boolean	()Z	491261
oa	a	float, float, float	void	(FFF)V	491267
oa	za	int, int, int, int, int	void	(IIIII)V	491272
oa	a	int[], int, int, int, int, boolean	aja	([IIIIIZ)Laja;	491275
oa	ZA	int, float, float, float, float, float	void	(IFFFFF)V	491290
oa	na	int, int, int, int	int[]	(IIII)[I	491293
oa	a	java.awt.Canvas	void	(Ljava/awt/Canvas;)V	491296
oa	Y		int[]	()[I	491325
oa	P	int, int, int, int, int	void	(IIIII)V	491328
oa	i		int	()I	491331
oa	u		void	()V	491334
oa	a	ekb, wib	hf	(Lekb;Lwib;)Lhf;	491339
oa	f	int, int	void	(II)V	491352
oa	p		boolean	()Z	491355
oa	xa	float	void	(F)V	491361
oa	oa	java.awt.Canvas, d, int, int	public	(Ljava/awt/Canvas;Ld;II)V	491364
oa	WA	short	boolean	(S)Z	491462
oa	c	short	boolean	(S)Z	491576
oa	f		boolean	()Z	491674
oa	a	int, int, int, int	void	(IIII)V	491680
oa	s	int, int, int, int, int	void	(IIIII)V	491685
oa	a	int, int, boolean	aja	(IIZ)Laja;	491688
oa	x		boolean	()Z	491699
oa	a	aja, boolean	void	(Laja;Z)V	491705
oaa	a	boolean	int	(Z)I	491740
oaa	c	int	void	(I)V	491770
oaa	a	int	void	(I)V	491816
oaa	a	byte	boolean	(B)Z	491844
oaa	b	byte	double	(B)D	491879
oab	a	int, int, int[], int	int	(II[II)I	491930
oab	a	nc[], int	nc	([Lnc;I)Lnc;	492056
ob	c	byte	void	(B)V	492141
ob	a	int, int, int, int, int, byte, int, int	void	(IIIIIBII)V	492176
ob	a	int	void	(I)V	492349
ob	a	int, eab, int, int, int, int	ufb	(ILeab;IIII)Lufb;	492511
oba	a	int	void	(I)V	492615
oba	a	nc[], int	nc	([Lnc;I)Lnc;	492650
obb	a	int	void	(I)V	492724
obb	a	int, int, int	int	(III)I	492760
obb	a	nc[], int	nc	([Lnc;I)Lnc;	492823
oc	a	java.lang.CharSequence, int	boolean	(Ljava/lang/CharSequence;I)Z	492890
oc	a	int	void	(I)V	492931
oc	a	nc[], int	nc	([Lnc;I)Lnc;	493029
oca	a	faa, boolean	void	(Lfaa;Z)V	493091
oca	b	byte, tv	void	(BLtv;)V	493128
oca	a	pe, int	ucb	(Lpe;I)Lucb;	493175
oca	b	int	void	(I)V	493217
oca	a	byte, tv	boolean	(BLtv;)Z	493250
oca	b	faa, int	void	(Lfaa;I)V	493294
oca	a	tv, int	void	(Ltv;I)V	493339
oca	a	int, int[], rsb	void	(I[ILrsb;)V	493385
oca	a	int	java.lang.String	(I)Ljava/lang/String;	493445
oca	oca		public	()V	493475
ocb	b	java.lang.String, int	java.lang.String	(Ljava/lang/String;I)Ljava/lang/String;	493516
ocb	a	int, int, int, no, int, int, int, int, int, int, int, int, int	llb	(IIILno;IIIIIIIII)Lllb;	493636
ocb	a	boolean, byte, boolean	void	(ZBZ)V	493770
ocb	f	int	void	(I)V	493835
ocb	d	byte	void	(B)V	493886
ocb	a	boolean, int	void	(ZI)V	493924
ocb	a	java.lang.String, int	qrb	(Ljava/lang/String;I)Lqrb;	494038
ocb	a	java.lang.String, boolean	boolean	(Ljava/lang/String;Z)Z	494114
od	a	boolean, mj	int	(ZLmj;)I	494275
oda	c	int	int	(I)I	494391
oda	d	byte	java.lang.String	(B)Ljava/lang/String;	494453
oda	a	int, int, int, shb	void	(IIILshb;)V	494529
oda	d	int	void	(I)V	494636
oda	a	boolean, java.util.Hashtable, int, java.lang.StringBuilder	java.lang.StringBuilder	(ZLjava/util/Hashtable;ILjava/lang/StringBuilder;)Ljava/lang/StringBuilder;	494639
oda	a	int, int, int, shb, int, int, int	boolean	(IIILshb;III)Z	494716
oda	a	int, shb, int	boolean	(ILshb;I)Z	494834
oda	a	int, int, shb, char	boolean	(IILshb;C)Z	494943
oda	a	shb, int, int	boolean	(Lshb;II)Z	495072
oda	g	byte	shb	(B)Lshb;	495193
oda	b	shb, byte	boolean	(Lshb;B)Z	495271
oda	a	int, int, int, int, int	void	(IIIII)V	495317
oda	a	int	void	(I)V	495379
oda	e	byte	boolean	(B)Z	495408
oda	a	byte, int, int, int, shb, int	void	(BIIILshb;I)V	495445
oda	a	int, shb	boolean	(ILshb;)Z	495549
oda	b	int, int, int, int	void	(IIII)V	495617
oda	a	boolean, java.lang.StringBuilder, java.util.Hashtable, int	void	(ZLjava/lang/StringBuilder;Ljava/util/Hashtable;I)V	495731
oda	f	byte	void	(B)V	495862
oda	a	int, int, int, int, shb, int, byte	boolean	(IIIILshb;IB)Z	495929
oda	a	shb, byte	boolean	(Lshb;B)Z	496052
odb	b	byte, tv	void	(BLtv;)V	496115
odb	a	faa, boolean	void	(Lfaa;Z)V	496168
odb	a	boolean	void	(Z)V	496227
odb	a	tv, int	void	(Ltv;I)V	496257
odb	b	faa, int	void	(Lfaa;I)V	496399
odb	a	byte, tv	boolean	(BLtv;)Z	496456
oe	a	byte	void	(B)V	496534
oe	toString		java.lang.String	()Ljava/lang/String;	496572
oea	e	byte	void	(B)V	496615
oea	a	nc[], int	nc	([Lnc;I)Lnc;	496648
oea	f	byte	int[]	(B)[I	496700
oeb	a	nc[], int	nc	([Lnc;I)Lnc;	496755
of	a	int	void	(I)V	496839
ofb	a	nc[], int	nc	([Lnc;I)Lnc;	496940
ofb	a	int, int, asb, int	phb	(IILasb;I)Lphb;	497005
ofb	a	int, java.lang.String	lkb	(ILjava/lang/String;)Llkb;	497056
og	a	nc[], int	nc	([Lnc;I)Lnc;	497186
og	a	int	void	(I)V	497241
oga	a	nc[], int	nc	([Lnc;I)Lnc;	497307
oga	a	int, int, int, int, int, int, boolean	boolean	(IIIIIIZ)Z	497357
oga	a	char, byte	boolean	(CB)Z	497458
oga	a	int	void	(I)V	497562
ogb	a	int, int	void	(II)V	497668
ogb	a	boolean, int, int, int, dja, int, dja, int, int, int, int, int, dja, int, byte	void	(ZIIILdja;ILdja;IIIIILdja;IB)V	497721
ogb	a	int	void	(I)V	497862
ogb	a	nc[], int	nc	([Lnc;I)Lnc;	498072
oh	a	nc[], int	nc	([Lnc;I)Lnc;	498151
oh	e	byte	void	(B)V	498212
oha	a	nc[], int	nc	([Lnc;I)Lnc;	498267
oha	a	int	void	(I)V	498312
ohb	a	nc[], int	nc	([Lnc;I)Lnc;	498355
ohb	e	byte	void	(B)V	498406
ohb	a	int, int, int	nl	(III)Lnl;	498450
oi	b	int, int	void	(II)V	498626
oi	a	int, int, int, int	void	(IIII)V	498629
oi	b		int	()I	498646
oi	a	int, int, int, int, int	void	(IIIII)V	498659
oi	d		int	()I	498662
oi	a	int, int, int, int, int, int, int, int	void	(IIIIIIII)V	498669
oi	a	int, int, int, int, int[], int, int	void	(IIII[III)V	498672
oi	c		int	()I	498675
oi	a	float, float, float, float, float, float	boolean	(FFFFFF)Z	498688
oi	b	int, int, int, int, int, int, int	void	(IIIIIII)V	499178
oi	a		int	()I	499299
oi	a	float, float, float, float, float, float, int, int, int, int	void	(FFFFFFIIII)V	499306
oia	a	nc[], int	nc	([Lnc;I)Lnc;	499592
oib	a	int	void	(I)V	499661
oib	a	byte	dka	(B)Ldka;	499693
oib	a	ds, int	void	(Lds;I)V	499696
oj	a	pw, int	void	(Lpw;I)V	499757
oj	a	int, int	void	(II)V	499850
oj	b	int, float, float, float	void	(IFFF)V	499991
oj	a	int, int, int, int	void	(IIII)V	500103
oj	b	int	void	(I)V	500164
oj	a	float, float[], float, float, boolean	void	(F[FFFZ)V	500199
oj	a	float, float, float, byte	void	(FFFB)V	500300
oj	b	byte, float[]	float[]	(B[F)[F	500358
oj	b	float[], byte	float[]	([FB)[F	500507
oj	a	int, int, int, int, int, int	void	(IIIIII)V	500634
oj	a	float[], byte	float[]	([FB)[F	500846
oj	a	float[], float, byte, float, float, float	void	([FFBFFF)V	500964
oj	a	byte, int	void	(BI)V	501212
oj	a	float, float, int, float	void	(FFIF)V	501294
oj	a	float, float, byte, float, float, float, float, float, float, float	void	(FFBFFFFFFF)V	501370
oj	a	int	void	(I)V	501473
oj	a	int, pw	void	(ILpw;)V	501545
oj	a	int, int, byte, int	void	(IIBI)V	501686
oj	a	byte, float[]	float[]	(B[F)[F	501768
oj	a	pw, pw, boolean	void	(Lpw;Lpw;Z)V	501883
oj	a	int, float, float, float	void	(IFFF)V	502179
oj	c	int	void	(I)V	502255
oj	a	byte, boolean, int	void	(BZI)V	502315
oj	b	int, pw	void	(ILpw;)V	502394
oj	c	float[], byte	float[]	([FB)[F	502476
oja	a	nc[], int	nc	([Lnc;I)Lnc;	502634
oja	a	int	void	(I)V	502677
ok	a	byte, boolean	void	(BZ)V	502774
ok	a	byte	tv	(B)Ltv;	503511
ok	a	int, int	tv[]	(II)[Ltv;	503544
ok	b	byte	void	(B)V	503581
oka	a		void	()V	503630
okb	a	int	void	(I)V	503682
okb	a	int, int	void	(II)V	503720
okb	b	int	boolean	(I)Z	503804
okb	a	byte, boolean	jaclib.memory.Buffer	(BZ)Ljaclib/memory/Buffer;	503842
ol	a	byte, ef, gga	void	(BLef;Lgga;)V	503939
ola	a	int, int, byte	void	(IIB)V	503955
ola	d	byte	caa[]	(B)[Lcaa;	504015
ola	b	int	void	(I)V	504095
ola	a	int, int, int, int	byte[]	(IIII)[B	504146
olb	a	int, int, ds	void	(IILds;)V	504233
olb	olb		public	()V	504406
olb	a	int, int	int[][]	(II)[[I	504431
olb	d	int	void	(I)V	504682
om	b	byte, tv	void	(BLtv;)V	504831
om	a	byte, tv	boolean	(BLtv;)Z	504885
om	a	pe, int, int, int	void	(Lpe;III)V	504946
om	b	faa, int	void	(Lfaa;I)V	504999
om	a	byte, int	int	(BI)I	505054
om	a	pe, int	ucb[]	(Lpe;I)[Lucb;	505091
om	a	int, lbb, pe	boolean	(ILlbb;Lpe;)Z	505135
om	a	int	java.lang.String	(I)Ljava/lang/String;	505224
om	a	byte[], int, int, byte[][], boolean, byte[][], int[], int[]	int	([BII[[BZ[[B[I[I)I	505262
om	a	pe, int, int[]	int[]	(Lpe;I[I)[I	505479
om	a	tv, int	void	(Ltv;I)V	505585
om	a	faa, boolean	void	(Lfaa;Z)V	505666
om	b	int	void	(I)V	505748
oma	a	java.lang.String, int, byte	void	(Ljava/lang/String;IB)V	505821
oma	a	faa, boolean	void	(Lfaa;Z)V	505870
oma	b	byte, tv	void	(BLtv;)V	505932
oma	a	int	void	(I)V	506013
oma	c	int	void	(I)V	506048
oma	a	byte	pe	(B)Lpe;	506086
oma	a	int, faa	void	(ILfaa;)V	506122
oma	a	tv, int	void	(Ltv;I)V	506205
oma	b	faa, int	void	(Lfaa;I)V	506332
oma	a	int, int	java.lang.String	(II)Ljava/lang/String;	506391
oma	a	float[], int, float, float[], int, int, byte, int, int, int, int	void	([FIF[FIIBIIII)V	506453
oma	a	boolean	void	(Z)V	506705
oma	a	byte, tv	boolean	(BLtv;)Z	506736
oma	b	int	rsb	(I)Lrsb;	506819
omb	a	nc[], int	nc	([Lnc;I)Lnc;	507170
omb	e	byte	void	(B)V	507220
on	a	java.awt.Graphics, int, byte, int	void	(Ljava/awt/Graphics;IBI)V	507275
on	a	int, int, java.awt.Component, byte	void	(IILjava/awt/Component;B)V	507304
on	on		public	()V	507382
ona	a	int	void	(I)V	507429
ona	c	int	void	(I)V	507432
ona	e	int	boolean	(I)Z	507463
ona	d	int	boolean	(I)Z	507466
ona	b	byte	boolean	(B)Z	507510
ona	a	java.lang.Object, boolean, boolean	void	(Ljava/lang/Object;ZZ)V	507552
ona	f	int	int	(I)I	507555
ona	a	byte	void	(B)V	507594
ona	a	boolean, int, int, byte, int	km	(ZIIBI)Lkm;	507597
ona	b	int	int	(I)I	507711
onb	a	byte	tv	(B)Ltv;	507807
onb	a	int, int	tv[]	(II)[Ltv;	507847
oo	a	int, int, int, htb, int	void	(IIILhtb;I)V	507889
ooa	a	int, int, int, int, int, int, int	void	(IIIIIII)V	508068
ooa	h	int	void	(I)V	508140
ooa	a	int, byte, int	void	(IBI)V	508170
ooa	a	int, int, int, int, int, int, int, int, int, int	void	(IIIIIIIIII)V	508352
ooa	i	int	void	(I)V	508619
op	a	nc[], int	nc	([Lnc;I)Lnc;	508748
opa	opa		public	()V	508869
opb	a	nc[], int	nc	([Lnc;I)Lnc;	508883
opb	a	int, int, byte, int, int, int, int	void	(IIBIIII)V	508935
opb	e	byte	void	(B)V	509024
oq	b	byte	boolean	(B)Z	509185
oq	a	byte	void	(B)V	509227
oq	a	tv, int	void	(Ltv;I)V	509263
oq	a	byte, lta	void	(BLlta;)V	509496
oq	b	byte, tv	void	(BLtv;)V	509949
oq	a	faa, boolean	void	(Lfaa;Z)V	510029
oq	a	int, int, int, int, int, int, int, boolean	void	(IIIIIIIZ)V	510112
oq	a	int	void	(I)V	510195
oq	b	faa, int	void	(Lfaa;I)V	510243
oq	a	byte, tv	boolean	(BLtv;)Z	510326
oq	c	byte	boolean	(B)Z	510439
oq	a	boolean	int	(Z)I	510484
oqa	e	byte	void	(B)V	510645
oqa	a	nc[], int	nc	([Lnc;I)Lnc;	510678
oqb	d	int, int, int	boolean	(III)Z	510777
oqb	oqb		public	()V	510882
oqb	c	byte	void	(B)V	510912
oqb	a	int, boolean	int[]	(IZ)[I	510949
oqb	e	byte	void	(B)V	511161
oqb	a	int, int, ds	void	(IILds;)V	511194
oqb	c	int, int, int	boolean	(III)Z	511380
or	a	int	void	(I)V	511494
ora	c	int	jagdx.IDirect3DBaseTexture	(I)Ljagdx/IDirect3DBaseTexture;	511544
ora	a	tu, int	void	(Ltu;I)V	511547
orb	a	int	void	(I)V	511612
orb	a	nc[], int	nc	([Lnc;I)Lnc;	511645
os	l	byte	void	(B)V	511722
os	g	int	void	(I)V	511889
os	a	int, int, shb, char	boolean	(IILshb;C)Z	511943
os	a	int, int, int, htb, int	void	(IIILhtb;I)V	512006
os	a	boolean, java.lang.String, int	void	(ZLjava/lang/String;I)V	512085
osb	a	int, int	tv[]	(II)[Ltv;	512348
osb	a	int	void	(I)V	512383
osb	a	byte	tv	(B)Ltv;	512423
ot	a	boolean	void	(Z)V	512475
ot	a	int	void	(I)V	512506
ota	a	float[], int	void	([FI)V	512588
ota	a	int[], int	int	([II)I	512825
ota	a		void	()V	512865
ota	b	int[], int	int	([II)I	512880
ota	b		boolean	()Z	512920
ota	a	int, int, int, int, float[], int	void	(IIII[FI)V	513063
ota	a	int, int	void	(II)V	513172
ota	a	int, int, int, int, int	int	(IIIII)I	513277
otb	b	boolean	void	(Z)V	514611
otb	a	nc[], int	nc	([Lnc;I)Lnc;	514646
ou	a	nc[], int	nc	([Lnc;I)Lnc;	514729
ou	e	byte	void	(B)V	514790
oua	a	boolean	void	(Z)V	514843
ov	a	nc[], int	nc	([Lnc;I)Lnc;	514900
ov	a	int	void	(I)V	514952
ova	a	int	boolean	(I)Z	515006
ova	a	byte[], int	void	([BI)V	515046
ova	a	faa, boolean, int	void	(Lfaa;ZI)V	515085
owa	a	int, int, ds	void	(IILds;)V	515378
owa	d	int	void	(I)V	515475
owa	e	int	void	(I)V	515973
owa	a	int, boolean	int[]	(IZ)[I	516090
owa	b	int, int	int[]	(II)[I	516190
owa	c	byte	void	(B)V	516252
owa	owa		public	()V	516343
owa	e	byte	void	(B)V	516359
p	sa	oa, java.awt.Canvas, int, int	void	(Loa;Ljava/awt/Canvas;II)V	516418
p	a	int, int	void	(II)V	516421
p	w	boolean	void	(Z)V	516464
p	oa	java.awt.Canvas, int, int	void	(Ljava/awt/Canvas;II)V	516467
p	H	int, int, int, int	void	(IIII)V	516470
p	a	java.lang.Exception	void	(Ljava/lang/Exception;)V	516473
p	a	java.awt.Canvas, int, int	void	(Ljava/awt/Canvas;II)V	516532
p	finalize		void	()V	516548
pa	a	int, byte, int	void	(IBI)V	516583
pa	a	java.lang.String, int	void	(Ljava/lang/String;I)V	516645
pa	a	int	void	(I)V	516676
pa	a	int, int, asb, int	boolean	(IILasb;I)Z	516709
paa	a	java.lang.String, int, int, int, int, int, int, int, int, int, int	int	(Ljava/lang/String;IIIIIIIIII)I	516793
paa	a	nc[], int	nc	([Lnc;I)Lnc;	516894
paa	a	int, int, int, int, int, int	void	(IIIIII)V	516949
paa	e	byte	void	(B)V	517031
pab	a	int, int, byte	void	(IIB)V	517085
pab	a	boolean	void	(Z)V	517135
pb	a	byte	void	(B)V	517249
pb	a	byte, int	pb	(BI)Lpb;	517300
pb	toString		java.lang.String	()Ljava/lang/String;	517415
pb	pb	int, int, mj	private	(IILmj;)V	517431
pba	b	boolean	vpa	(Z)Lvpa;	517621
pba	a	nc[], int	nc	([Lnc;I)Lnc;	517662
pbb	a	int, shb, int, int, boolean	void	(ILshb;IIZ)V	517728
pbb	a	asb, int, int, d, java.awt.Canvas	ha	(Lasb;IILd;Ljava/awt/Canvas;)Lha;	517980
pbb	a	int	void	(I)V	518106
pc	paint	java.awt.Graphics	void	(Ljava/awt/Graphics;)V	518155
pc	update	java.awt.Graphics	void	(Ljava/awt/Graphics;)V	518222
pca	b	faa, int	void	(Lfaa;I)V	518276
pca	a	faa, int	void	(Lfaa;I)V	518325
pca	b	byte, tv	void	(BLtv;)V	518381
pca	a	byte, faa	void	(BLfaa;)V	518430
pca	pca		protected	()V	518485
pca	a	tv, int	void	(Ltv;I)V	518492
pca	a	byte, tv	boolean	(BLtv;)Z	518574
pca	a	faa, boolean	void	(Lfaa;Z)V	518635
pca	a	int, int, int	boolean	(III)Z	518686
pca	d	int	void	(I)V	518734
pcb	a	int, boolean, boolean	void	(IZZ)V	518787
pcb	a	java.applet.Applet, java.lang.String, int	void	(Ljava/applet/Applet;Ljava/lang/String;I)V	518855
pcb	a	nc[], int	nc	([Lnc;I)Lnc;	518989
pd	c	byte	void	(B)V	519069
pda	a	int, int, int, int, int, int, int	void	(IIIIIII)V	519175
pda	a	nc[], int	nc	([Lnc;I)Lnc;	519320
pdb	a	nc[], int	nc	([Lnc;I)Lnc;	519388
pdb	a	byte, long	jk	(BJ)Ljk;	519442
pe	a	rba, byte	void	(Lrba;B)V	519561
pe	a	byte, boolean, int, int, int	boolean	(BZIII)Z	519613
pe	a	faa, int	void	(Lfaa;I)V	519735
pe	a	int, int, int, int, int, int, int, int, int	void	(IIIIIIIII)V	520111
pe	k	int	void	(I)V	520238
pe	g	int, int	void	(II)V	520484
pe	a	tj, int, int, byte, int, int	void	(Ltj;IIBII)V	520549
pe	a	nbb, int, boolean, sg, int, int	boolean	(Lnbb;IZLsg;II)Z	521140
pe	d	byte	qob[]	(B)[Lqob;	521817
pe	a	int, bea	void	(ILbea;)V	521851
pe	a	int, int, int, int, int, int, int, int[], byte	void	(IIIIIII[IB)V	521892
pe	a	int, ml, anb	void	(ILml;Lanb;)V	522237
pe	a	int, byte, anb	void	(IBLanb;)V	522355
pe	a	tv, int	void	(Ltv;I)V	522405
pe	j	int	it[]	(I)[Lit;	523189
pe	b	int, byte, anb	void	(IBLanb;)V	523224
pe	a	int, ml, imb, boolean, byte, sg, nbb	boolean	(ILml;Limb;ZBLsg;Lnbb;)Z	523276
pe	a	ml, sg, ml, int, int, ml	boolean	(Lml;Lsg;Lml;IILml;)Z	523618
pe	d	boolean	int	(Z)I	523914
pe	e	boolean	int	(Z)I	523947
pe	a	byte, rdb	void	(BLrdb;)V	523989
pe	a	int, boolean, int	void	(IZI)V	524034
pe	a	int, boolean, nwa, tfa[], lbb, int, tfa[]	void	(IZLnwa;[Ltfa;Llbb;I[Ltfa;)V	524121
pe	b	int, byte	void	(IB)V	524846
pe	a	anb, int, tj	boolean	(Lanb;ILtj;)Z	524881
pe	a	tfa[], int, tfa[], int	void	([Ltfa;I[Ltfa;I)V	524970
pe	a	boolean, boolean, int	boolean	(ZZI)Z	525519
pe	m	int	int	(I)I	525603
pe	a	crb[], boolean, ij	void	([Lcrb;ZLij;)V	525633
pe	a	boolean, int, int, byte, boolean, anb, int, anb, ij	boolean	(ZIIBZLanb;ILanb;Lij;)Z	525840
pe	a	nbb, byte	void	(Lnbb;B)V	526162
pe	f	boolean	void	(Z)V	526260
pe	b	anb[], boolean, int	anb	([Lanb;ZI)Lanb;	526407
pe	a	int, long, int	void	(IJI)V	526472
pe	a	int	void	(I)V	526543
pe	l	int	void	(I)V	526735
pe	i	int, int	nbb	(II)Lnbb;	526829
pe	a	lbb, tfa[], byte, nwa	void	(Llbb;[Ltfa;BLnwa;)V	526875
pe	g	byte, int	anb	(BI)Lanb;	529349
pe	b	int, int	boolean	(II)Z	529458
pe	a	int, int, boolean, int	boolean	(IIZI)Z	529532
pe	a	int, cq	void	(ILcq;)V	529699
pe	h	int, int	mqb	(II)Lmqb;	529754
pe	a	anb, anb, gda, int, boolean	void	(Lanb;Lanb;Lgda;IZ)V	529809
pe	a	byte, tj, boolean	void	(BLtj;Z)V	530355
pe	d	byte, int	anb	(BI)Lanb;	530434
pe	a	byte, int	it	(BI)Lit;	530549
pe	a	int, int, anb	void	(IILanb;)V	530621
pe	b	byte, tv	void	(BLtv;)V	530798
pe	a	bba, int	void	(Lbba;I)V	531446
pe	a	byte, tv	boolean	(BLtv;)Z	531506
pe	a	ml, ml, int, sg, int	boolean	(Lml;Lml;ILsg;I)Z	531827
pe	a	int, int, int, int, int, int	rca	(IIIIII)Lrca;	532046
pe	a	int, int, tfa[], lbb	void	(II[Ltfa;Llbb;)V	532337
pe	b	faa, int	void	(Lfaa;I)V	532973
pe	f	byte, int	void	(BI)V	533656
pe	g	int	void	(I)V	533696
pe	a	ij, anb[], anb[], int, int, int, int	boolean	(Lij;[Lanb;[Lanb;IIII)Z	533878
pe	e	int, byte	int	(IB)I	534061
pe	d	int	sg[]	(I)[Lsg;	534149
pe	a	int, byte	void	(IB)V	534182
pe	i	int	rba[]	(I)[Lrba;	534220
pe	b	int, int, int, int, int, int	nbb	(IIIIII)Lnbb;	534254
pe	a	lta, byte, int, sg	void	(Llta;BILsg;)V	534423
pe	e	byte	boolean	(B)Z	534926
pe	a	ij, int, crb[]	void	(Lij;I[Lcrb;)V	534959
pe	a	int, int, int, int, int, int, int	void	(IIIIIII)V	535161
pe	a	nbb, byte, sg, int, vra, int	nbb	(Lnbb;BLsg;ILvra;I)Lnbb;	535225
pe	a	tj, anb, int	boolean	(Ltj;Lanb;I)Z	535373
pe	b	byte	void	(B)V	535464
pe	a	faa, boolean	void	(Lfaa;Z)V	535519
pe	a	crb[], int	void	([Lcrb;I)V	535835
pe	a	int, int, int, int, int, int, int, int	void	(IIIIIIII)V	536400
pe	a	lta, int, lbb	void	(Llta;ILlbb;)V	536531
pe	b	byte, int	void	(BI)V	536587
pe	c	byte	boolean	(B)Z	536633
pe	a	tfa, int, tfa, sg	boolean	(Ltfa;ILtfa;Lsg;)Z	536665
pe	a	int, int, int, boolean, int, int	boolean	(IIIZII)Z	536915
pe	a	int, byte, int, anb[]	anb	(IBI[Lanb;)Lanb;	537039
pe	a	sg, boolean, int, nbb, int, int	void	(Lsg;ZILnbb;II)V	537128
pe	a	boolean, int[], int[]	boolean	(Z[I[I)Z	537590
pe	a	int, lta, int	void	(ILlta;I)V	537692
pe	a	lta, sg, int, int, int	void	(Llta;Lsg;III)V	537990
pe	a	byte, int, int	anb	(BII)Lanb;	538104
pe	a	boolean	crb[]	(Z)[Lcrb;	538200
pe	a	qob, int	void	(Lqob;I)V	538233
pe	a	int, boolean	void	(IZ)V	538280
pe	c	byte, int	void	(BI)V	538320
pe	a	sg, byte	void	(Lsg;B)V	538364
pe	f	int, int	int	(II)I	538451
pe	b	boolean	int	(Z)I	538526
pe	a	tj, boolean	void	(Ltj;Z)V	538589
pe	a	int, int, int, tj, int, int	void	(IIILtj;II)V	538640
pe	a	int, lbb, int	boolean	(ILlbb;I)Z	538856
pe	h	byte	nbb[]	(B)[Lnbb;	538962
pe	a	anb, anb, int	boolean	(Lanb;Lanb;I)Z	538993
pe	a	anb, int	boolean	(Lanb;I)Z	539077
pe	a	int, anb, anb[], int	boolean	(ILanb;[Lanb;I)Z	539177
pe	a	it, byte	void	(Lit;B)V	539290
pe	a	boolean, qob, byte	void	(ZLqob;B)V	539363
pe	a	int, int, int, byte, int, int	nbb	(IIIBII)Lnbb;	539466
pe	c	int, boolean	nbb	(IZ)Lnbb;	539648
pe	c	int	int	(I)I	539745
pe	a	int, nwa, tfa[]	void	(ILnwa;[Ltfa;)V	539795
pe	c	boolean	ij	(Z)Lij;	539936
pe	a	boolean, int, int, int, int	nbb	(ZIIII)Lnbb;	539969
pe	h	int	void	(I)V	540024
pe	a	boolean, int, int, int	anb	(ZIII)Lanb;	540062
pe	a	anb[], boolean, int	void	([Lanb;ZI)V	540266
pe	c	int, byte	void	(IB)V	540356
pe	a	int, int, int[], byte, int, int, int	void	(II[IBIII)V	540404
pe	a	byte	void	(B)V	540547
pe	a	int, vra, boa, sg	void	(ILvra;Lboa;Lsg;)V	540695
pe	a	boolean, lbb, byte, lta	void	(ZLlbb;BLlta;)V	540821
pe	a	nwa, int, tfa[], crb[]	void	(Lnwa;I[Ltfa;[Lcrb;)V	541329
pe	a	int, int, boolean, int, int, sg	void	(IIZIILsg;)V	541881
pe	a	faa, byte	void	(Lfaa;B)V	542416
pe	d	int, int	sg	(II)Lsg;	543145
pe	c	int, int	int	(II)I	543220
pe	g	byte	int	(B)I	543282
pe	a	int, ml, anb, byte, int, ml, anb, int, int	boolean	(ILml;Lanb;BILml;Lanb;II)Z	543315
pe	a	sg, lta, int	void	(Lsg;Llta;I)V	543622
pe	a	tfa, int, sg, lta, byte, sg, int, int, int	void	(Ltfa;ILsg;Llta;BLsg;III)V	543943
pe	a	anb, boolean, boolean, boolean, int	void	(Lanb;ZZZI)V	544259
pe	b	int	void	(I)V	544356
pe	a	byte, anb, ml, wfb	void	(BLanb;Lml;Lwfb;)V	544556
pe	a	byte, rsb	void	(BLrsb;)V	544648
pe	d	int, byte	boolean	(IB)Z	544737
pe	e	int	una	(I)Luna;	544790
pe	f	int	int	(I)I	544820
pe	e	int, int	void	(II)V	544851
pe	a	int, int, int, anb[], int	boolean	(III[Lanb;I)Z	544885
pe	a	int, int, int, int, boolean, int, int	void	(IIIIZII)V	544994
pe	f	byte	ij	(B)Lij;	545127
pe	e	byte, int	cq	(BI)Lcq;	545158
pe	a	cq, int	int	(Lcq;I)I	545225
pe	a	byte, anb, lta	void	(BLanb;Llta;)V	545299
pe	a	tfa, sg, byte, sg, int, int, int, lta	void	(Ltfa;Lsg;BLsg;IIILlta;)V	545393
pe	a	int, byte, int, int	void	(IBII)V	546035
pe	a	int, anb	boolean	(ILanb;)Z	546176
pe	b	int, boolean	void	(IZ)V	546276
pe	a	ij, boolean	void	(Lij;Z)V	546313
pe	a	boolean, int, lbb	boolean	(ZILlbb;)Z	546596
pe	a	ij, byte	void	(Lij;B)V	546711
pe	a	int, int	void	(II)V	547028
pe	a	byte, mqb	void	(BLmqb;)V	547081
pe	a	int, int, int, int, byte	void	(IIIIB)V	547130
pe	a	anb, gda, int, int, anb	void	(Lanb;Lgda;IILanb;)V	547284
pe	a	int, nbb, sg, byte, int	nbb	(ILnbb;Lsg;BI)Lnbb;	547536
pe	a	byte, crb	void	(BLcrb;)V	547628
pe	pe		public	()V	547717
pea	a	long, llb, int, int[], java.lang.String, soa, java.lang.String, byte, int	void	(JLllb;I[ILjava/lang/String;Lsoa;Ljava/lang/String;BI)V	547951
pea	a	boolean	void	(Z)V	548054
peb	a	int, boolean	int[]	(IZ)[I	548109
peb	peb		public	()V	548167
pf	q		boolean	()Z	548565
pf	y	int	void	(I)V	548579
pf	n	int	void	(I)V	548582
pf	KA	int, int, int, int	void	(IIII)V	548614
pf	r	byte	void	(B)V	548750
pf	A	int	oj	(I)Loj;	548788
pf	xa	float	void	(F)V	548824
pf	a	boolean, byte, slb, int	void	(ZBLslb;I)V	548865
pf	v	byte	void	(B)V	548868
pf	G	byte	void	(B)V	548871
pf	c	byte, boolean	void	(BZ)V	548874
pf	l	int	void	(I)V	548939
pf	E	int	oj	(I)Loj;	548997
pf	aa	int, int, int, int, int, int	void	(IIIIII)V	549046
pf	d	int	void	(I)V	549150
pf	j	int	void	(I)V	549197
pf	o	byte	void	(B)V	549200
pf	a	int, byte, slb	void	(IBLslb;)V	549203
pf	f	byte	float	(B)F	549255
pf	C	byte	void	(B)V	549258
pf	B	int	void	(I)V	549377
pf	a	int, boolean, int, byte, int[]	eb	(IZIB[I)Leb;	549380
pf	x		boolean	()Z	549441
pf	b	byte	void	(B)V	549455
pf	p	int	oj	(I)Loj;	549485
pf	za	int, int, int, int, int	void	(IIIII)V	549520
pf	I	int	void	(I)V	549634
pf	h	int, int	void	(II)V	549637
pf	f	int	void	(I)V	549750
pf	u	int	void	(I)V	549785
pf	ZA	int, float, float, float, float, float	void	(IFFFFF)V	549988
pf	i		int	()I	550269
pf	s	int	void	(I)V	550284
pf	f	boolean	void	(Z)V	550331
pf	XA		int	()I	550934
pf	r		boolean	()Z	550949
pf	c	byte	void	(B)V	550963
pf	a	byte, uja	void	(BLuja;)V	551037
pf	a	int, kb, int, int, boolean, byte[]	eb	(ILkb;IIZ[B)Leb;	551040
pf	a	int, int, int, int, int, int, int, int, int, int	void	(IIIIIIIIII)V	551115
pf	d	boolean	void	(Z)V	551120
pf	A	byte	void	(B)V	551196
pf	g	boolean	void	(Z)V	551199
pf	c	boolean	void	(Z)V	551241
pf	a	sw, ima[], boolean	da	(Lsw;[Lima;Z)Lda;	551274
pf	n		boolean	()Z	551323
pf	x	int	void	(I)V	551337
pf	e	boolean	void	(Z)V	551376
pf	z	int	void	(I)V	551379
pf	p	byte	void	(B)V	551881
pf	c	boolean, int	void	(ZI)V	551884
pf	a		boolean	()Z	551937
pf	k	byte	void	(B)V	551951
pf	a	int, qma[]	vmb	(I[Lqma;)Lvmb;	552236
pf	o	int	void	(I)V	552239
pf	a	float, float, byte, float, float, float, float	boolean	(FFBFFFF)Z	552242
pf	a	boolean, boolean, int, int, int, boolean	void	(ZZIIIZ)V	552365
pf	F	int	void	(I)V	552607
pf	a	boolean, boolean	void	(ZZ)V	552610
pf	t	int	void	(I)V	552674
pf	v	int	void	(I)V	552677
pf	c	int, int	void	(II)V	552744
pf	h	byte	void	(B)V	552904
pf	e	int, int	void	(II)V	552974
pf	a	boolean, int, int[][], int	hdb	(ZI[[II)Lhdb;	553024
pf	a	cbb, int, int, int, int	ka	(Lcbb;IIII)Lka;	553027
pf	b	int, int, int, int, int, int	void	(IIIIII)V	553080
pf	Y		int[]	()[I	553237
pf	w	byte	void	(B)V	553272
pf	a	int, byte[], kb, int, int, int, boolean, int	eb	(I[BLkb;IIIZI)Leb;	553338
pf	o		void	()V	553341
pf	d	int, int	void	(II)V	553423
pf	a	int, int, int, kb, mj	eb	(IIILkb;Lmj;)Leb;	553426
pf	G	int	void	(I)V	553429
pf	l		boolean	()Z	553432
pf	a	int, int, float[], boolean, int, kb	eb	(II[FZILkb;)Leb;	553446
pf	E	byte	void	(B)V	553525
pf	a	boolean, int, int	jaclib.memory.heap.NativeHeapBuffer	(ZII)Ljaclib/memory/heap/NativeHeapBuffer;	553594
pf	T	int, int, int, int	void	(IIII)V	553637
pf	g	byte	oj	(B)Loj;	553746
pf	y	byte	void	(B)V	553779
pf	t		int	()I	553782
pf	P	int, int, int, int, int	void	(IIIII)V	553799
pf	d		pw	()Lpw;	553848
pf	b	boolean	void	(Z)V	553864
pf	a	jaclib.memory.Buffer, boolean	jaclib.memory.Stream	(Ljaclib/memory/Buffer;Z)Ljaclib/memory/Stream;	554196
pf	a	int, float[]	float[]	(I[F)[F	554243
pf	a	int, vmb	void	(ILvmb;)V	554397
pf	a	int, slb, int	void	(ILslb;I)V	554400
pf	B	byte	void	(B)V	554452
pf	F	byte	void	(B)V	554498
pf	m	byte	void	(B)V	554557
pf	f		boolean	()Z	554560
pf	a	byte, int	uda	(BI)Luda;	554575
pf	s	int, int, int, int, int	void	(IIIII)V	554676
pf	a	int, kb, mj	boolean	(ILkb;Lmj;)Z	554790
pf	a	byte, java.awt.Canvas	java.lang.Object	(BLjava/awt/Canvas;)Ljava/lang/Object;	554793
pf	a	int, boolean	void	(IZ)V	554796
pf	a	byte, boolean	vca	(BZ)Lvca;	554799
pf	f	int, int	void	(II)V	554802
pf	c	int	void	(I)V	554866
pf	h	int	void	(I)V	554905
pf	a	ura, int	void	(Lura;I)V	554939
pf	a	boolean, int	mkb	(ZI)Lmkb;	555023
pf	b	byte, boolean	void	(BZ)V	555026
pf	H	int	void	(I)V	555089
pf	U	int, int, int, int, int	void	(IIIII)V	555256
pf	m		boolean	()Z	555305
pf	a	int, int, int	boolean	(III)Z	555319
pf	a	jra, int, int, int	void	(Ljra;III)V	555413
pf	C	int	void	(I)V	555416
pf	K	int[]	void	([I)V	555419
pf	DA	int, int, int, int	void	(IIII)V	555468
pf	a	int, int, byte[], kb, int, int	gf	(II[BLkb;II)Lgf;	555527
pf	H	byte	oj	(B)Loj;	555530
pf	g	int, int	void	(II)V	555565
pf	x	byte	void	(B)V	555614
pf	w	int	void	(I)V	555661
pf	a	int[], int, int, int, int, boolean	aja	([IIIIIZ)Laja;	555664
pf	w		boolean	()Z	555721
pf	a	int, int, int, int, int, int, int	void	(IIIIIII)V	555735
pf	a	int, int, boolean	aja	(IIZ)Laja;	555908
pf	r	int	void	(I)V	555945
pf	a	boolean, int, boolean, slb, int	void	(ZIZLslb;I)V	555948
pf	J	int	hdb	(I)Lhdb;	555951
pf	D	int	int	(I)I	555994
pf	a	boolean, byte, boolean, int	void	(ZBZI)V	556027
pf	b	boolean, int	void	(ZI)V	556264
pf	d	boolean, int	void	(ZI)V	556321
pf	a	int, jra, int	void	(ILjra;I)V	556380
pf	g	int	int	(I)I	556434
pf	d	int, int, int, int, int, int	void	(IIIIII)V	556470
pf	m	int	void	(I)V	556591
pf	z	byte	oj	(B)Loj;	556594
pf	c		boolean	()Z	556628
pf	t	byte	int	(B)I	556642
pf	e	byte	void	(B)V	556672
pf	h		boolean	()Z	556969
pf	k	int	void	(I)V	556983
pf	s	byte	void	(B)V	557040
pf	a	byte, mkb, int	void	(BLmkb;I)V	557043
pf	D	byte	int	(B)I	557046
pf	a	int, boolean, int[], int, int, boolean, int	eb	(IZ[IIIZI)Leb;	557086
pf	n	byte	void	(B)V	557089
pf	p		boolean	()Z	557188
pf	a	kba, boolean	void	(Lkba;Z)V	557202
pf	q	byte	void	(B)V	557253
pf	i	byte	void	(B)V	557282
pf	q	int	void	(I)V	557285
pf	a	aba, boolean, aba	void	(Laba;ZLaba;)V	557342
pf	l	byte	void	(B)V	557442
pf	d	byte	void	(B)V	557445
pf	i	int	void	(I)V	557476
pf	a	ima, boolean	aja	(Lima;Z)Laja;	557571
pf	k		boolean	()Z	557771
pf	h	boolean	void	(Z)V	557785
pf	e		boolean	()Z	557788
pf	j	byte	void	(B)V	557807
pf	e	int	za	(I)Lza;	557810
pf	a	boolean	int	(Z)I	557843
pf	a	kb, float[], boolean, int, int, int, boolean, int	eb	(Lkb;[FZIIIZI)Leb;	557875
pf	u	byte	int	(B)I	557878
pf	a	pw	void	(Lpw;)V	557911
pf	a	za	void	(Lza;)V	557977
pf	a	java.awt.Canvas, java.lang.Object, int	void	(Ljava/awt/Canvas;Ljava/lang/Object;I)V	558018
pf	a	mj, kb, int	boolean	(Lmj;Lkb;I)Z	558021
pfa	a	int, jma	void	(ILjma;)V	558100
pfa	a	int, fo, byte	jma	(ILfo;B)Ljma;	558168
pfa	a	fo, byte[], byte, int	jma	(Lfo;[BBI)Ljma;	558308
pfa	a	byte, fo, int	jma	(BLfo;I)Ljma;	558388
pfa	a	int	void	(I)V	558455
pfa	b	int	void	(I)V	558514
pfa	run		void	()V	558624
pfb	b	byte	void	(B)V	558771
pfb	a	int	void	(I)V	558815
pfb	a	int, java.lang.Object, long, int	void	(ILjava/lang/Object;JI)V	558848
pfb	a	java.lang.Object, long, byte	void	(Ljava/lang/Object;JB)V	558967
pfb	a	byte	java.lang.Object	(B)Ljava/lang/Object;	559020
pfb	a	boolean, int	void	(ZI)V	559104
pfb	a	boolean	java.lang.Object	(Z)Ljava/lang/Object;	559236
pfb	b	int, long	java.lang.Object	(IJ)Ljava/lang/Object;	559314
pfb	a	is, int	void	(Lis;I)V	559434
pfb	a	int, long	void	(IJ)V	559490
pfb	pfb	int, int	private	(II)V	559540
pg	a	nc[], int	nc	([Lnc;I)Lnc;	559620
pga	a	java.awt.Canvas, boolean	void	(Ljava/awt/Canvas;Z)V	559682
pga	a	int	void	(I)V	559743
pga	a	nc[], int	nc	([Lnc;I)Lnc;	559787
pgb	a	int, int, int, faa, int[]	void	(IIILfaa;[I)V	559891
pgb	a	int	int	(I)I	560061
pgb	a	byte	void	(B)V	560146
ph	a	byte, int	java.lang.String	(BI)Ljava/lang/String;	560380
ph	a	nc[], int	nc	([Lnc;I)Lnc;	560480
pha	a	int	void	(I)V	560551
pha	a	nc[], int	nc	([Lnc;I)Lnc;	560597
phb	a	int[], int[], int, int, int, int, int, int, int, int, int, int	void	([I[IIIIIIIIIII)V	560680
phb	d		phb	()Lphb;	560742
phb	c	int, int	void	(II)V	560795
phb	c	int, int, int, int	void	(IIII)V	560942
phb	a	int, int[], int[], int, int, int, int, int, int, int	void	(I[I[IIIIIIII)V	561363
phb	d	int, int	void	(II)V	561454
phb	e		void	()V	561593
phb	b	int, int	void	(II)V	561832
phb	a	int[], int[], int, int, int, int, int, int, int	void	([I[IIIIIIII)V	561981
phb	b		void	()V	562101
phb	a	int, int, int, int, int, int	void	(IIIIII)V	562113
phb	e	int, int, int	void	(III)V	563756
phb	b	int[], int[], int, int, int, int, int, int, int, int	void	([I[IIIIIIIII)V	563905
phb	a	int, int	void	(II)V	563982
phb	b	int, int, int, int, int, int	void	(IIIIII)V	564130
phb	b	int, int, int	void	(III)V	565222
phb	c		void	()V	565370
phb	b	int, int, int, int	void	(IIII)V	565457
phb	c	int, int, int	void	(III)V	565694
phb	a		phb	()Lphb;	565868
phb	a	int[], int[], int, int, int, int, int, int	void	([I[IIIIIII)V	565947
phb	a	int, int, int, int[], int[], int, int, int, int, int, int, int, int, int	void	(III[I[IIIIIIIIII)V	566028
phb	a	int, int, int, int, int	void	(IIIII)V	566123
phb	a	int[], int[], int, int, int, int, int, int, int, int	void	([I[IIIIIIIII)V	566474
phb	b	int[], int[], int, int, int, int, int, int, int	void	([I[IIIIIIII)V	566661
phb	a	int[], int, int, int, int, int, int, int	void	([IIIIIIII)V	566813
phb	d	int, int, int	void	(III)V	567017
phb	a	int, int, int, int[], int[], int, int, int, int, int, int, int, int	void	(III[I[IIIIIIIII)V	567166
pi	a	ds, int, int	void	(Lds;II)V	567332
pi	a	int	java.lang.String	(I)Ljava/lang/String;	567540
pi	e	byte	void	(B)V	567611
pi	a	ds, int	void	(Lds;I)V	567674
pi	a	byte, boolean, boolean	void	(BZZ)V	567745
pia	e	int	void	(I)V	567824
pia	d	int	void	(I)V	567857
pia	a	int, int, int, shb	void	(IIILshb;)V	567935
pia	b	int, int, int, int	void	(IIII)V	568093
pia	a	int, int, int, htb, int	void	(IIILhtb;I)V	568167
pib	d	int	void	(I)V	568279
pib	a	int, int	void	(II)V	568380
pib	b	byte	int	(B)I	568427
pib	a	asb, int, int, int	phb[]	(Lasb;III)[Lphb;	568458
pib	e	int	void	(I)V	568518
pib	c	int	boolean	(I)Z	568560
pib	b	int	int	(I)I	568623
pib	a	byte	int	(B)I	568656
pib	a	int, boolean	void	(IZ)V	568710
pib	a	byte, boolean	void	(BZ)V	568758
pj	a	byte, int	asb	(BI)Lasb;	568899
pj	a	ha, sw, da, int, int, int, int, int, int, int	void	(Lha;Lsw;Lda;IIIIIII)V	568962
pj	a	nc[], int	nc	([Lnc;I)Lnc;	569056
pja	e	int	void	(I)V	569150
pja	a	int, int, ds	void	(IILds;)V	569197
pja	a	int	int	(I)I	569254
pja	c	int	void	(I)V	569287
pja	pja		public	()V	569326
pja	b	byte, int, int	int	(BII)I	569338
pja	d	int	void	(I)V	569414
pja	f	int	boolean	(I)Z	569450
pja	a	int, int	int[][]	(II)[[I	569525
pjb	j	int	boolean	(I)Z	569763
pjb	a	int, int, int, int, int, int, int, int	void	(IIIIIIII)V	569850
pjb	a	faa, tv[], int, int, java.lang.Class[], int	void	(Lfaa;[Ltv;II[Ljava/lang/Class;I)V	569932
pjb	a	int, int, byte, boolean	int	(IIBZ)I	570107
pjb	e	byte	void	(B)V	570235
pjb	a	long, boolean	jk	(JZ)Ljk;	570278
pjb	i	int	boolean	(I)Z	570316
pjb	a	int, int, byte, int	void	(IIBI)V	570425
pjb	a	boolean	boolean	(Z)Z	570695
pjb	b	boolean	boolean	(Z)Z	570737
pjb	h	int	boolean	(I)Z	570848
pk	a	nc[], int	nc	([Lnc;I)Lnc;	571098
pk	a	int, int, boolean, int, int	void	(IIZII)V	571142
pka	a	nc[], int	nc	([Lnc;I)Lnc;	571205
pkb	a	nc[], int	nc	([Lnc;I)Lnc;	571274
pl	c	byte	khb[]	(B)[Lkhb;	571338
pl	b	byte	void	(B)V	571383
pla	b	int, int, int, int	void	(IIII)V	571430
pla	a	int	void	(I)V	571673
pla	d	byte	java.lang.String	(B)Ljava/lang/String;	571713
pla	a	int, shb	boolean	(ILshb;)Z	571755
pla	a	int, int, int, shb	void	(IIILshb;)V	571793
pla	a	int, int	boolean	(II)Z	571846
plb	a	int, boolean, int	boolean	(IZI)Z	571937
plb	a	int	void	(I)V	571982
plb	a	llb, llb, boolean	void	(Lllb;Lllb;Z)V	572015
plb	a	nc[], int	nc	([Lnc;I)Lnc;	572114
pm	e	byte	void	(B)V	572179
pm	a	int, int, int, java.lang.String, int, int, byte	void	(IIILjava/lang/String;IIB)V	572270
pm	a	nc[], int	nc	([Lnc;I)Lnc;	572371
pma	a	nc[], int	nc	([Lnc;I)Lnc;	572448
pma	e	byte	void	(B)V	572499
pmb	a	int, int, int	int	(III)I	572560
pmb	a	int, ds	cp	(ILds;)Lcp;	572682
pmb	a	nc[], int	nc	([Lnc;I)Lnc;	572756
pmb	a	int	void	(I)V	572801
pn	a	byte	tv	(B)Ltv;	572858
pn	a	int	void	(I)V	572891
pn	a	int, int	tv[]	(II)[Ltv;	572921
pnb	hasNext		boolean	()Z	572976
pnb	next		java.lang.Object	()Ljava/lang/Object;	573069
pnb	a	int	void	(I)V	573160
pnb	remove		void	()V	573247
po	a	nc[], int	nc	([Lnc;I)Lnc;	573300
po	a	int	void	(I)V	573346
poa	a	nc[], int	nc	([Lnc;I)Lnc;	573402
poa	a	int, asb	boolean	(ILasb;)Z	573445
pob	a	byte, float	float	(BF)F	573506
pob	b	byte, tv	void	(BLtv;)V	573555
pob	a	int, int[], rsb	void	(I[ILrsb;)V	573612
pob	a	int	java.lang.String	(I)Ljava/lang/String;	573669
pob	a	int, int	int	(II)I	573718
pob	a	pe, int	ucb	(Lpe;I)Lucb;	573762
pob	b	int	int	(I)I	573802
pob	a	tv, int	void	(Ltv;I)V	573833
pob	a	pe, boolean, int, int	void	(Lpe;ZII)V	573948
pob	a	byte	void	(B)V	574024
pob	a	faa, boolean	void	(Lfaa;Z)V	574054
pob	b	faa, int	void	(Lfaa;I)V	574103
pob	a	byte, tv	boolean	(BLtv;)Z	574161
pp	a	int	void	(I)V	574309
pp	a	nc[], int	nc	([Lnc;I)Lnc;	574346
ppa	a	int, int, boolean	int	(IIZ)I	574411
ppa	a	nc[], int	nc	([Lnc;I)Lnc;	574466
ppa	b	boolean	void	(Z)V	574515
ppb	a	int	void	(I)V	574584
ppb	a	java.lang.Object, int, boolean, int	byte[]	(Ljava/lang/Object;IZI)[B	574623
ppb	a	java.lang.String, int, byte	rb	(Ljava/lang/String;IB)Lrb;	574715
pq	a	int, e	void	(ILe;)V	574799
pq	b	byte	void	(B)V	574835
pq	a	boolean	void	(Z)V	574856
pq	a	byte	void	(B)V	574888
pqa	a	boolean, int	int	(ZI)I	574946
pqa	a	int, int	boolean	(II)Z	575006
pqa	a	int, int, int, int, int, int, int, int, int, int	void	(IIIIIIIIII)V	575061
pqa	a	nc[], int	nc	([Lnc;I)Lnc;	575296
pqa	a	int	void	(I)V	575341
pqb	a	nc[], int	nc	([Lnc;I)Lnc;	575394
pr	a	fh, byte, long	void	(Lfh;BJ)V	575475
pr	e	int	fh	(I)Lfh;	575560
pr	b	int	void	(I)V	575657
pr	d	int	fh	(I)Lfh;	575690
pr	a	int, long	fh	(IJ)Lfh;	575783
pr	a	int	void	(I)V	575867
pr	c	int	fh	(I)Lfh;	575900
pra	a	nc[], int	nc	([Lnc;I)Lnc;	576028
pra	a	boolean, boolean	void	(ZZ)V	576073
pra	a	int	void	(I)V	576364
prb	e	byte	ri[]	(B)[Lri;	576418
prb	b	boolean	void	(Z)V	576505
prb	a	boolean, int	phb[]	(ZI)[Lphb;	576547
prb	a	nc[], int	nc	([Lnc;I)Lnc;	576591
ps	a	java.lang.String, int	byte[]	(Ljava/lang/String;I)[B	576649
ps	a	byte, byte[]	void	(B[B)V	576776
ps	a	int, int, int	byte[]	(III)[B	576779
ps	a	int	void	(I)V	576789
ps	b	int	byte[]	(I)[B	576820
psa	a	nc[], int	nc	([Lnc;I)Lnc;	576842
psa	e	int	void	(I)V	576895
psa	a	int	void	(I)V	577181
psb	a	java.lang.String, int	ge	(Ljava/lang/String;I)Lge;	577229
psb	a	byte[], int, int	int	([BII)I	577288
psb	a	boolean	void	(Z)V	577339
pt	a	int, int	java.lang.String	(II)Ljava/lang/String;	577380
pt	a	int, int, tv[], dja, int, faa	tv[]	(II[Ltv;Ldja;ILfaa;)[Ltv;	577433
pt	a	nc[], int	nc	([Lnc;I)Lnc;	577600
pta	a	nc[], int	nc	([Lnc;I)Lnc;	577656
ptb	a	byte, tv	boolean	(BLtv;)Z	577738
ptb	a	pe, boolean	void	(Lpe;Z)V	577835
ptb	a	byte, boolean, java.lang.String	int	(BZLjava/lang/String;)I	577905
ptb	b	faa, int	void	(Lfaa;I)V	577957
ptb	b	byte	void	(B)V	578023
ptb	a	faa, boolean	void	(Lfaa;Z)V	578054
ptb	b	byte, tv	void	(BLtv;)V	578115
ptb	a	tv, int	void	(Ltv;I)V	578187
pu	a	byte	tv	(B)Ltv;	578415
pu	a	byte, int	int	(BI)I	578448
pu	a	int	void	(I)V	578539
pu	a	int, int	tv[]	(II)[Ltv;	578575
pua	a	int	void	(I)V	578684
pua	a	nc[], int	nc	([Lnc;I)Lnc;	578724
pv	a	byte	tv	(B)Ltv;	578783
pv	a	int, int	tv[]	(II)[Ltv;	578823
pva	a	int	int	(I)I	578882
pva	a	boolean	boolean	(Z)Z	578911
pva	b	byte	int	(B)I	578941
pva	c	byte	boolean	(B)Z	578973
pva	d	int	void	(I)V	579004
pva	d	byte	int	(B)I	579042
pw	pw		protected	()V	579096
pw	a	int, int, int, int, int, int	void	(IIIIII)V	579103
pw	a	byte	void	(B)V	579106
pwa	a	tv, int	void	(Ltv;I)V	579599
pwa	b	faa, int	void	(Lfaa;I)V	579906
pwa	a	int	void	(I)V	580015
pwa	b	byte, tv	void	(BLtv;)V	580045
pwa	toString		java.lang.String	()Ljava/lang/String;	580194
pwa	a	byte, tv	boolean	(BLtv;)Z	580231
pwa	a	faa, boolean	void	(Lfaa;Z)V	580414
q	d		int	()I	580585
q	a		void	()V	580625
q	f	int	void	(I)V	580646
q	b		void	()V	580658
q	e	int	void	(I)V	580665
q	a	byte[]	void	([B)V	580683
q	e		int	()I	580778
q	a	int, int	int	(II)I	580786
q	a	int	long	(I)J	580897
q	c	int	void	(I)V	580911
q	f		boolean	()Z	580923
q	c		void	()V	580947
q	d	int	int	(I)I	580956
q	b	int	int	(I)I	580966
q	g		boolean	()Z	581080
q	a	long	void	(J)V	581121
qa	a	nc[], int	nc	([Lnc;I)Lnc;	581704
qa	a	byte, java.awt.Canvas	void	(BLjava/awt/Canvas;)V	581758
qa	e	byte	void	(B)V	581814
qa	a	int, java.lang.String, int	void	(ILjava/lang/String;I)V	581850
qaa	a	byte	tv	(B)Ltv;	581935
qaa	a	int, int, int, int, int, int, int, int[], int	void	(IIIIIII[II)V	581968
qaa	a	int, int	tv[]	(II)[Ltv;	582629
qab	a	int	char	(I)C	582706
qab	toString		java.lang.String	()Ljava/lang/String;	582747
qab	a	byte	boolean	(B)Z	582779
qab	b	int	void	(I)V	582825
qab	a	int, int	boolean	(II)Z	582859
qb	a	int	void	(I)V	582974
qb	a	byte	tv	(B)Ltv;	583004
qb	a	int, int	tv[]	(II)[Ltv;	583037
qba	a	int, int, int, int, int	void	(IIIII)V	584022
qba	a	int, int, ds	void	(IILds;)V	584073
qba	qba		public	()V	584140
qba	a	int, boolean	int[]	(IZ)[I	584149
qba	a	int, int	int[][]	(II)[[I	584279
qbb	a	byte	tv	(B)Ltv;	584526
qbb	a	int, int	tv[]	(II)[Ltv;	584559
qc	b	int, int, java.lang.String	llb	(IILjava/lang/String;)Lllb;	584658
qc	a	int, int, java.lang.String	void	(IILjava/lang/String;)V	584724
qc	c	int	boolean	(I)Z	584844
qc	a	byte, java.lang.String	void	(BLjava/lang/String;)V	584877
qc	a	int, byte, java.lang.String	ij	(IBLjava/lang/String;)Lij;	584923
qc	a	byte	void	(B)V	585087
qc	d	int	java.lang.String[]	(I)[Ljava/lang/String;	585119
qc	a	java.lang.String, int	void	(Ljava/lang/String;I)V	585122
qc	b	byte	void	(B)V	585205
qc	a	byte, int, int	llb	(BII)Lllb;	585543
qc	a	int, java.lang.String	boolean	(ILjava/lang/String;)Z	585596
qc	a	int	void	(I)V	585599
qc	b	int	asb	(I)Lasb;	585602
qc	a	int, int	llb	(II)Lllb;	585636
qc	a	boolean, byte	void	(ZB)V	585681
qc	a	java.lang.String, boolean, int	void	(Ljava/lang/String;ZI)V	585920
qc	a	int, byte	llb	(IB)Lllb;	586045
qc	a	boolean	void	(Z)V	586090
qc	a	int, char, int	boolean	(ICI)Z	586171
qc	a	java.lang.Object, int	void	(Ljava/lang/Object;I)V	586428
qca	qca	long, llb, llb, java.lang.String	private	(JLllb;Lllb;Ljava/lang/String;)V	586762
qca	a	int, int, int, boolean, int	void	(IIIZI)V	586850
qca	a	int, int, int, int, int, boolean	void	(IIIIIZ)V	586904
qca	a	int, int	void	(II)V	586962
qca	b	int, int	int	(II)I	587040
qcb	a	int, byte[], int, int	byte[]	(I[BII)[B	587195
qcb	a	int	void	(I)V	587262
qcb	a	nc[], int	nc	([Lnc;I)Lnc;	587299
qd	a	int, java.applet.Applet	void	(ILjava/applet/Applet;)V	587374
qd	a	byte	void	(B)V	587431
qda	a		void	()V	587552
qda	a	int, int	int[]	(II)[I	587573
qda	a	ds	void	(Lds;)V	588401
qda	a	int, int, int	int	(III)I	588583
qdb	a	faa, boolean	void	(Lfaa;Z)V	588819
qdb	a	int, int, int, int, int, int, int, int	void	(IIIIIIII)V	588882
qdb	b	byte, tv	void	(BLtv;)V	589087
qdb	a	byte	void	(B)V	589148
qdb	a	byte, tv	boolean	(BLtv;)Z	589193
qdb	b	faa, int	void	(Lfaa;I)V	589276
qdb	a	int, int, int, int, boolean, int, boolean, boolean, int, boolean, int, int, int, boolean	void	(IIIIZIZZIZIIIZ)V	589348
qdb	a	tv, int	void	(Ltv;I)V	589461
qe	a	nc[], int	nc	([Lnc;I)Lnc;	589624
qe	a	byte, int	char	(BI)C	589669
qe	e	byte	void	(B)V	589762
qe	a	int	vcb	(I)Lvcb;	589803
qea	a	nc[], int	nc	([Lnc;I)Lnc;	589886
qea	b	boolean	void	(Z)V	589939
qea	a	byte, int	void	(BI)V	589975
qea	a	int, int, boolean, int, int, int, int	void	(IIZIIII)V	590061
qeb	a	byte	void	(B)V	590161
qf	a	nc[], int	nc	([Lnc;I)Lnc;	590220
qf	a	int, byte	void	(IB)V	590273
qf	a	int	void	(I)V	590356
qfa	d	boolean	void	(Z)V	590834
qfa	a	boolean, boolean, int, int	void	(ZZII)V	590877
qfa	h	int, int	void	(II)V	591102
qfa	b	boolean, int	void	(ZI)V	591154
qfa	a	ima, boolean	aja	(Lima;Z)Laja;	591231
qfa	b	int, int, boolean	void	(IIZ)V	591401
qfa	a	za	void	(Lza;)V	591500
qfa	KA	int, int, int, int	void	(IIII)V	591747
qfa	b	int, jaa	void	(ILjaa;)V	591833
qfa	a	int, uq	void	(ILuq;)V	591909
qfa	a	byte, jaa	void	(BLjaa;)V	591974
qfa	c	int, boolean	void	(IZ)V	592081
qfa	a	int, boolean	void	(IZ)V	592130
qfa	a	cbb, int, int, int, int	ka	(Lcbb;IIII)Lka;	592169
qfa	t	int	void	(I)V	592222
qfa	a	aja, boolean	void	(Laja;Z)V	592272
qfa	a		boolean	()Z	592597
qfa	s	int, int, int, int, int	void	(IIIII)V	592611
qfa	a	sw, ima[], boolean	da	(Lsw;[Lima;Z)Lda;	592862
qfa	xa	float	void	(F)V	592911
qfa	i	int	void	(I)V	592948
qfa	h		boolean	()Z	593024
qfa	K	int[]	void	([I)V	593038
qfa	r	int	void	(I)V	593087
qfa	na	int, int, int, int	int[]	(IIII)[I	593205
qfa	c		boolean	()Z	593278
qfa	a	int, int, int, int, int, int, int	void	(IIIIIII)V	593314
qfa	b	byte, jaa	void	(BLjaa;)V	593374
qfa	s	int	void	(I)V	593477
qfa	n		boolean	()Z	593581
qfa	a	int, int, int, int, int, int, int, int, int, int	void	(IIIIIIIIII)V	593595
qfa	c	boolean	void	(Z)V	593736
qfa	a	int, int, byte	void	(IIB)V	593807
qfa	a	boolean, byte	void	(ZB)V	593862
qfa	d	int, int, int, int, int, int	void	(IIIIII)V	593916
qfa	w	int	void	(I)V	594036
qfa	c	int, int, int, int	void	(IIII)V	594099
qfa	a	byte[], int, int, boolean, byte	uq	([BIIZB)Luq;	594148
qfa	o	int	void	(I)V	594230
qfa	a	int, pib	void	(ILpib;)V	594259
qfa	a	byte, long	void	(BJ)V	594379
qfa	b	int, int	wib	(II)Lwib;	594427
qfa	a	byte, boolean	void	(BZ)V	594454
qfa	u		void	()V	594520
qfa	o		void	()V	594538
qfa	d	int	void	(I)V	594643
qfa	v	int	void	(I)V	594690
qfa	f	byte	void	(B)V	594908
qfa	m	int	void	(I)V	594957
qfa	XA		int	()I	595029
qfa	b		boolean	()Z	595044
qfa	a	float, float, int, float	void	(FFIF)V	595090
qfa	f	int	void	(I)V	595143
qfa	l		boolean	()Z	595181
qfa	a	int, int, int	void	(III)V	595195
qfa	c	byte	void	(B)V	595249
qfa	a	pw	void	(Lpw;)V	595382
qfa	aa	int, int, int, int, int, int	void	(IIIIII)V	595441
qfa	s		boolean	()Z	595557
qfa	a	float, float, int	void	(FFI)V	595587
qfa	a	float, float, boolean, float, float	void	(FFZFF)V	595632
qfa	P	int, int, int, int, int	void	(IIIII)V	595700
qfa	g	byte	void	(B)V	595783
qfa	c	int, int	void	(II)V	595827
qfa	i	int, int	void	(II)V	595944
qfa	e		boolean	()Z	595986
qfa	a	int, int[]	int[]	(I[I)[I	596004
qfa	a	jaa, byte	void	(Ljaa;B)V	596092
qfa	a	int, int, boolean	aja	(IIZ)Laja;	596197
qfa	a	boolean, int, boolean	void	(ZIZ)V	596234
qfa	l	int	void	(I)V	596277
qfa	a	ekb, wib	hf	(Lekb;Lwib;)Lhf;	596365
qfa	a	int, int, int, int	void	(IIII)V	596404
qfa	DA	int, int, int, int	void	(IIII)V	596448
qfa	za	int, int, int, int, int	void	(IIIII)V	596528
qfa	b	int, int, int	void	(III)V	596814
qfa	v		void	()V	596864
qfa	g	int, int	void	(II)V	597703
qfa	q	int	void	(I)V	597751
qfa	a	float, float, float	void	(FFF)V	598042
qfa	d		pw	()Lpw;	598079
qfa	T	int, int, int, int	void	(IIII)V	598095
qfa	ya		void	()V	598190
qfa	b	int, int, int, int, int, int	void	(IIIIII)V	598210
qfa	j	int, int	int	(II)I	598349
qfa	e	int, int	int	(II)I	598426
qfa	r		boolean	()Z	598555
qfa	t		int	()I	598582
qfa	Y		int[]	()[I	598596
qfa	p	int	void	(I)V	598631
qfa	GA	int	void	(I)V	598713
qfa	g	int	void	(I)V	598767
qfa	j	int	void	(I)V	598935
qfa	d	byte	int	(B)I	599027
qfa	a	byte, int	void	(BI)V	599366
qfa	k		boolean	()Z	599408
qfa	q		boolean	()Z	599422
qfa	U	int, int, int, int, int	void	(IIIII)V	599436
qfa	b	boolean	void	(Z)V	599519
qfa	a	boolean	rtb	(Z)Lrtb;	599566
qfa	a	hf	void	(Lhf;)V	599606
qfa	j		void	()V	599611
qfa	n	int	void	(I)V	599710
qfa	d	int, int	void	(II)V	599778
qfa	i		int	()I	600009
qfa	b	byte	void	(B)V	600024
qfa	w		boolean	()Z	600074
qfa	a	boolean, int	void	(ZI)V	600088
qfa	ZA	int, float, float, float, float, float	void	(IFFFFF)V	600151
qfa	k	int	void	(I)V	600400
qfa	c	int, int, int	void	(III)V	600445
qfa	a	jaa, int	void	(Ljaa;I)V	600496
qfa	m		boolean	()Z	600625
qfa	c	int	void	(I)V	600639
qfa	u	int	int	(I)I	601000
qfa	e	boolean	void	(Z)V	601039
qfa	a	int[], int, int, int, int, boolean	aja	([IIIIIZ)Laja;	601091
qfa	b	int, boolean	void	(IZ)V	601148
qfa	f	int, int	void	(II)V	601209
qfa	p		boolean	()Z	601293
qfa	b	int, int, int, int	void	(IIII)V	601307
qfa	e	int	za	(I)Lza;	601355
qfa	h	int	void	(I)V	601388
qfa	a	int, jaa	void	(ILjaa;)V	601445
qfa	e	byte	void	(B)V	601565
qfa	SA	int, int, int, int, int[], int, int	void	(IIII[III)V	601626
qfa	f		boolean	()Z	601710
qfa	h	byte	void	(B)V	601743
qfa	x		boolean	()Z	601776
qfb	a	nc[], int	nc	([Lnc;I)Lnc;	601812
qfb	a	int	void	(I)V	601858
qg	c	int	void	(I)V	601950
qg	a	int	void	(I)V	601981
qg	a	boolean, boolean	void	(ZZ)V	601984
qg	a	boolean, int	void	(ZI)V	601987
qg	a	slb, boolean	int	(Lslb;Z)I	601990
qg	b	int	boolean	(I)Z	602057
qg	a	int, int, int	void	(III)V	602094
qg	a	int, byte, pib	void	(IBLpib;)V	602097
qga	a	java.lang.String, int, byte, java.lang.String[]	void	(Ljava/lang/String;IB[Ljava/lang/String;)V	602116
qga	a	int	void	(I)V	602234
qh	m	byte	void	(B)V	602347
qh	a	int, int, shb, char	boolean	(IILshb;C)Z	602385
qh	l	byte	void	(B)V	602488
qh	a	sba, java.lang.String, int	htb	(Lsba;Ljava/lang/String;I)Lhtb;	602620
qh	a	int, int, int, htb, int	void	(IIILhtb;I)V	602713
qha	b	boolean	void	(Z)V	602809
qha	a	nc[], int	nc	([Lnc;I)Lnc;	602853
qhb	a	nc[], int	nc	([Lnc;I)Lnc;	602910
qhb	e	byte	void	(B)V	602960
qi	a	int, boolean, int[], byte	int[]	(IZ[IB)[I	603019
qi	a	int	void	(I)V	603074
qi	a	nc[], int	nc	([Lnc;I)Lnc;	603110
qia	a	int, int[]	ml	(I[I)Lml;	603183
qia	e	byte	void	(B)V	603229
qia	a	nc[], int	nc	([Lnc;I)Lnc;	603274
qib	a	nc[], int	nc	([Lnc;I)Lnc;	603350
qj	a	byte, java.lang.String	lkb	(BLjava/lang/String;)Llkb;	603401
qj	a	byte	void	(B)V	603477
qja	a	nc[], int	nc	([Lnc;I)Lnc;	603527
qja	a	byte, java.lang.String	boolean	(BLjava/lang/String;)Z	603582
qja	a	int	void	(I)V	603628
qjb	e	byte	int	(B)I	603684
qjb	a	int	int	(I)I	603725
qjb	b	byte	boolean	(B)Z	603777
qjb	a	faa, boolean	void	(Lfaa;Z)V	603836
qjb	a	tv, int	void	(Ltv;I)V	603912
qjb	c	int	odb	(I)Lodb;	604101
qjb	b	boolean	boolean	(Z)Z	604134
qjb	a	byte	mfb	(B)Lmfb;	604206
qjb	a	boolean, boolean	void	(ZZ)V	604240
qjb	d	int	boolean	(I)Z	604274
qjb	d	byte	int	(B)I	604323
qjb	a	int, int, int, int, int, int, int, int, int, int, anb, int, int, int, int, pe, mfb	void	(IIIIIIIIIILanb;IIIILpe;Lmfb;)V	604378
qjb	c	byte	boolean	(B)Z	604849
qjb	a	pe, boolean, int, int, int, anb, int, int, int, int, int, int[]	void	(Lpe;ZIIILanb;IIIII[I)V	604892
qjb	b	byte, tv	void	(BLtv;)V	605569
qjb	a	byte, tv	boolean	(BLtv;)Z	605653
qjb	b	faa, int	void	(Lfaa;I)V	605752
qjb	c	boolean	void	(Z)V	605828
qjb	a	int, anb, int[], int, int, boolean, int, int, pe	void	(ILanb;[IIIZIILpe;)V	605865
qjb	b	int	void	(I)V	606050
qjb	a	int, int, int, wfb, ml	boolean	(IIILwfb;Lml;)Z	606109
qjb	a	boolean	boolean	(Z)Z	606229
qk	a	nc[], int	nc	([Lnc;I)Lnc;	606271
qka	a	boolean	boolean	(Z)Z	606350
qka	a	int, boolean	int	(IZ)I	606517
qkb	d		int	()I	606912
qkb	e		void	()V	606918
qkb	a		f	()Lf;	606958
qkb	c		f	()Lf;	606968
qkb	a	wka	void	(Lwka;)V	606978
qkb	b	f	void	(Lf;)V	607007
qkb	a	int[], int, int	void	([III)V	607017
qkb	c	int[], int, int	void	([III)V	607123
qkb	a	f	void	(Lf;)V	607148
qkb	a	int	void	(I)V	607156
qkb	c	int	void	(I)V	607252
qkb	a	ksa, wka	void	(Lksa;Lwka;)V	607275
qkb	qkb		public	()V	607307
ql	e	byte	void	(B)V	607347
ql	a	nc[], int	nc	([Lnc;I)Lnc;	607377
qla	e	byte	void	(B)V	607439
qla	a	faa, byte, boolean[], int	void	(Lfaa;B[ZI)V	607479
qla	a	nc[], int	nc	([Lnc;I)Lnc;	607586
qlb	a	byte	tv	(B)Ltv;	607650
qlb	a	java.lang.Object[], java.lang.Object, dja, boolean, boolean, int	java.lang.Object[]	([Ljava/lang/Object;Ljava/lang/Object;Ldja;ZZI)[Ljava/lang/Object;	607688
qlb	b	byte	void	(B)V	607936
qlb	a	int, int	tv[]	(II)[Ltv;	607971
qm	a	byte, java.awt.Component, int, int	mab	(BLjava/awt/Component;II)Lmab;	608015
qm	a	nc[], int	nc	([Lnc;I)Lnc;	608107
qma	a	int	int	(I)I	608170
qma	a	boolean, pb	void	(ZLpb;)V	608202
qma	a	int, int	int	(II)I	608264
qma	a	no, int, int, int, int, int, int, int, no, bc, int, int, bc, int, int, int, int, int, bc, int	void	(Lno;IIIIIIILno;Lbc;IILbc;IIIIILbc;I)V	608331
qma	b	int, int	pb	(II)Lpb;	608499
qmb	e	byte	void	(B)V	608649
qmb	a	nc[], int	nc	([Lnc;I)Lnc;	608680
qmb	a	int	boolean	(I)Z	608740
qn	c	byte	void	(B)V	608809
qn	a	int, byte	boolean	(IB)Z	608854
qn	a	char, byte, java.lang.CharSequence	int	(CBLjava/lang/CharSequence;)I	608913
qn	a	boolean	void	(Z)V	608989
qna	a	nc[], int	nc	([Lnc;I)Lnc;	609055
qna	a	int	void	(I)V	609111
qnb	a	java.lang.String, int, java.lang.String	boolean	(Ljava/lang/String;ILjava/lang/String;)Z	609163
qnb	a	int	void	(I)V	609258
qnb	a	byte, char	boolean	(BC)Z	609297
qnb	a	nc[], int	nc	([Lnc;I)Lnc;	609407
qo	a	int	void	(I)V	609472
qo	a	nc[], int	nc	([Lnc;I)Lnc;	609583
qoa	a	int	void	(I)V	609656
qoa	a	int, int, int	void	(III)V	609688
qoa	a	nc[], int	nc	([Lnc;I)Lnc;	609728
qob	a	tv, int	void	(Ltv;I)V	609799
qob	a	byte, tv	boolean	(BLtv;)Z	609911
qob	a	int	void	(I)V	609976
qob	b	faa, int	void	(Lfaa;I)V	610023
qob	a	faa, boolean	void	(Lfaa;Z)V	610079
qob	a	vu, int, vu	boolean	(Lvu;ILvu;)Z	610128
qob	a	boolean	int	(Z)I	610238
qob	a	byte, int, int	boolean	(BII)Z	610271
qob	a	byte	int	(B)I	610332
qob	a	int, boolean	int	(IZ)I	610362
qob	b	byte, tv	void	(BLtv;)V	610404
qob	a	sg, int, int, lta, int	void	(Lsg;IILlta;I)V	610500
qp	a	byte, byte[]	void	(B[B)V	610800
qp	a	boolean, int, int	vu	(ZII)Lvu;	611594
qp	a	boolean, int, java.applet.Applet, java.lang.String	void	(ZILjava/applet/Applet;Ljava/lang/String;)V	612201
qpa	a	boolean	void	(Z)V	612429
qpa	a	byte, byte[]	java.lang.String	(B[B)Ljava/lang/String;	612465
qpb	a	boolean, int, int	int	(ZII)I	612586
qpb	qpb		public	()V	612734
qpb	b	boolean	void	(Z)V	612759
qpb	b	int, int, int, int	void	(IIII)V	612790
qq	d	int	void	(I)V	612945
qq	a	byte	void	(B)V	613009
qq	a	byte, jaggl.MapBuffer	boolean	(BLjaggl/MapBuffer;)Z	613056
qq	a	int, boolean	boolean	(IZ)Z	613147
qq	c	int	long	(I)J	613187
qq	a	boolean, int, int	int	(ZII)I	613249
qq	a	int	void	(I)V	613329
qq	a	int, int	void	(II)V	613382
qq	a	boolean, boolean, jaggl.MapBuffer	jaclib.memory.Buffer	(ZZLjaggl/MapBuffer;)Ljaclib/memory/Buffer;	613489
qqa	e	byte	void	(B)V	613690
qqa	a	boolean, byte	void	(ZB)V	613723
qqa	qqa		public	()V	613839
qqa	a	int, boolean	int[]	(IZ)[I	613848
qqb	a	int, int	int	(II)I	613986
qqb	b	byte, tv	void	(BLtv;)V	614078
qqb	b	faa, int	void	(Lfaa;I)V	614137
qqb	a	byte, tv	boolean	(BLtv;)Z	614244
qqb	a	faa, boolean	void	(Lfaa;Z)V	614295
qqb	a	int, byte	int	(IB)I	614344
qqb	a	int, wna	void	(ILwna;)V	614436
qqb	a	int	void	(I)V	614487
qqb	a	boolean	int	(Z)I	614535
qqb	a	tv, int	void	(Ltv;I)V	614855
qr	a	int, int, int	void	(III)V	614955
qr	b	int, boolean	void	(IZ)V	615330
qr	a	int, boolean	void	(IZ)V	615375
qr	a	byte, int, ura	void	(BILura;)V	615550
qr	a	int	void	(I)V	615602
qr	a	byte	boolean	(B)Z	615759
qra	a	int	void	(I)V	615802
qra	a	nc[], int	nc	([Lnc;I)Lnc;	615864
qra	e	byte	void	(B)V	615915
qrb	toString		java.lang.String	()Ljava/lang/String;	615966
qrb	qrb		public	()V	615982
qs	a	java.applet.Applet, int, java.lang.String, java.lang.String, long	void	(Ljava/applet/Applet;ILjava/lang/String;Ljava/lang/String;J)V	616008
qs	a	boolean	void	(Z)V	616147
qs	a	int, java.lang.String	boolean	(ILjava/lang/String;)Z	616177
qsa	a	int	void	(I)V	616267
qsb	a	boolean	boolean	(Z)Z	616317
qsb	d	byte	int	(B)I	616348
qsb	d	int	void	(I)V	616379
qsb	b	byte	int	(B)I	616419
qsb	a	int	int	(I)I	616448
qt	a	int, int, int	boolean	(III)Z	616499
qt	a	nc[], int	nc	([Lnc;I)Lnc;	616659
qt	a	int	void	(I)V	616717
qt	a	phb[], int, int, int, int, boolean	void	([Lphb;IIIIZ)V	616748
qta	a	int, int	boolean	(II)Z	616916
qta	a	nc[], int	nc	([Lnc;I)Lnc;	616974
qta	b	boolean	void	(Z)V	617020
qtb	a	nc[], int	nc	([Lnc;I)Lnc;	617076
qtb	a	int	void	(I)V	617122
qu	a	int, java.lang.String, java.lang.String, asb	caa[]	(ILjava/lang/String;Ljava/lang/String;Lasb;)[Lcaa;	617181
qu	a	nc[], int	nc	([Lnc;I)Lnc;	617267
qu	a	ml, int	void	(Lml;I)V	617315
qu	a	llb, int, llb, no, llb, llb, llb, boolean, llb, llb, llb, pjb	void	(Lllb;ILllb;Lno;Lllb;Lllb;Lllb;ZLllb;Lllb;Lllb;Lpjb;)V	617442
qua	a	byte, ml	void	(BLml;)V	617947
qua	a	java.lang.CharSequence, boolean	long	(Ljava/lang/CharSequence;Z)J	618091
qua	a	int, byte, int, int	int	(IBII)I	618159
qua	a	dj, boolean, dj	int	(Ldj;ZLdj;)I	618655
qua	a	boolean, java.lang.String	tpa	(ZLjava/lang/String;)Ltpa;	618752
qua	a	int	void	(I)V	618825
qv	e	byte	void	(B)V	618896
qv	a	nc[], int	nc	([Lnc;I)Lnc;	618926
qva	b	int	void	(I)V	618992
qva	a	tu, int	void	(Ltu;I)V	619152
qva	a	int	void	(I)V	619189
qw	a	boolean	void	(Z)V	619269
qwa	a	int	void	(I)V	619341
qwa	a	nc[], int	nc	([Lnc;I)Lnc;	619374
r	r		protected	()V	619449
r	e	byte	void	(B)V	619456
ra	a	nc[], int	nc	([Lnc;I)Lnc;	619509
ra	a	int, byte, int, int, int	phb[]	(IBIII)[Lphb;	619572
ra	a	int	void	(I)V	619633
raa	a	nc[], int	nc	([Lnc;I)Lnc;	619695
raa	e	int	dj	(I)Ldj;	619756
raa	a	byte, lta	void	(BLlta;)V	619813
raa	a	int	void	(I)V	619896
rab	b	int	void	(I)V	619955
rab	a	tu, int	void	(Ltu;I)V	619981
rab	a	int	void	(I)V	620025
rb	a	int, int, int	boolean	(III)Z	620189
rb	a	byte	void	(B)V	620277
rba	b	lta, int	void	(Llta;I)V	620356
rba	a	byte, tv	boolean	(BLtv;)Z	620424
rba	b	faa, int	void	(Lfaa;I)V	620521
rba	a	tv, int	void	(Ltv;I)V	620590
rba	a	int, byte, int	boolean	(IBI)Z	620771
rba	b	byte, tv	void	(BLtv;)V	620838
rba	a	lta, int	void	(Llta;I)V	620899
rba	a	int, boolean, java.awt.Canvas, int	gpb	(IZLjava/awt/Canvas;I)Lgpb;	621022
rba	a	faa, boolean	void	(Lfaa;Z)V	621104
rba	a	boolean	void	(Z)V	621182
rbb	a	int, int, boolean, int, int, int, int	void	(IIZIIII)V	621340
rbb	a	int, int, int, int, int, int	void	(IIIIII)V	621403
rbb	a	boolean, int, int, java.lang.String	void	(ZIILjava/lang/String;)V	621465
rbb	b	byte	void	(B)V	621771
rbb	a	byte	void	(B)V	621801
rbb	a	byte, java.lang.String, int, int	void	(BLjava/lang/String;II)V	621831
rbb	a	int, int, java.lang.String, int	void	(IILjava/lang/String;I)V	621904
rbb	a	int, byte, int, int, int	void	(IBIII)V	622047
rbb	a	no, int	void	(Lno;I)V	622101
rbb	rbb		public	()V	622695
rc	a	int, byte, int	boolean	(IBI)Z	622717
rc	a	int, int	tv[]	(II)[Ltv;	622771
rc	a	byte	tv	(B)Ltv;	622810
rc	a	int	void	(I)V	622843
rca	a	int	void	(I)V	622903
rcb	b	int, int, int, int	void	(IIII)V	622952
rcb	a	int, int, int, htb, int	void	(IIILhtb;I)V	623048
rcb	a	java.lang.String[], int	void	([Ljava/lang/String;I)V	623147
rcb	a	int, int, shb, char	boolean	(IILshb;C)Z	623380
rd	a	int	void	(I)V	623463
rd	a	nc[], int	nc	([Lnc;I)Lnc;	623494
rd	a	java.lang.String, int	boolean	(Ljava/lang/String;I)Z	623549
rda	a	nc[], int	nc	([Lnc;I)Lnc;	623690
rdb	a	boolean	int	(Z)I	623756
rdb	a	int, byte, int	boolean	(IBI)Z	623790
rdb	a	faa, boolean	void	(Lfaa;Z)V	623849
rdb	a	lta, boolean	void	(Llta;Z)V	623908
rdb	d	int	int	(I)I	623964
rdb	a	int, pe	void	(ILpe;)V	623996
rdb	b	faa, int	void	(Lfaa;I)V	624038
rdb	b	byte, tv	void	(BLtv;)V	624098
rdb	a	int, byte	void	(IB)V	624158
rdb	a	int	int	(I)I	624196
rdb	c	int	void	(I)V	624229
rdb	a	byte, tv	boolean	(BLtv;)Z	624263
rdb	a	tv, int	void	(Ltv;I)V	624389
re	d	int	void	(I)V	624561
re	a	int, java.lang.String, no, int	toa	(ILjava/lang/String;Lno;I)Ltoa;	624597
re	a	int, int, int, java.lang.String, no, int, int, int	void	(IIILjava/lang/String;Lno;III)V	624677
re	a	int, no, int, java.lang.String, int	void	(ILno;ILjava/lang/String;I)V	625066
re	a	int, int, java.lang.String, int, no	void	(IILjava/lang/String;ILno;)V	625210
re	a	int, no, int, int, java.lang.String	void	(ILno;IILjava/lang/String;)V	625357
re	re		public	()V	625497
re	a	int, byte	void	(IB)V	625504
rea	d	int	void	(I)V	625577
rea	c	int	boolean	(I)Z	625613
rea	d	byte	int	(B)I	625644
rea	a	boolean	boolean	(Z)Z	625683
rea	b	byte	int	(B)I	625714
reb	a	boolean	void	(Z)V	625761
rf	a	nc[], int	nc	([Lnc;I)Lnc;	625805
rf	a	int	void	(I)V	625858
rfa	a	nc[], int	nc	([Lnc;I)Lnc;	625916
rfa	e	byte	void	(B)V	625976
rfb	a	byte, int, int	boolean	(BII)Z	626019
rfb	a	nc[], int	nc	([Lnc;I)Lnc;	626065
rg	a	byte	tv	(B)Ltv;	626145
rg	b	byte	int	(B)I	626178
rg	a	int, int	tv[]	(II)[Ltv;	626233
rg	a	int, int, int, int, int, int, int	void	(IIIIIII)V	626270
rg	a	int	void	(I)V	626418
rga	b	byte	boolean	(B)Z	626487
rga	a	byte	void	(B)V	626748
rga	c	byte	boolean	(B)Z	626781
rga	a	boolean, boolean, boolean	void	(ZZZ)V	627041
rgb	a	byte, tv	boolean	(BLtv;)Z	627099
rgb	b	byte, tv	void	(BLtv;)V	627180
rgb	a	boolean	void	(Z)V	627241
rgb	a	faa, boolean	void	(Lfaa;Z)V	627275
rgb	a	pe, boolean	void	(Lpe;Z)V	627330
rgb	a	tv, int	void	(Ltv;I)V	627385
rgb	b	faa, int	void	(Lfaa;I)V	627517
rh	a	int	void	(I)V	627644
rh	a	int, short[], byte	short[]	(I[SB)[S	627677
rh	a	nc[], int	nc	([Lnc;I)Lnc;	627745
rha	a	byte, tv	boolean	(BLtv;)Z	627815
rha	a	int, int, int, int, int	void	(IIIII)V	627900
rha	b	faa, int	void	(Lfaa;I)V	627981
rha	a	float, float, int, float, byte	float	(FFIFB)F	628051
rha	a	tv, int	void	(Ltv;I)V	628116
rha	b	byte, tv	void	(BLtv;)V	628283
rha	a	faa, boolean	void	(Lfaa;Z)V	628340
rhb	a	int	void	(I)V	628463
rhb	a	int, int[]	boolean	(I[I)Z	628506
rhb	a	nc[], int	nc	([Lnc;I)Lnc;	628747
ri	a	int	void	(I)V	628809
ri	toString		java.lang.String	()Ljava/lang/String;	628842
ria	a	nc[], int	nc	([Lnc;I)Lnc;	628909
ria	a	int, java.applet.Applet	void	(ILjava/applet/Applet;)V	628960
ria	e	byte	void	(B)V	629021
ria	a	int	int	(I)I	629073
rib	a	java.awt.Component, byte	void	(Ljava/awt/Component;B)V	629124
rib	a	nc[], int	nc	([Lnc;I)Lnc;	629183
rib	e	byte	void	(B)V	629236
rj	a	int[], int, int	void	([III)V	629299
rj	a	ha, int[], int, int, int	void	(Lha;[IIII)V	629454
rj	a	int	void	(I)V	629467
rj	a	int, int	void	(II)V	629578
rj	b	int, int	void	(II)V	629737
rj	b		void	()V	629836
rj	a	ha, int[], int	void	(Lha;[II)V	629843
rj	b	int	boolean	(I)Z	629857
rj	a	ha, int[], int, int, int, int[], int[]	void	(Lha;[IIII[I[I)V	630064
rj	a		void	()V	630185
rja	e	byte	void	(B)V	630206
rja	a	nc[], int	nc	([Lnc;I)Lnc;	630236
rjb	b	int, byte, int, int	byte[]	(IBII)[B	630299
rjb	a	int, byte, int	void	(IBI)V	630364
rk	listmodes		int[]	()[I	630460
rk	enter	java.awt.Frame, int, int, int, int	void	(Ljava/awt/Frame;IIII)V	630534
rk	exit		void	()V	630678
rk	a	int, java.awt.Frame	void	(ILjava/awt/Frame;)V	630722
rka	a	nc[], int	nc	([Lnc;I)Lnc;	630892
rkb	a	int, tv, faa, int	void	(ILtv;Lfaa;I)V	630962
rkb	a	nc[], int	nc	([Lnc;I)Lnc;	631047
rkb	a	int, int, int	int	(III)I	631097
rl	a	boolean, int, int, int, boolean, int, int, boolean, boolean, boolean	void	(ZIIIZIIZZZ)V	631235
rl	a	nc[], int	nc	([Lnc;I)Lnc;	631496
rl	b	boolean	void	(Z)V	631540
rla	c	boolean	boolean	(Z)Z	631632
rla	b	int, int, int, int	void	(IIII)V	631682
rla	i	byte	void	(B)V	631767
rla	rla		public	()V	631797
rla	a	int, int, shb, char	boolean	(IILshb;C)Z	631967
rla	a	int, int, int, htb, int	void	(IIILhtb;I)V	632056
rlb	b	int	void	(I)V	632180
rlb	a	boolean	void	(Z)V	632212
rlb	a	byte, int	aia	(BI)Laia;	632240
rlb	a	int	void	(I)V	632440
rm	d	byte	java.lang.String	(B)Ljava/lang/String;	632539
rm	b	java.lang.String, int	java.lang.String	(Ljava/lang/String;I)Ljava/lang/String;	632606
rm	f	int	void	(I)V	632658
rm	a	java.lang.String, int	qrb	(Ljava/lang/String;I)Lqrb;	632692
rma	a	int, byte	void	(IB)V	632771
rma	g	int	int	(I)I	632818
rma	a	boolean	int	(Z)I	632854
rma	a	int	int	(I)I	632882
rma	b	int, byte	void	(IB)V	632913
rma	l	int	void	(I)V	632989
rma	g	byte	int	(B)I	633025
rma	d	byte	int	(B)I	633054
rma	i	int	boolean	(I)Z	633083
rma	b	boolean	int	(Z)I	633114
rma	a	byte	int	(B)I	633144
rma	b	int	int	(I)I	633175
rma	h	byte	boolean	(B)Z	633206
rma	k	int	int	(I)I	633235
rma	c	byte	int	(B)I	633267
rma	f	byte	int	(B)I	633298
rma	c	int	int	(I)I	633330
rmb	a	nc[], int	nc	([Lnc;I)Lnc;	633377
rmb	a	int, int	int	(II)I	633422
rmb	a	int, int, int, int, int	void	(IIIII)V	633473
rn	a	int	void	(I)V	633643
rn	a	ds, int	void	(Lds;I)V	633743
rn	a	int, byte, ds	void	(IBLds;)V	633802
rna	a	byte, tv	boolean	(BLtv;)Z	634022
rna	a	pe, boolean, int, int	void	(Lpe;ZII)V	634063
rna	a	int, int	int	(II)I	634107
rna	a	pe, int	ucb	(Lpe;I)Lucb;	634147
rna	a	int[], int[], int	boolean	([I[II)Z	634187
rna	a	int	java.lang.String	(I)Ljava/lang/String;	634290
rna	a	tv, int	void	(Ltv;I)V	634321
rna	b	byte, tv	void	(BLtv;)V	634362
rna	a	faa, boolean	void	(Lfaa;Z)V	634404
rna	b	faa, int	void	(Lfaa;I)V	634444
rna	a	int, int[], rsb	void	(I[ILrsb;)V	634485
rnb	a	int, byte, int, int, int, int	void	(IBIIII)V	634545
rnb	e	byte	void	(B)V	634622
rnb	a	nc[], int	nc	([Lnc;I)Lnc;	634653
rnb	a	int	boolean	(I)Z	634715
ro	a	java.lang.String, int, java.applet.Applet	java.lang.String	(Ljava/lang/String;ILjava/applet/Applet;)Ljava/lang/String;	634769
ro	a	int	void	(I)V	634892
roa	HA		int	()I	635064
roa	H	int, int, int	void	(III)V	635088
roa	a	byte	void	(B)V	635191
roa	V		int	()I	638539
roa	a	int, int, int, int, float, cbb, int, int, long, int, float	short	(IIIIFLcbb;IIJIF)S	638563
roa	O	int, int, int	void	(III)V	638780
roa	b	int	void	(I)V	638893
roa	G		int	()I	639073
roa	a	int	void	(I)V	639097
roa	RA		int	()I	639185
rob	a	int, byte[]	byte[]	(I[B)[B	639419
rob	a	nc[], int	nc	([Lnc;I)Lnc;	639568
rob	a	int	void	(I)V	639615
rob	a	int, int[]	java.lang.String	(I[I)Ljava/lang/String;	639650
rp	a	char, int, int, int, boolean, aa, int, int	void	(CIIIZLaa;II)V	639804
rp	fa	char, int, int, int, boolean	void	(CIIIZ)V	640443
rpa	b	int, int	void	(II)V	640567
rpa	d	int	void	(I)V	640620
rpa	b	int	void	(I)V	640666
rpa	a	int, int, boolean	sg	(IIZ)Lsg;	640709
rpa	a	int, int	void	(II)V	641033
rpa	g	int	boolean	(I)Z	641076
rpa	c	int	void	(I)V	641120
rpa	b	byte	void	(B)V	641165
rpa	a	aia, int, int, int	void	(Laia;III)V	641211
rpa	a	int, nv, byte	void	(ILnv;B)V	641364
rpa	a	int, byte	void	(IB)V	641490
rpa	a	byte	void	(B)V	641554
rpa	f	int	void	(I)V	641597
rpa	a	int	void	(I)V	641628
rpa	e	int	int	(I)I	641674
rpa	a	int, byte, aia	void	(IBLaia;)V	641736
rpb	a		void	()V	641892
rpb	a	ds	void	(Lds;)V	641912
rpb	a	int	int	(I)I	641954
rpb	b	ds	void	(Lds;)V	642046
rq	a	int, java.lang.String, int, java.lang.String, int, shb	int	(ILjava/lang/String;ILjava/lang/String;ILshb;)I	642144
rq	a	shb, int, java.lang.String, int, byte	int	(Lshb;ILjava/lang/String;IB)I	642223
rq	a	int, int, int, htb, int	void	(IIILhtb;I)V	642307
rq	a	int, lca	boolean	(ILlca;)Z	642384
rq	a	int, int, int, shb	void	(IIILshb;)V	642460
rq	d	int	boolean	(I)Z	642513
rq	a	int, shb, byte, java.lang.String, int	int	(ILshb;BLjava/lang/String;I)I	642576
rq	rq		public	()V	642695
rq	e	int	boolean	(I)Z	643233
rq	i	byte	java.lang.String	(B)Ljava/lang/String;	643320
rq	a	shb, int, int, java.lang.String, boolean, int, java.lang.String	int	(Lshb;IILjava/lang/String;ZILjava/lang/String;)I	643350
rq	a	int, int, shb, char	boolean	(IILshb;C)Z	643466
rq	a	int, int, int, kja	void	(IIILkja;)V	643542
rq	j	byte	java.lang.String	(B)Ljava/lang/String;	643626
rq	a	int	void	(I)V	643659
rq	f	int	void	(I)V	643696
rq	a	byte, java.lang.String	void	(BLjava/lang/String;)V	643729
rqa	a	boolean	void	(Z)V	643797
rqa	toString		java.lang.String	()Ljava/lang/String;	643828
rqa	a	boolean, java.lang.String, nc[]	boolean	(ZLjava/lang/String;[Lnc;)Z	643843
rqa	a	nc[], int	nc	([Lnc;I)Lnc;	644149
rqb	a	nc[], int	nc	([Lnc;I)Lnc;	644171
rr	a	int, asb, int, int	caa	(ILasb;II)Lcaa;	644235
rr	a	char, int	char	(CI)C	644296
rr	a	nc[], int	nc	([Lnc;I)Lnc;	644907
rra	a	nc[], int	nc	([Lnc;I)Lnc;	644968
rrb	a	byte	void	(B)V	645023
rrb	a	int, int	int	(II)I	645061
rrb	keyReleased	java.awt.event.KeyEvent	void	(Ljava/awt/event/KeyEvent;)V	645103
rrb	keyTyped	java.awt.event.KeyEvent	void	(Ljava/awt/event/KeyEvent;)V	645201
rrb	keyPressed	java.awt.event.KeyEvent	void	(Ljava/awt/event/KeyEvent;)V	645285
rrb	b	int	abb	(I)Labb;	645434
rrb	a	byte, int, int, int, java.lang.String	int	(BIIILjava/lang/String;)I	645467
rrb	focusLost	java.awt.event.FocusEvent	void	(Ljava/awt/event/FocusEvent;)V	645537
rrb	a	int	void	(I)V	645574
rrb	focusGained	java.awt.event.FocusEvent	void	(Ljava/awt/event/FocusEvent;)V	645608
rsa	a	ml, int	int[]	(Lml;I)[I	645626
rsa	a	int	void	(I)V	645725
rsa	a	nc[], int	nc	([Lnc;I)Lnc;	645766
rsa	a	int, int, int, int, int, int	void	(IIIIII)V	645817
rsb	b	faa, int	void	(Lfaa;I)V	646095
rsb	a	int, int, int	boolean	(III)Z	646224
rsb	a	faa, boolean	void	(Lfaa;Z)V	646406
rsb	a	int, int	void	(II)V	646570
rsb	a	int, byte	tfa	(IB)Ltfa;	646633
rsb	b	byte, tv	void	(BLtv;)V	646691
rsb	a	tv, int	void	(Ltv;I)V	646873
rsb	a	tja, int, int, boolean	void	(Ltja;IIZ)V	647230
rsb	a	faa, int	void	(Lfaa;I)V	647377
rsb	a	faa, byte	void	(Lfaa;B)V	647547
rsb	a	byte, tv	boolean	(BLtv;)Z	647670
rsb	a	boolean, int	void	(ZI)V	647883
rt	b	int	int[][][]	(I)[[[I	647984
rt	a	int, byte	int[][]	(IB)[[I	648055
rt	a	int	void	(I)V	648239
rt	c	int	int	(I)I	648334
rta	a	nc[], int	nc	([Lnc;I)Lnc;	648526
rta	a	int	void	(I)V	648573
rta	a	java.lang.Throwable, java.lang.String	hva	(Ljava/lang/Throwable;Ljava/lang/String;)Lhva;	648608
rta	e	int	boolean	(I)Z	648646
rtb	a	int, int, int, int	boolean	(IIII)Z	648708
rtb	c	byte	void	(B)V	648797
rtb	a	int	void	(I)V	648828
ru	a	nc[], int	nc	([Lnc;I)Lnc;	649004
rua	a	nc[], int	nc	([Lnc;I)Lnc;	649064
rua	e	byte	void	(B)V	649110
rv	a	int, int	void	(II)V	649172
rv	a	int	void	(I)V	649392
rv	a	byte	void	(B)V	649423
rv	a	boolean, int	tpa	(ZI)Ltpa;	649467
rw	d	int	void	(I)V	649560
rw	a	int, int, int[]	void	(II[I)V	649703
rw	c	byte	void	(B)V	650280
rw	rw		public	()V	650362
rw	a	int, int, ds	void	(IILds;)V	650393
rw	a	int, int, int, int, int, int, byte	int	(IIIIIIB)I	650623
rw	e	byte	void	(B)V	650966
rw	a	int, boolean	int[]	(IZ)[I	650999
rw	a	boolean, byte	void	(ZB)V	651056
rwa	a	nc[], int	nc	([Lnc;I)Lnc;	651102
s	a	int	void	(I)V	651176
s	a	nc[], int	nc	([Lnc;I)Lnc;	651209
sa	a	int, int	void	(II)V	651284
sa	a	int[], int, int, int, int	void	([IIIII)V	651383
sa	a	int, int, int[], int[]	void	(II[I[I)V	651396
sa	c		void	()V	651459
sa	b		void	()V	651466
sa	a		void	()V	651473
sa	b	int, int	void	(II)V	651584
sa	a	int[], int, int, int, int, int[], int[]	void	([IIIII[I[I)V	651743
sa	d		boolean	()Z	651777
sa	a	int[], int, int	void	([III)V	651984
saa	a	nc[], int	nc	([Lnc;I)Lnc;	652143
saa	a	int	void	(I)V	652190
sab	a	int, int, int, int, int, int, int, int	void	(IIIIIIII)V	652239
sab	e	byte	boolean	(B)Z	652747
sab	a	boolean[], int, boolean[]	boolean[]	([ZI[Z)[Z	652790
sab	a	nc[], int	nc	([Lnc;I)Lnc;	652875
sb	a	int	boolean	(I)Z	652952
sb	a	int, int, int, int, int, int[], int, byte	void	(IIIII[IIB)V	652972
sb	a	tu, int	void	(Ltu;I)V	653079
sb	c	int	jagdx.IDirect3DBaseTexture	(I)Ljagdx/IDirect3DBaseTexture;	653338
sb	b	byte	int	(B)I	653360
sb	b	int	void	(I)V	653382
sb	a	boolean, byte, boolean	void	(ZBZ)V	653410
sb	b	float, int	float	(FI)F	653437
sb	a	byte	int	(B)I	653459
sb	a	float, int	float	(FI)F	653656
sbb	a	int	void	(I)V	653701
sbb	a	nc[], int	nc	([Lnc;I)Lnc;	653732
sc	a	int	void	(I)V	653923
sc	c	int	void	(I)V	653956
sc	a	byte	qrb	(B)Lqrb;	653989
sc	d	int	java.lang.String	(I)Ljava/lang/String;	654047
sc	b	int	qrb	(I)Lqrb;	654050
sc	c	byte	java.lang.String	(B)Ljava/lang/String;	654060
sca	b	int, int, int, int	void	(IIII)V	654335
sca	d	byte	java.lang.String	(B)Ljava/lang/String;	654465
scb	a	nc[], int	nc	([Lnc;I)Lnc;	654528
scb	a	int	void	(I)V	654573
sd	a	int, bmb, int[], byte[]	boolean	(ILbmb;[I[B)Z	654641
sd	a	int	void	(I)V	654805
sda	a	int, int, int, int, int[], int, int	void	(IIII[III)V	656478
sda	a	int, int, int, int, int, int, int, int	void	(IIIIIIII)V	656543
sda	a	int, int, int, int, int	void	(IIIII)V	658370
sda	b	int, int	void	(II)V	659930
sdb	a	int	java.lang.String	(I)Ljava/lang/String;	667995
sdb	a	nc[], int	nc	([Lnc;I)Lnc;	668423
sdb	e	byte	void	(B)V	668480
se	a	boolean	int	(Z)I	668536
se	a	byte, byte[]	void	(B[B)V	668566
se	a	int, int, int	byte[]	(III)[B	668619
se	b	int	byte[]	(I)[B	668674
se	c	int	void	(I)V	668719
sea	a	int, int, int, int, java.lang.String, int, int	void	(IIIILjava/lang/String;II)V	668770
sea	a	int	int	(I)I	668837
sea	a	nc[], int	nc	([Lnc;I)Lnc;	668868
seb	a	java.lang.String, java.lang.String, int	boolean	(Ljava/lang/String;Ljava/lang/String;I)Z	668931
seb	b	boolean	void	(Z)V	669044
seb	a	int	int	(I)I	669077
seb	b	int, int, int, int	void	(IIII)V	669108
seb	a	nc[], int	nc	([Lnc;I)Lnc;	669219
sf	b	byte[], int[], int, int, int, int, int, int, int, int, int, int, aa, int, int	void	([B[IIIIIIIIIIILaa;II)V	669299
sf	a	char, int, int, int, boolean, aa, int, int	void	(CIIIZLaa;II)V	669535
sf	fa	char, int, int, int, boolean	void	(CIIIZ)V	669763
sf	b	byte[], int[], int, int, int, int, int, int, int	void	([B[IIIIIIII)V	669967
sf	a	byte[], int[], int, int, int, int, int, int, int	void	([B[IIIIIIII)V	670119
sf	a	byte[], int[], int, int, int, int, int, int, int, int, int, int, aa, int, int	void	([B[IIIIIIIIIIILaa;II)V	670221
sfa	b	byte	void	(B)V	670419
sfa	a	byte	boolean	(B)Z	670456
sfa	a	int, ml, tj, byte, int	void	(ILml;Ltj;BI)V	670495
sfa	a	boolean	void	(Z)V	670572
sfa	sfa		public	()V	670605
sfa	a	pe, int, anb, boolean	void	(Lpe;ILanb;Z)V	670624
sfb	c		f	()Lf;	671266
sfb	e		void	()V	671273
sfb	f	float	void	(F)V	671501
sfb	a	int, int[], int, int	int	(I[III)I	671539
sfb	d		int	()I	671580
sfb	c	float	void	(F)V	671586
sfb	a	int	void	(I)V	671594
sfb	a	int[], int, int	void	([III)V	671606
sfb	d	float	void	(F)V	672404
sfb	a	float	void	(F)V	672412
sfb	b	float	void	(F)V	672450
sfb	e	float	void	(F)V	672473
sfb	a		f	()Lf;	672481
sg	g	int, int	void	(II)V	672751
sg	a	faa, int	void	(Lfaa;I)V	672789
sg	q	int	boolean	(I)Z	672992
sg	a	byte, boa	void	(BLboa;)V	673043
sg	w	int	int	(I)I	673087
sg	s	int	boolean	(I)Z	673121
sg	a	int[], int	void	([II)V	673169
sg	a	qua, int	void	(Lqua;I)V	673210
sg	j	byte	boolean	(B)Z	673253
sg	n	int	boolean	(I)Z	673302
sg	d	int	int	(I)I	673336
sg	e	byte	void	(B)V	673367
sg	r	byte	boolean	(B)Z	673401
sg	s	byte	boolean	(B)Z	673431
sg	m	int	void	(I)V	673480
sg	B	int	void	(I)V	673565
sg	a	boolean, pe	void	(ZLpe;)V	673598
sg	c	int, int	void	(II)V	673650
sg	b	int, byte	boolean	(IB)Z	673709
sg	y	int	int	(I)I	673753
sg	q	byte	int	(B)I	673790
sg	n	byte	boa	(B)Lboa;	673823
sg	a	ij, int, boolean, boolean	void	(Lij;IZZ)V	673857
sg	c	int, byte	int	(IB)I	673992
sg	r	int	void	(I)V	674049
sg	a	boolean, lta, int	void	(ZLlta;I)V	674083
sg	a	byte, tv	boolean	(BLtv;)Z	674213
sg	x	int	int	(I)I	674531
sg	p	byte	qua	(B)Lqua;	674563
sg	a	faa, boolean	void	(Lfaa;Z)V	674597
sg	o	byte	int	(B)I	674791
sg	a	pe, int, int, int	boolean	(Lpe;III)Z	674823
sg	a	pe, boolean, byte, boolean	void	(Lpe;ZBZ)V	675102
sg	b	byte, tv	void	(BLtv;)V	675351
sg	f	int, int	void	(II)V	675540
sg	a	aoa, int	void	(Laoa;I)V	675579
sg	t	int	int	(I)I	675625
sg	b	faa, int	void	(Lfaa;I)V	675696
sg	d	int, int	boolean	(II)Z	675890
sg	z	int	void	(I)V	675989
sg	l	int	int	(I)I	676026
sg	p	int	int[]	(I)[I	676059
sg	a	int, byte	void	(IB)V	676090
sg	h	int, int	void	(II)V	676125
sg	v	int	boolean	(I)Z	676165
sg	A	int	int[]	(I)[I	676195
sg	a	byte, int	boolean	(BI)Z	676229
sg	u	int	void	(I)V	676280
sg	a	faa, byte	void	(Lfaa;B)V	676327
sg	t	byte	void	(B)V	676528
sg	m	byte	int	(B)I	676581
sg	o	int	int	(I)I	676617
sg	e	int, int	void	(II)V	676657
sg	a	lta, int, pe	void	(Llta;ILpe;)V	676729
sg	k	byte	aoa	(B)Laoa;	676928
sg	l	byte	boolean	(B)Z	676962
sg	a	int, int, pe, int, int	void	(IILpe;II)V	677003
sg	g	boolean	boolean	(Z)Z	677170
sg	f	boolean	int	(Z)I	677210
sg	C	int	void	(I)V	677240
sg	a	tv, int	void	(Ltv;I)V	677277
sg	sg		public	()V	677952
sga	a	nc[], int	nc	([Lnc;I)Lnc;	678004
sga	e	byte	void	(B)V	678060
sgb	a	int, htb, int, int, int, int, int	void	(ILhtb;IIIII)V	678114
sgb	a	byte, htb, int, int, int, int	void	(BLhtb;IIII)V	678117
sh	a	int, int, int	void	(III)V	678124
sh	a	java.lang.String, java.lang.String, java.lang.String, int	java.lang.String	(Ljava/lang/String;Ljava/lang/String;Ljava/lang/String;I)Ljava/lang/String;	678188
sh	a	int	void	(I)V	678248
sh	a	byte	void	(B)V	678327
sha	a	boolean, vcb, byte	void	(ZLvcb;B)V	678385
sha	f	int	void	(I)V	678442
sha	h	byte	void	(B)V	678577
sha	a	int, java.lang.String, int, int, byte, int, int, eab, int	void	(ILjava/lang/String;IIBIILeab;I)V	678697
sha	d	int	void	(I)V	678800
sha	a	int, int	boolean	(II)Z	678983
sha	a	int, int, shb, char	boolean	(IILshb;C)Z	679043
sha	a	int, int, int, shb	void	(IIILshb;)V	679116
sha	e	int	void	(I)V	679184
sha	a	int, int, int, shb, int, int, int	boolean	(IIILshb;III)Z	679285
shb	a	int, int, shb, char	boolean	(IILshb;C)Z	679428
shb	d	byte	java.lang.String	(B)Ljava/lang/String;	679475
shb	a	java.util.Hashtable, int, byte, java.lang.StringBuilder	boolean	(Ljava/util/Hashtable;IBLjava/lang/StringBuilder;)Z	679515
shb	a	int, int, int, shb	void	(IIILshb;)V	679592
shb	a	boolean	void	(Z)V	679690
shb	a	int, int, int, int, shb, int, byte	boolean	(IIIILshb;IB)Z	679732
shb	b	int, int, int, int	void	(IIII)V	679805
shb	a	byte, int, int, int, shb, int	void	(BIIILshb;I)V	679871
shb	a	int, int, int, int, byte	boolean	(IIIIB)Z	679931
shb	f	byte	void	(B)V	680032
shb	e	byte	boolean	(B)Z	680061
shb	c	byte	void	(B)V	680101
shb	a	int, int, int, shb, int, int, int	boolean	(IIILshb;III)Z	680136
shb	a	int, int, int, int, int	void	(IIIII)V	680198
shb	a	int, int, int	void	(III)V	680273
shb	a	int, shb	boolean	(ILshb;)Z	680346
shb	a	boolean, java.util.Hashtable, int, java.lang.StringBuilder	java.lang.StringBuilder	(ZLjava/util/Hashtable;ILjava/lang/StringBuilder;)Ljava/lang/StringBuilder;	680393
shb	c	int	int	(I)I	680465
shb	a	int, int, char	boolean	(IIC)Z	680502
shb	toString		java.lang.String	()Ljava/lang/String;	680584
shb	a	int, int, java.util.Hashtable, java.lang.StringBuilder	void	(IILjava/util/Hashtable;Ljava/lang/StringBuilder;)V	680608
shb	a	byte, int, int, boolean	boolean	(BIIZ)Z	680807
shb	shb		protected	()V	680992
si	a	nc[], int	nc	([Lnc;I)Lnc;	681204
si	b	boolean	void	(Z)V	681268
si	a	int, int, int	void	(III)V	681303
sia	a	nc[], int	nc	([Lnc;I)Lnc;	681474
sia	a	int, long, java.lang.String, boolean, java.lang.String	oib	(IJLjava/lang/String;ZLjava/lang/String;)Loib;	681535
sib	a	int, int, java.awt.Component, byte	void	(IILjava/awt/Component;B)V	681641
sib	requestTopDownLeftRightResend	java.awt.image.ImageConsumer	void	(Ljava/awt/image/ImageConsumer;)V	681748
sib	startProduction	java.awt.image.ImageConsumer	void	(Ljava/awt/image/ImageConsumer;)V	681753
sib	b	byte	void	(B)V	681785
sib	isConsumer	java.awt.image.ImageConsumer	boolean	(Ljava/awt/image/ImageConsumer;)Z	681842
sib	a	java.awt.Graphics, int, byte, int	void	(Ljava/awt/Graphics;IBI)V	681879
sib	a	int, ds, byte	java.lang.String	(ILds;B)Ljava/lang/String;	681939
sib	removeConsumer	java.awt.image.ImageConsumer	void	(Ljava/awt/image/ImageConsumer;)V	682022
sib	addConsumer	java.awt.image.ImageConsumer	void	(Ljava/awt/image/ImageConsumer;)V	682068
sib	imageUpdate	java.awt.Image, int, int, int, int, int	boolean	(Ljava/awt/Image;IIIII)Z	682116
sj	a	int, int, java.util.Random, boolean, int[]	int	(IILjava/util/Random;Z[I)I	682179
sj	a	boolean, byte	void	(ZB)V	682370
sj	a	nc[], int	nc	([Lnc;I)Lnc;	682438
sj	a	int	void	(I)V	682499
sja	a	int, sja, int, aja, int, int, int	void	(ILsja;ILaja;III)V	682570
sja	a	byte	void	(B)V	682655
sjb	a	tv, byte	void	(Ltv;B)V	682715
sjb	a	faa, byte	void	(Lfaa;B)V	682718
sjb	a	sjb, int	boolean	(Lsjb;I)Z	682721
sjb	a	faa, int	void	(Lfaa;I)V	682724
sk	a	nc[], int	nc	([Lnc;I)Lnc;	682728
sk	a	ds, byte	le	(Lds;B)Lle;	682783
sk	a	int, int, int, int, int	void	(IIIII)V	682871
ska	a	int	java.lang.Object	(I)Ljava/lang/Object;	682980
ska	e	int	void	(I)V	683014
ska	e	byte	boolean	(B)Z	683087
skb	a	java.awt.Color, int, int, boolean, java.lang.String	void	(Ljava/awt/Color;IIZLjava/lang/String;)V	683173
skb	a	nc[], int	nc	([Lnc;I)Lnc;	683497
skb	a	int	void	(I)V	683541
skb	a	int[], int	int	([II)I	683575
sl	a	int	void	(I)V	683687
sl	a	d, byte, int, java.awt.Canvas	ha	(Ld;BILjava/awt/Canvas;)Lha;	683720
sl	a	byte, tjb	void	(BLtjb;)V	683779
sl	a	byte	tv	(B)Ltv;	683846
sl	a	int, int	tv[]	(II)[Ltv;	683879
sla	e	byte	void	(B)V	683941
sla	a	nc[], int	nc	([Lnc;I)Lnc;	683971
slb	slb		public	()V	684030
slb	a	byte	void	(B)V	684037
slb	toString		java.lang.String	()Ljava/lang/String;	684067
sm	a	nc[], int	nc	([Lnc;I)Lnc;	684103
sma	a	int, boolean	int[]	(IZ)[I	684165
sma	sma		public	()V	684280
sma	a	int, int	int[][]	(II)[[I	684295
sma	a	int, int, ds	void	(IILds;)V	684518
smb	a	int, int, ds	void	(IILds;)V	684647
smb	c	byte	void	(B)V	684745
smb	d	int	void	(I)V	684782
smb	a	int, boolean	int[]	(IZ)[I	684960
smb	a	int[], int, int, byte, int[]	void	([IIIB[I)V	685186
smb	smb		public	()V	685379
smb	a	byte, int	boolean	(BI)Z	685401
sn	a	int, int, int, htb, int	void	(IIILhtb;I)V	685460
sn	e	boolean	void	(Z)V	685527
sn	a	int, byte, int, int, int, int, lta	void	(IBIIIILlta;)V	685558
sn	a	int, int, jk, byte, int, soa, int	void	(IILjk;BILsoa;I)V	685625
sn	a	boolean, boolean, tpa	void	(ZZLtpa;)V	685746
sn	a	int	boolean	(I)Z	686021
sna	a	int, int	int[][]	(II)[[I	686092
sna	a	byte[], int, int	byte[]	([BII)[B	686258
sna	a	java.lang.Object, byte	java.lang.Class	(Ljava/lang/Object;B)Ljava/lang/Class;	686311
sna	d	int	void	(I)V	686419
sna	sna		public	()V	686499
sna	a	int, int, ds	void	(IILds;)V	686511
sna	a	int, boolean	int[]	(IZ)[I	686613
sna	c	byte	void	(B)V	686749
snb	a	rsb, byte	boolean	(Lrsb;B)Z	686786
snb	a	nc[], int	nc	([Lnc;I)Lnc;	686857
so	a	byte	void	(B)V	686936
so	a	tv, int	void	(Ltv;I)V	686970
so	a	faa, boolean	void	(Lfaa;Z)V	687084
so	b	faa, int	void	(Lfaa;I)V	687141
so	a	byte, tv	boolean	(BLtv;)Z	687229
so	b	byte, tv	void	(BLtv;)V	687294
soa	a	int, int, int, int, boolean, int, int, int, float	int[][]	(IIIIZIIIF)[[I	687366
soa	a	int, int, int	void	(III)V	687483
soa	a	byte, int, int, boolean, boolean, int	boolean	(BIIZZI)Z	687585
soa	a	boolean, int, boolean, int	void	(ZIZI)V	687648
soa	a	int, int, int, int, int, int, int	void	(IIIIIII)V	688356
soa	a	int, int, boolean, int, int	void	(IIZII)V	688427
soa	a	boolean, boolean, int, int, int, int, int	boolean	(ZZIIIII)Z	688735
soa	a	int, boolean, int, int	void	(IZII)V	688827
sob	m		boolean	()Z	688993
sob	r		boolean	()Z	688999
sob	d		pw	()Lpw;	689005
sob	GA	int	void	(I)V	689013
sob	s	int, int, int, int, int	void	(IIIII)V	689028
sob	w		boolean	()Z	693418
sob	a	boolean	void	(Z)V	693424
sob	a	int[], int, int, int, int, boolean	aja	([IIIIIZ)Laja;	693436
sob	aa	int, int, int, int, int, int	void	(IIIIII)V	693504
sob	ZA	int, float, float, float, float, float	void	(IFFFFF)V	693859
sob	c		boolean	()Z	693878
sob	n		boolean	()Z	693884
sob	v		void	()V	693890
sob	j		void	()V	693895
sob	xa	float	void	(F)V	693958
sob	k		boolean	()Z	693963
sob	a	float, float, float	void	(FFF)V	693969
sob	a	java.lang.Runnable	co	(Ljava/lang/Runnable;)Lco;	693974
sob	a	hf	void	(Lhf;)V	694007
sob	c	int	void	(I)V	694044
sob	d	int	void	(I)V	694135
sob	P	int, int, int, int, int	void	(IIIII)V	694147
sob	a	int, int, boolean	aja	(IIZ)Laja;	694378
sob	y		void	()V	694402
sob	b	java.awt.Canvas, int, int	void	(Ljava/awt/Canvas;II)V	694427
sob	x		boolean	()Z	694479
sob	f		boolean	()Z	694485
sob	e		boolean	()Z	694491
sob	i		int	()I	694497
sob	h		boolean	()Z	694504
sob	a	int, int, int, int	void	(IIII)V	694510
sob	a	int, int, int, int, int, int, int	void	(IIIIIII)V	694515
sob	a	sw, ima[], boolean	da	(Lsw;[Lima;Z)Lda;	694826
sob	b		boolean	()Z	694919
sob	a	ekb, wib	hf	(Lekb;Lwib;)Lhf;	694925
sob	a	java.awt.Canvas, int, int	void	(Ljava/awt/Canvas;II)V	694938
sob	sob	d	private	(Ld;)V	695098
sob	ya		void	()V	695191
sob	Y		int[]	()[I	695425
sob	f	int	void	(I)V	695452
sob	p		boolean	()Z	695485
sob	g		boolean	()Z	695491
sob	u		void	()V	695498
sob	e	int	za	(I)Lza;	695503
sob	a	int, int, int, int, int, int, int, int, int, int	void	(IIIIIIIIII)V	695509
sob	a	java.awt.Canvas	void	(Ljava/awt/Canvas;)V	695753
sob	q		boolean	()Z	695881
sob	KA	int, int, int, int	void	(IIII)V	695887
sob	za	int, int, int, int, int	void	(IIIII)V	695928
sob	s		boolean	()Z	696772
sob	XA		int	()I	696778
sob	o		void	()V	696785
sob	a	pw	void	(Lpw;)V	696823
sob	a	ima, boolean	aja	(Lima;Z)Laja;	696828
sob	a		boolean	()Z	697042
sob	SA	int, int, int, int, int[], int, int	void	(IIII[III)V	697048
sob	b	int, int, int, int, int, int	void	(IIIIII)V	697098
sob	a	za	void	(Lza;)V	697774
sob	T	int, int, int, int	void	(IIII)V	697779
sob	a	cbb, int, int, int, int	ka	(Lcbb;IIII)Lka;	697828
sob	t		int	()I	697842
sob	b	int, int	wib	(II)Lwib;	697848
sob	z		void	()V	697858
sob	na	int, int, int, int	int[]	(IIII)[I	697952
sob	DA	int, int, int, int	void	(IIII)V	698002
sob	U	int, int, int, int, int	void	(IIIII)V	698021
sob	f	int, int	void	(II)V	698243
sob	l		boolean	()Z	698258
sob	A		void	()V	698264
sob	d	int, int, int, int, int, int	void	(IIIIII)V	698285
sob	K	int[]	void	([I)V	698334
sp	a	int	void	(I)V	698373
sp	a	nc[], int	nc	([Lnc;I)Lnc;	698409
spa	a	byte	tv	(B)Ltv;	698475
spa	b	byte	void	(B)V	698508
spa	a	int, int	tv[]	(II)[Ltv;	698574
spa	a	int, boolean	void	(IZ)V	698610
spb	a	byte	void	(B)V	698912
spb	b	int	void	(I)V	698967
spb	a	int	boolean	(I)Z	698996
spb	a	byte, dqb	void	(BLdqb;)V	699041
sq	a	nc[], int	nc	([Lnc;I)Lnc;	699092
sqa	a	nc[], int	nc	([Lnc;I)Lnc;	699158
sqb	a	tv[], tv[], int, dja, boolean	tv[]	([Ltv;[Ltv;ILdja;Z)[Ltv;	699246
sqb	a	int, int, int	int	(III)I	699438
sqb	a	boolean	void	(Z)V	699571
sr	a	int, ds, byte	void	(ILds;B)V	699638
sr	a	int, ds, int, boolean	void	(ILds;IZ)V	699709
sra	a	int	void	(I)V	699931
srb	a	nc[], int	nc	([Lnc;I)Lnc;	699972
ss	a	int[], byte, int[]	void	([IB[I)V	700047
ss	a	int	void	(I)V	700104
ss	a	nc[], int	nc	([Lnc;I)Lnc;	700136
ssa	b	int	boolean	(I)Z	700205
ssa	a	int	void	(I)V	700244
ssb	a	boolean, boolean	void	(ZZ)V	700294
ssb	a	int, byte, pib	void	(IBLpib;)V	700411
ssb	a	int	void	(I)V	700455
ssb	a	boolean, int	void	(ZI)V	700525
ssb	a	int, int, int	void	(III)V	700645
ssb	d	int	void	(I)V	700815
ssb	b	int	boolean	(I)Z	700982
st	a	nc[], int	nc	([Lnc;I)Lnc;	701034
st	a	int	void	(I)V	701087
sta	a	int	void	(I)V	701128
sta	a	nc[], int	nc	([Lnc;I)Lnc;	701171
stb	a	nc[], int	nc	([Lnc;I)Lnc;	701237
stb	a	int	void	(I)V	701283
stb	a	int, int	void	(II)V	701324
stb	a	int, int, faa, tv	void	(IILfaa;Ltv;)V	701373
su	a	nc[], int	nc	([Lnc;I)Lnc;	701466
sua	a	nc[], int	nc	([Lnc;I)Lnc;	701527
sua	a	int	llb	(I)Lllb;	701582
sv	a	int, boolean	void	(IZ)V	701627
sv	a	byte	boolean	(B)Z	701669
sv	a	int, int, int	void	(III)V	701708
sv	a	int	void	(I)V	701744
sv	b	int, boolean	void	(IZ)V	701777
sv	a	byte, int, ura	void	(BILura;)V	701813
sv	e	int	void	(I)V	701865
sva	a	int, boolean	int[]	(IZ)[I	701922
sva	sva		public	()V	702271
sva	a	int, int, ds	void	(IILds;)V	702295
sva	c	byte	void	(B)V	702434
sva	e	byte	boolean	(B)Z	702468
sw	a	java.lang.String, aja[], int[], java.lang.String[], int	int	(Ljava/lang/String;[Laja;[I[Ljava/lang/String;I)I	702537
sw	a	java.lang.String, int, int, aja[]	java.lang.String	(Ljava/lang/String;II[Laja;)Ljava/lang/String;	703263
sw	a	java.lang.String, int	int	(Ljava/lang/String;I)I	703635
sw	a	byte, int, int, int, int, int	void	(BIIIII)V	703680
sw	a	int, java.lang.String, boolean, aja[]	int	(ILjava/lang/String;Z[Laja;)I	703946
sw	a	java.lang.String, int, int, byte, aja[]	int	(Ljava/lang/String;IIB[Laja;)I	704055
sw	a	int, byte	int	(IB)I	704156
sw	a	int, char, int	int	(ICI)I	704549
sw	a	int, java.lang.String, aja[]	int	(ILjava/lang/String;[Laja;)I	704599
swa	mouseReleased	java.awt.event.MouseEvent	void	(Ljava/awt/event/MouseEvent;)V	704890
swa	mouseExited	java.awt.event.MouseEvent	void	(Ljava/awt/event/MouseEvent;)V	704971
swa	mouseDragged	java.awt.event.MouseEvent	void	(Ljava/awt/event/MouseEvent;)V	705010
swa	mouseEntered	java.awt.event.MouseEvent	void	(Ljava/awt/event/MouseEvent;)V	705052
swa	mouseClicked	java.awt.event.MouseEvent	void	(Ljava/awt/event/MouseEvent;)V	705093
swa	focusLost	java.awt.event.FocusEvent	void	(Ljava/awt/event/FocusEvent;)V	705130
swa	focusGained	java.awt.event.FocusEvent	void	(Ljava/awt/event/FocusEvent;)V	705170
swa	mousePressed	java.awt.event.MouseEvent	void	(Ljava/awt/event/MouseEvent;)V	705175
swa	mouseMoved	java.awt.event.MouseEvent	void	(Ljava/awt/event/MouseEvent;)V	705291
t	b	int, bra	void	(ILbra;)V	705356
t	a	int, bra	void	(ILbra;)V	705438
t	a	int, byte	sg	(IB)Lsg;	705499
t	a	int	void	(I)V	705536
ta	a	byte, int	void	(BI)V	705594
ta	a	byte	void	(B)V	705633
ta	a	int[], int, wfb	void	([IILwfb;)V	705666
taa	e	byte	void	(B)V	705865
taa	a	nc[], int	nc	([Lnc;I)Lnc;	705949
tab	a	int	void	(I)V	706015
tab	a	nc[], int	nc	([Lnc;I)Lnc;	706048
tb	a	int	void	(I)V	706123
tba	a	int, byte, int	void	(IBI)V	706184
tba	a	int, java.lang.String, int	java.lang.String	(ILjava/lang/String;I)Ljava/lang/String;	706227
tba	e	byte	void	(B)V	706369
tba	a	int	java.lang.Boolean	(I)Ljava/lang/Boolean;	706401
tba	a	nc[], int	nc	([Lnc;I)Lnc;	706436
tbb	b	byte, tv	void	(BLtv;)V	706515
tbb	b	faa, int	void	(Lfaa;I)V	706605
tbb	a	byte	void	(B)V	706644
tbb	a	byte, int	void	(BI)V	706728
tbb	a	int, int, byte, int, int, int, int	void	(IIBIIII)V	706784
tbb	a	lta, int, int	void	(Llta;II)V	706889
tbb	a	int, boolean	pgb	(IZ)Lpgb;	706952
tbb	a	faa, boolean	void	(Lfaa;Z)V	707162
tbb	a	int	void	(I)V	707201
tbb	a	no, int, toa, java.lang.String, int	void	(Lno;ILtoa;Ljava/lang/String;I)V	707300
tbb	a	byte, tv	boolean	(BLtv;)Z	707470
tbb	a	tv, int	void	(Ltv;I)V	707511
tc	a	int, aba	int	(ILaba;)I	707603
tc	a	int, int, int	void	(III)V	707678
tc	a	byte	void	(B)V	707726
tca	a	nc[], int	nc	([Lnc;I)Lnc;	707799
tca	a	int	void	(I)V	707842
tcb	a	nc[], int	nc	([Lnc;I)Lnc;	707897
td	a	int, int	java.lang.String	(II)Ljava/lang/String;	707952
td	a	nc[], int	nc	([Lnc;I)Lnc;	708040
td	a	byte, java.lang.String, java.io.File	void	(BLjava/lang/String;Ljava/io/File;)V	708100
tda	a	int, int, int, shb	void	(IIILshb;)V	708183
tda	a	int, int, int, htb, int	void	(IIILhtb;I)V	708488
tda	a	byte, sba, java.lang.String	htb	(BLsba;Ljava/lang/String;)Lhtb;	708569
tda	a	int, int, shb, char	boolean	(IILshb;C)Z	708660
tda	g	int	void	(I)V	708767
tda	l	byte	void	(B)V	708803
tdb	a	nc[], int	nc	([Lnc;I)Lnc;	708868
tdb	a	int	void	(I)V	708918
te	a	nc[], int	nc	([Lnc;I)Lnc;	708965
te	a	int, java.lang.Object, java.lang.Object	void	(ILjava/lang/Object;Ljava/lang/Object;)V	709015
te	b	boolean	void	(Z)V	709081
tea	a	boolean	void	(Z)V	709143
tea	a	int, java.lang.String, int	int	(ILjava/lang/String;I)I	709180
teb	h	byte	boolean	(B)Z	709265
teb	a	byte	int	(B)I	709297
teb	b	int	int	(I)I	709328
teb	l	int	void	(I)V	709359
teb	f	int	int	(I)I	709396
teb	b	byte	int	(B)I	709428
teb	c	int	int	(I)I	709461
tf	a	int, int, int[]	int	(II[I)I	709501
tfa	a	byte, tv	boolean	(BLtv;)Z	709753
tfa	c	byte	void	(B)V	709968
tfa	a	int, int, int	int	(III)I	710017
tfa	a	int, int, int, int, int	void	(IIIII)V	710102
tfa	a	int	void	(I)V	710318
tfa	a	boolean, tja, int, int	void	(ZLtja;II)V	710347
tfa	a	tv, int	void	(Ltv;I)V	710403
tfa	a	int, byte	void	(IB)V	710842
tfa	b	faa, int	void	(Lfaa;I)V	710996
tfa	b	byte, tv	void	(BLtv;)V	711158
tfa	b	byte	void	(B)V	711290
tfa	a	faa, boolean	void	(Lfaa;Z)V	711325
tfa	a	byte	boolean	(B)Z	711473
tfa	b	int	void	(I)V	711517
tfa	a	tja, int, int, int	void	(Ltja;III)V	711560
tfb	a	nc[], int	nc	([Lnc;I)Lnc;	711753
tfb	a	byte, java.lang.String	void	(BLjava/lang/String;)V	711804
tfb	e	byte	void	(B)V	711854
tg	a	nc[], int	nc	([Lnc;I)Lnc;	720108
tg	a	int, asb, java.lang.String, java.lang.String	sw	(ILasb;Ljava/lang/String;Ljava/lang/String;)Lsw;	720159
tg	a	int, llb, int	void	(ILllb;I)V	720249
tg	a	int	void	(I)V	720478
tga	j	int	void	(I)V	720541
tga	i	byte	void	(B)V	720571
tga	d	byte	java.lang.String	(B)Ljava/lang/String;	720604
tga	a	int, eeb	void	(ILeeb;)V	720663
tga	a	int	eeb	(I)Leeb;	720704
tga	a	int[], int, byte, byte[], int	void	([IIB[BI)V	720749
tga	a	int, int, int, shb	void	(IIILshb;)V	720862
tgb	b	byte	void	(B)V	720947
tgb	a	byte	long	(B)J	720979
th	a	nc[], int	nc	([Lnc;I)Lnc;	721040
tha	a	nc[], int	nc	([Lnc;I)Lnc;	721108
tha	e	byte	void	(B)V	721168
thb	a	nc[], int	nc	([Lnc;I)Lnc;	721221
thb	a	int	void	(I)V	721275
thb	a	int, int, int	void	(III)V	721306
ti	a	boolean, boolean	void	(ZZ)V	721385
ti	b	int	boolean	(I)Z	721418
ti	a	int, byte, pib	void	(IBLpib;)V	721449
ti	a	int	void	(I)V	721511
ti	a	int, int, int	void	(III)V	721690
ti	a	boolean	void	(Z)V	721800
ti	a	boolean, int	void	(ZI)V	721841
tia	a	int	void	(I)V	722025
tia	a	int, int, int, int, byte	boolean	(IIIIB)Z	722064
tia	c	int, int, int, int	void	(IIII)V	722230
tia	b	int, int, int, int	void	(IIII)V	722317
tia	a	boolean, int, int, boolean	int	(ZIIZ)I	722456
tia	e	int	int	(I)I	722499
tia	g	byte	java.lang.Object	(B)Ljava/lang/Object;	722634
tia	a	int, int, java.lang.Object[]	void	(II[Ljava/lang/Object;)V	722688
tib	a	java.lang.String, int	qrb	(Ljava/lang/String;I)Lqrb;	722848
tib	d	byte	void	(B)V	722942
tib	b	java.lang.String, int	java.lang.String	(Ljava/lang/String;I)Ljava/lang/String;	722974
tib	a	boolean, int	int	(ZI)I	723063
tib	a	int, java.lang.CharSequence, int	int	(ILjava/lang/CharSequence;I)I	723110
tib	f	int	void	(I)V	723160
tj	a	ml, int	int	(Lml;I)I	723239
tj	a	int, byte	void	(IB)V	723413
tj	g	int	void	(I)V	723454
tj	c	byte	int	(B)I	723489
tj	a	byte, pe	void	(BLpe;)V	723519
tj	b	int, byte	void	(IB)V	723929
tj	a	int, lta	void	(ILlta;)V	723965
tj	b	boolean	int	(Z)I	724387
tj	b	faa, int	void	(Lfaa;I)V	724419
tj	a	faa, boolean	void	(Lfaa;Z)V	724509
tj	a	int, int	void	(II)V	724596
tj	f	byte	boolean	(B)Z	724634
tj	d	byte	int	(B)I	724666
tj	a	int, int, int	void	(III)V	724696
tj	b	byte, tv	void	(BLtv;)V	724789
tj	b	int, int	void	(II)V	724866
tj	f	int	void	(I)V	724902
tj	a	byte, tv	boolean	(BLtv;)Z	724936
tj	e	int	int	(I)I	725049
tj	d	int	int	(I)I	725082
tj	a	int, ml, sfa	void	(ILml;Lsfa;)V	725115
tj	e	byte	int	(B)I	725217
tj	g	byte	int	(B)I	725251
tj	a	tv, int	void	(Ltv;I)V	725284
tj	c	int	boolean	(I)Z	725531
tj	a	boolean, sfa, ml, int	void	(ZLsfa;Lml;I)V	725690
tja	a	boolean	void	(Z)V	725803
tja	a	int	int	(I)I	725837
tja	b	faa, int	void	(Lfaa;I)V	725908
tja	a	ntb[], int, ntb[], boolean, int	boolean	([Lntb;I[Lntb;ZI)Z	726020
tja	a	tv, int	void	(Ltv;I)V	726272
tja	a	byte, tv	boolean	(BLtv;)Z	726353
tja	a	tja, int, int, boolean	void	(Ltja;IIZ)V	726404
tja	b	byte, tv	void	(BLtv;)V	726452
tja	a	boolean, int	void	(ZI)V	726510
tja	a	int, int, int, byte[]	java.lang.String	(III[B)Ljava/lang/String;	726542
tja	a	int, int	void	(II)V	726665
tja	a	faa, boolean	void	(Lfaa;Z)V	726732
tja	tja		protected	()V	726781
tjb	a	int, int, int	boolean	(III)Z	726841
tjb	a	int, boolean, int, int	void	(IZII)V	727005
tjb	a	byte, int	void	(BI)V	727452
tjb	k	int	int	(I)I	727540
tjb	i	int	void	(I)V	727590
tjb	j	int	void	(I)V	727620
tjb	l	int	boolean	(I)Z	727711
tjb	a	int, int, byte	void	(IIB)V	727753
tjb	h	int	boolean	(I)Z	727879
tjb	a	int, int, int, int, int, int	void	(IIIIII)V	727976
tjb	a	java.lang.Object[], int	java.lang.Object	([Ljava/lang/Object;I)Ljava/lang/Object;	728172
tk	a	nc[], int	nc	([Lnc;I)Lnc;	728285
tk	e	byte	void	(B)V	728346
tka	a	int, int	boolean	(II)Z	728415
tka	a	long, byte, long, int, java.util.Random	int[]	(JBJILjava/util/Random;)[I	728465
tkb	a	ml, int	void	(Lml;I)V	728603
tkb	a	int	void	(I)V	728800
tkb	a	nc[], int	nc	([Lnc;I)Lnc;	728842
tl	a	int, int, int	void	(III)V	728914
tl	a	nc[], int	nc	([Lnc;I)Lnc;	728957
tl	e	byte	void	(B)V	729012
tl	b	int, int, int	boolean	(III)Z	729050
tla	a	int	void	(I)V	729498
tla	b	int, int	boolean	(II)Z	729575
tla	a	int, int, int, int, int	void	(IIIII)V	729612
tla	a		int	()I	729851
tla	b		int	()I	729867
tla	a	boolean, int	void	(ZI)V	729890
tla	a	int, int, int, int, int[], int, int	void	(IIII[III)V	730082
tla	a	int, int, int, int, int, int, int, int	void	(IIIIIIII)V	730147
tla	b	int, int, int, int, int, int, int	void	(IIIIIII)V	730571
tla	c		int	()I	731021
tla	a	int, int, int, int	void	(IIII)V	731043
tla	c	int, int, int, int, int, int, int	void	(IIIIIII)V	731121
tla	d		int	()I	731247
tla	a	float, float, float, float, float, float, int, int, int, int	void	(FFFFFFIIII)V	731263
tla	b	int	void	(I)V	731547
tlb	a	int, int, byte	void	(IIB)V	731770
tlb	a	java.awt.Component, int, boolean	void	(Ljava/awt/Component;IZ)V	731792
tlb	callback	int, int, int, int	int	(IIII)I	731932
tm	a	int	void	(I)V	732050
tm	a	nc[], int	nc	([Lnc;I)Lnc;	732108
tm	b	boolean	void	(Z)V	732155
tma	f	byte	void	(B)V	732209
tma	e	byte	void	(B)V	732249
tma	a	int, java.lang.String, byte	tpa	(ILjava/lang/String;B)Ltpa;	732427
tma	a	nc[], int	nc	([Lnc;I)Lnc;	732482
tmb	a	nc[], int	nc	([Lnc;I)Lnc;	732562
tmb	a	tv, byte	int	(Ltv;B)I	732612
tn	a	byte	void	(B)V	732708
tna	a	nc[], int	nc	([Lnc;I)Lnc;	732768
tna	a	java.lang.String[], int	void	([Ljava/lang/String;I)V	732820
tnb	a	nc[], int	nc	([Lnc;I)Lnc;	732889
tnb	a	byte, long	java.lang.String	(BJ)Ljava/lang/String;	732943
tnb	e	byte	void	(B)V	733073
tnb	a	int, int	boolean	(II)Z	733106
to	a	int	void	(I)V	733171
to	a	nc[], int	nc	([Lnc;I)Lnc;	733206
to	e	byte	void	(B)V	733253
toa	a	int, int, int	boolean	(III)Z	733321
toa	a	int	int	(I)I	733375
toa	a	int, float, int, float, float, byte, vjb, float, int, float, int, int, byte[]	void	(IFIFFBLvjb;FIFII[B)V	733440
toa	a	int, int	int	(II)I	733619
tob	g	int	boolean	(I)Z	733744
tob	a	int	void	(I)V	733800
tob	e	int	void	(I)V	733835
tob	f	int	long	(I)J	733876
tp	a	int, boolean, int	int	(IZI)I	733976
tp	a	nc[], int	nc	([Lnc;I)Lnc;	734040
tpa	a	int	void	(I)V	734117
tpb	a	byte	boolean	(B)Z	734198
tpb	a	int	void	(I)V	734237
tpb	tpb		public	()V	734266
tq	b	boolean	void	(Z)V	734304
tq	a	nc[], int	nc	([Lnc;I)Lnc;	734334
tqa	a	int	void	(I)V	734390
tqa	a	nc[], int	nc	([Lnc;I)Lnc;	734421
tqa	e	byte	int	(B)I	734472
tr	a	tv, int	void	(Ltv;I)V	734528
tr	b	byte, tv	void	(BLtv;)V	734598
tr	a	int, boolean, int, int, int	void	(IZIII)V	734647
tr	b	faa, int	void	(Lfaa;I)V	734699
tr	a	int	void	(I)V	734756
tr	a	faa, boolean	void	(Lfaa;Z)V	734809
tr	a	byte	void	(B)V	734856
tr	a	int, int	boolean	(II)Z	734894
tr	b	int	void	(I)V	734932
tr	c	int	void	(I)V	734962
tr	a	int, so	void	(ILso;)V	735013
tr	a	byte, tv	boolean	(BLtv;)Z	735084
tra	a	nc[], int	nc	([Lnc;I)Lnc;	735147
tra	a	int	void	(I)V	735192
trb	a	nc[], int	nc	([Lnc;I)Lnc;	735306
trb	a	int, int, int, int, int, int	boolean	(IIIIII)Z	735355
trb	a	int, ij, int, boolean, ij	boolean	(ILij;IZLij;)Z	735536
ts	a	int	void	(I)V	735619
ts	a	boolean, int	void	(ZI)V	735688
ts	a	java.awt.Component, int	void	(Ljava/awt/Component;I)V	735781
ts	a	byte, eab, java.lang.Object	void	(BLeab;Ljava/lang/Object;)V	735828
ts	a	byte	void	(B)V	735927
tsa	toString		java.lang.String	()Ljava/lang/String;	736002
tsb	a	nc[], int	nc	([Lnc;I)Lnc;	736511
tsb	b	boolean	void	(Z)V	736560
tt	a	byte	void	(B)V	736627
tt	a	int	java.lang.String	(I)Ljava/lang/String;	736662
tt	a	byte, tv	boolean	(BLtv;)Z	736755
tt	a	int, int	int	(II)I	736828
tt	b	faa, int	void	(Lfaa;I)V	736868
tt	a	int, int[], rsb	void	(I[ILrsb;)V	736926
tt	b	byte, tv	void	(BLtv;)V	737091
tt	a	pe, boolean, int, int	void	(Lpe;ZII)V	737148
tt	a	faa, boolean	void	(Lfaa;Z)V	737232
tt	a	int[][], int	void	([[II)V	737281
tt	a	pe, int	ucb	(Lpe;I)Lucb;	737322
tt	a	tv, int	void	(Ltv;I)V	737408
tta	a	nc[], int	nc	([Lnc;I)Lnc;	737541
tta	a	int, asb, java.lang.String, java.lang.String	java.lang.String	(ILasb;Ljava/lang/String;Ljava/lang/String;)Ljava/lang/String;	737594
tta	a	int	void	(I)V	737675
ttb	a	boolean, int, int	phb	(ZII)Lphb;	737774
ttb	b	int, int, int	void	(III)V	737989
ttb	a	int, int, int, shb	void	(IIILshb;)V	738051
ttb	b	boolean	phb	(Z)Lphb;	738131
ttb	b	int, int, int, int	void	(IIII)V	738265
ttb	d	int	void	(I)V	738381
ttb	a	int	void	(I)V	738414
ttb	a	int, int, int, int, int	void	(IIIII)V	738487
ttb	ttb	int, int, int, int, int, int, int, int, int	private	(IIIIIIIII)V	738538
ttb	a	int, int, phb, int	void	(IILphb;I)V	738617
tu	a	byte	void	(B)V	738885
tu	tu		public	()V	738921
tu	toString		java.lang.String	()Ljava/lang/String;	738928
tua	a	int	void	(I)V	739098
tv	a	byte, tv	boolean	(BLtv;)Z	739140
tv	b	faa, int	void	(Lfaa;I)V	739143
tv	b	byte, tv	void	(BLtv;)V	739146
tv	a	faa, boolean	void	(Lfaa;Z)V	739149
tva	a	int, faa	void	(ILfaa;)V	739153
tva	c	faa, int	void	(Lfaa;I)V	739156
tva	a	tv, int	void	(Ltv;I)V	739159
tva	a	boolean, tva	boolean	(ZLtva;)Z	739162
tw	a	tv, int	void	(Ltv;I)V	739184
tw	a	fm[], byte	void	([Lfm;B)V	739559
tw	b	byte, tv	void	(BLtv;)V	739663
tw	tw		public	()V	739844
tw	a	int	void	(I)V	739851
tw	a	byte, tv	boolean	(BLtv;)Z	739884
tw	b	faa, int	void	(Lfaa;I)V	740089
tw	a	faa, boolean	void	(Lfaa;Z)V	740243
twa	b	faa, int	void	(Lfaa;I)V	740423
twa	a	int	void	(I)V	740471
twa	a	faa, boolean	void	(Lfaa;Z)V	740501
twa	a	tv, int	void	(Ltv;I)V	740547
twa	b	byte, tv	void	(BLtv;)V	740625
twa	b	int	void	(I)V	740674
twa	a	byte, tv	boolean	(BLtv;)Z	740726
u	a	nc[], int	nc	([Lnc;I)Lnc;	740869
u	a	int	void	(I)V	740915
ua	a	nc[], int	nc	([Lnc;I)Lnc;	740967
ua	a	boolean, java.lang.CharSequence, boolean, int	int	(ZLjava/lang/CharSequence;ZI)I	741034
uaa	a	java.lang.String, byte	boolean	(Ljava/lang/String;B)Z	741307
uaa	b	int, int	void	(II)V	741357
uaa	a	int, int	int	(II)I	741406
uaa	a	int	void	(I)V	741457
uaa	a	nc[], int	nc	([Lnc;I)Lnc;	741487
uab	a	int	void	(I)V	741550
uab	a	byte	boolean	(B)Z	741582
uab	a	byte, java.awt.Component	void	(BLjava/awt/Component;)V	741613
ub	a	faa, boolean	void	(Lfaa;Z)V	741698
ub	b	byte, tv	void	(BLtv;)V	741736
ub	b	faa, int	void	(Lfaa;I)V	741777
ub	a	tv, int	void	(Ltv;I)V	741819
ub	c	byte	void	(B)V	741858
ub	a	byte, tv	boolean	(BLtv;)Z	741896
uba	a	byte, int, int	void	(BII)V	741969
uba	a	nc[], int	nc	([Lnc;I)Lnc;	742207
uba	a	byte, int, java.lang.Object	void	(BILjava/lang/Object;)V	742261
ubb	a	int, byte[], int, int, int, int, int, int, kb	void	(I[BIIIIIILkb;)V	742531
ubb	b	float, int	float	(FI)F	742729
ubb	a	float, int	float	(FI)F	742766
ubb	a	tu, int	void	(Ltu;I)V	742808
ubb	a	int, int, int, int, int, int[], int, byte	void	(IIIII[IIB)V	742853
ubb	a	java.lang.String, int	void	(Ljava/lang/String;I)V	742944
ubb	a	int	boolean	(I)Z	743144
ubb	a	boolean, byte, boolean	void	(ZBZ)V	743175
ubb	b	byte	int	(B)I	743375
ubb	b	int	void	(I)V	743410
ubb	f	byte	void	(B)V	743447
ubb	a	byte	int	(B)I	743479
ubb	a	int, kb, byte, int, float[], int, int, int, int	void	(ILkb;BI[FIIII)V	743512
uc	a	int	void	(I)V	743623
uc	b	int	boolean	(I)Z	743656
uca	a	int, sg, int, int	sg	(ILsg;II)Lsg;	743885
uca	b	byte, sg	void	(BLsg;)V	743985
uca	a	int, int, int, byte, int	boolean	(IIIBI)Z	744072
uca	a	byte, java.lang.String[]	java.lang.String[]	(B[Ljava/lang/String;)[Ljava/lang/String;	744225
uca	h	int	void	(I)V	744337
uca	f	byte	void	(B)V	744661
uca	a	sg, int	void	(Lsg;I)V	744809
uca	a	int	void	(I)V	744939
uca	m	int	int	(I)I	745028
uca	a	lw, boolean, sg, int, boolean	void	(Llw;ZLsg;IZ)V	745120
uca	c	int, int, int, int	int	(IIII)I	745266
uca	a	int, int, int, int, int, int	void	(IIIIII)V	745322
uca	a	sg, int, rsb, boolean	void	(Lsg;ILrsb;Z)V	745397
uca	c	byte, boolean	void	(BZ)V	746313
uca	a	boolean, sg	void	(ZLsg;)V	747397
uca	a	rsb, boolean, boolean	boolean	(Lrsb;ZZ)Z	747656
uca	j	int	void	(I)V	747982
uca	a	int, boolean, java.lang.String[]	java.lang.String[]	(IZ[Ljava/lang/String;)[Ljava/lang/String;	748451
uca	a	int, int, byte, java.lang.String	java.lang.String	(IIBLjava/lang/String;)Ljava/lang/String;	748622
uca	c	boolean	void	(Z)V	748715
uca	g	int	void	(I)V	749817
uca	a	int, rsb, byte, sg	void	(ILrsb;BLsg;)V	750442
uca	a	int, rsb, boolean	boolean	(ILrsb;Z)Z	750828
uca	a	rsb, byte, boolean	boolean	(Lrsb;BZ)Z	752172
uca	l	int	void	(I)V	753702
uca	b	int, int, int, int	void	(IIII)V	753786
uca	a	boolean, rba[], sg, it[], sg[], boolean	void	(Z[Lrba;Lsg;[Lit;[Lsg;Z)V	753847
uca	b	rsb, int	void	(Lrsb;I)V	754126
uca	d	int, int, int, int	int	(IIII)I	754265
uca	a	rsb, int	void	(Lrsb;I)V	754344
uca	d	rsb, int	void	(Lrsb;I)V	754802
uca	a	byte, boolean	void	(BZ)V	754907
uca	d	int	void	(I)V	755482
uca	e	boolean	void	(Z)V	755527
uca	a	int, sg, rsb	void	(ILsg;Lrsb;)V	755579
uca	a	byte, rsb	boolean	(BLrsb;)Z	756068
uca	a	int, rsb, int, boolean, sg	void	(ILrsb;IZLsg;)V	756154
uca	d	boolean	void	(Z)V	756645
uca	f	boolean	void	(Z)V	757361
uca	a	int, byte, int[], int	int[]	(IB[II)[I	757399
uca	a	byte, sg	void	(BLsg;)V	757634
uca	a	int, pe, int, sg	void	(ILpe;ILsg;)V	757789
uca	a	byte, int, int, tfa, sg, pe	int	(BIILtfa;Lsg;Lpe;)I	758006
uca	a	int, boolean, hna	void	(IZLhna;)V	758380
uca	a	int, byte, int, int	void	(IBII)V	758440
uca	a	byte	int	(B)I	758559
uca	a	sg[], boolean	void	([Lsg;Z)V	758640
uca	i	int	void	(I)V	758770
uca	a	int[], int, int, int, int, int[], int[], int[], int, int, int, java.lang.String[][]	void	([IIIII[I[I[IIII[[Ljava/lang/String;)V	758806
uca	a	rsb, int, int, int, int, int, int, int, int, int, int, int, boolean	void	(Lrsb;IIIIIIIIIIIZ)V	759069
uca	a	int, pe, lbb	void	(ILpe;Llbb;)V	759206
uca	a	int, int, int, boolean, java.lang.String[], int, int	boolean	(IIIZ[Ljava/lang/String;II)Z	759358
uca	a	pe, int, sg[]	void	(Lpe;I[Lsg;)V	759963
uca	a	int, int, float, int, byte, sg, rsb, int	void	(IIFIBLsg;Lrsb;I)V	760389
uca	b	byte	void	(B)V	760505
uca	a	boolean, int	void	(ZI)V	760647
uca	a	int, int, int, int, int, int, boolean, int	void	(IIIIIIZI)V	760731
uca	e	int	void	(I)V	761267
uca	b	boolean, int	void	(ZI)V	761448
uca	e	byte	boolean	(B)Z	761561
uca	a	int, int, int	void	(III)V	761610
uca	a	byte, int, int	java.lang.String[]	(BII)[Ljava/lang/String;	761671
uca	a	int, boolean, int	aja	(IZI)Laja;	761897
uca	a	int, int, boolean, rsb, int, int	int	(IIZLrsb;II)I	761971
uca	a	boolean, int, int	int	(ZII)I	762257
uca	a	int, int, int, byte	int[]	(IIIB)[I	762383
uca	b	boolean	void	(Z)V	762590
uca	a	int, jo	void	(ILjo;)V	762641
uca	a	int, int, int, rsb, int, int, int, int, int, int, int, int, boolean	void	(IIILrsb;IIIIIIIIZ)V	762750
uca	a	int, int, int, int, sg	int	(IIIILsg;)I	763433
uca	c	int	void	(I)V	763695
uca	b	int, rsb, int, int, int	void	(ILrsb;III)V	763843
uca	a	int, rsb, int, int, int	boolean	(ILrsb;III)Z	764014
uca	a	int, byte	java.lang.String	(IB)Ljava/lang/String;	764651
uca	a	sg, boolean, int, int	void	(Lsg;ZII)V	764692
uca	a	byte, boolean, rsb	boolean	(BZLrsb;)Z	764983
uca	a	java.lang.String[], int, int, rsb, int, int, int, byte, int, boolean, int[][], int, int	void	([Ljava/lang/String;IILrsb;IIIBIZ[[III)V	766631
uca	a	boolean, ij, ij, int	void	(ZLij;Lij;I)V	766861
uca	b	boolean, int, int	int	(ZII)I	767051
uca	k	int	int	(I)I	767105
uca	c	rsb, int	void	(Lrsb;I)V	767481
uca	a	int, int, sg, int	boolean	(IILsg;I)Z	768162
uca	a	sg, rba[], sg, it[], int, int, sg[]	void	(Lsg;[Lrba;Lsg;[Lit;II[Lsg;)V	768313
uca	b	byte, boolean	void	(BZ)V	768643
uca	c	byte	void	(B)V	768924
uca	a	boolean	void	(Z)V	768955
uca	f	int	int	(I)I	769000
uca	a	int, int, java.lang.String[], byte	void	(II[Ljava/lang/String;B)V	769092
uca	a	int, int, int, int	void	(IIII)V	769240
uca	a	boolean[], boolean[], int	boolean	([Z[ZI)Z	769331
uca	a	byte, pe, lbb	boolean	(BLpe;Llbb;)Z	769568
uca	d	byte	void	(B)V	769653
uca	a	int, int[], int, int, int	void	(I[IIII)V	769771
uca	b	int	int	(I)I	770047
uca	a	kla, byte, int, mm	int	(Lkla;BILmm;)I	770161
uca	a	byte, int	void	(BI)V	770605
uca	b	int, byte, int, int	boolean	(IBII)Z	771303
uca	c	byte, sg	void	(BLsg;)V	771403
uca	a	lw, byte, int, boolean	void	(Llw;BIZ)V	771926
uca	a	rsb, boolean, int, int	int	(Lrsb;ZII)I	772032
uca	a	int, int, int, int, int	void	(IIIII)V	772311
uca	a	lbb, sg, boolean, rsb, int	void	(Llbb;Lsg;ZLrsb;I)V	772477
uca	a	int, rsb	boolean	(ILrsb;)Z	772779
uca	a	rsb, boolean, int	void	(Lrsb;ZI)V	772824
ucb	a	java.lang.String, int, java.lang.String, asb	phb[]	(Ljava/lang/String;ILjava/lang/String;Lasb;)[Lphb;	773412
ucb	a	int, boolean, int	void	(IZI)V	773511
ud	e	boolean	void	(Z)V	773588
ud	b	shb, int	void	(Lshb;I)V	773618
uda	a	int, int, int	void	(III)V	773681
uda	a	boolean	void	(Z)V	773684
uda	b	int, boolean	void	(IZ)V	773713
uda	b	int	void	(I)V	773716
uda	a	int, boolean	void	(IZ)V	773792
uda	c	int	void	(I)V	773795
uda	a	int	void	(I)V	773824
uda	b	byte	void	(B)V	773827
uda	b	boolean	void	(Z)V	773862
uda	c	byte	void	(B)V	773890
uda	a	byte	boolean	(B)Z	773919
uda	a	byte, int, ura	void	(BILura;)V	773922
uda	d	int	void	(I)V	773959
udb	a	java.lang.Class[], dja[], java.lang.Class, int	tv	([Ljava/lang/Class;[Ldja;Ljava/lang/Class;I)Ltv;	774002
udb	a	nc[], int	nc	([Lnc;I)Lnc;	774099
ue	a	byte[], int, int, int, int, int, int	void	([BIIIIII)V	774184
ue	a	int, byte, bc, int	void	(IBLbc;I)V	774453
ue	a	byte	void	(B)V	774515
uea	a	int, int	vv	(II)Lvv;	774609
uea	a	int, phb[], int	void	(I[Lphb;I)V	774651
uea	a	ds, int	uma	(Lds;I)Luma;	774722
uea	c	int	void	(I)V	774786
uea	a	uea, int, boolean	void	(Luea;IZ)V	774835
uea	a	byte	void	(B)V	774960
uea	a	phb[], byte	void	([Lphb;B)V	774993
uea	a	byte, boolean, boolean, int	void	(BZZI)V	775067
uea	a	int, phb	void	(ILphb;)V	775233
uea	a	int, shb, int, int, boolean	void	(ILshb;IIZ)V	775308
uea	uea		public	()V	775566
ueb	a	int	void	(I)V	775654
ueb	a	nc[], int	nc	([Lnc;I)Lnc;	775687
uf	k	byte	void	(B)V	775785
uf	a	java.lang.String, int	void	(Ljava/lang/String;I)V	775830
uf	i	int	int	(I)I	776031
uf	g	byte	void	(B)V	776108
uf	h	int	void	(I)V	776210
uf	a	int, int, shb, char	boolean	(IILshb;C)Z	776391
uf	a	boolean, int, java.lang.String	void	(ZILjava/lang/String;)V	776856
uf	a	int, java.lang.String	void	(ILjava/lang/String;)V	776947
uf	b	int, int, int, int	void	(IIII)V	777077
uf	a	int, int, int, int, shb, int, byte	boolean	(IIIILshb;IB)Z	777278
uf	g	int	int	(I)I	777456
uf	a	int, int, int, shb	void	(IIILshb;)V	777517
uf	f	int	void	(I)V	777657
uf	h	byte	void	(B)V	777704
uf	l	byte	void	(B)V	777739
uf	a	int, byte	void	(IB)V	777791
uf	e	int	void	(I)V	777841
uf	j	byte	java.lang.String	(B)Ljava/lang/String;	777887
uf	i	byte	void	(B)V	777951
uf	b	boolean	void	(Z)V	777996
ufa	a	int	void	(I)V	778049
ufa	a	nc[], int	nc	([Lnc;I)Lnc;	778092
ufa	a	ds, byte, java.math.BigInteger, java.math.BigInteger, ds	void	(Lds;BLjava/math/BigInteger;Ljava/math/BigInteger;Lds;)V	778135
ufb	update	java.awt.Graphics	void	(Ljava/awt/Graphics;)V	778248
ufb	a	eab, int	void	(Leab;I)V	778253
ufb	focusGained	java.awt.event.FocusEvent	void	(Ljava/awt/event/FocusEvent;)V	778299
ufb	focusLost	java.awt.event.FocusEvent	void	(Ljava/awt/event/FocusEvent;)V	778304
ufb	paint	java.awt.Graphics	void	(Ljava/awt/Graphics;)V	778343
ufb	a	boolean	void	(Z)V	778348
ug	f	byte	void	(B)V	778415
ug	a	nc[], int	nc	([Lnc;I)Lnc;	778448
ug	e	byte	void	(B)V	778508
uga	a	byte	void	(B)V	782205
uga	d	int	void	(I)V	782237
uga	a	int, byte, pib	void	(IBLpib;)V	782444
uga	a	boolean, int	void	(ZI)V	782500
uga	b	int	boolean	(I)Z	782638
uga	a	int	void	(I)V	782667
uga	a	int, int, int	void	(III)V	782727
uga	a	boolean, boolean	void	(ZZ)V	783009
uga	b	byte	void	(B)V	783041
ugb	a	nc[], int	nc	([Lnc;I)Lnc;	783175
ugb	a	int, pgb	int	(ILpgb;)I	783218
uh	a	nc[], int	nc	([Lnc;I)Lnc;	783371
uh	a	int	void	(I)V	783417
uhb	a	java.lang.String, java.lang.String, int	void	(Ljava/lang/String;Ljava/lang/String;I)V	783548
uhb	a	nc[], int	nc	([Lnc;I)Lnc;	783623
uhb	e	byte	void	(B)V	783674
uhb	a	byte, boolean, boolean	void	(BZZ)V	783712
uhb	a	int, int, int, boolean, boolean	asb	(IIIZZ)Lasb;	783787
uhb	a	boolean, int, byte, wma, int	void	(ZIBLwma;I)V	783840
ui	a	int, int	void	(II)V	784206
ui	a	nc[], int	nc	([Lnc;I)Lnc;	784392
uia	a	int	void	(I)V	784463
uib	a	nc[], int	nc	([Lnc;I)Lnc;	784521
uib	b	boolean	void	(Z)V	784572
uj	c	byte	boolean	(B)Z	784625
uj	a	byte	void	(B)V	784657
uj	c	int	boolean	(I)Z	784698
uj	d	byte	int	(B)I	784727
uj	b	int	int	(I)I	784762
uj	a	boolean	boolean	(Z)Z	784794
uj	b	byte	int	(B)I	784825
uj	a	int	int	(I)I	784854
uja	a	byte	void	(B)V	784902
uja	a	boolean	phb[]	(Z)[Lphb;	784932
uja	uja		public	()V	785039
uja	toString		java.lang.String	()Ljava/lang/String;	785046
ujb	a	int, int, int	boolean	(III)Z	785100
ujb	a	byte, int[], int, int, int	boolean	(B[IIII)Z	785153
ujb	a	byte	void	(B)V	785272
ujb	a	int	boolean	(I)Z	785302
ujb	a	int, int, int, int, int, int	void	(IIIIII)V	785345
uk	a	byte	tv	(B)Ltv;	785510
uk	a	int, fm, fm	boolean	(ILfm;Lfm;)Z	785543
uk	c	byte	void	(B)V	785640
uk	a	int, int	tv[]	(II)[Ltv;	785670
uk	b	byte	void	(B)V	785708
uka	a	int	void	(I)V	785824
uka	a	nc[], int	nc	([Lnc;I)Lnc;	785855
ukb	a	java.lang.String, int, int	java.lang.String	(Ljava/lang/String;II)Ljava/lang/String;	785935
ukb	a	java.lang.String, byte	void	(Ljava/lang/String;B)V	786107
ukb	e	byte	void	(B)V	786229
ukb	a	nc[], int	nc	([Lnc;I)Lnc;	786277
ul	a	int, int, int, int, boolean	phb[]	(IIIIZ)[Lphb;	786349
ul	a	int, int, int, int, int, int, int, int	void	(IIIIIIII)V	786450
ul	a	int	void	(I)V	786610
ula	a	nc[], int	nc	([Lnc;I)Lnc;	786652
ula	a	int	void	(I)V	786705
ulb	a	int	void	(I)V	786757
ulb	a	int, int	tv[]	(II)[Ltv;	786946
ulb	a	byte	tv	(B)Ltv;	786981
um	b	int	byte[]	(I)[B	787039
um	a	ds, int, boolean	void	(Lds;IZ)V	787084
um	a	int	void	(I)V	787315
um	c	int	int	(I)I	787345
um	um		public	()V	787393
uma	a	byte, int, int	void	(BII)V	787421
uma	b	byte, int, int	void	(BII)V	787524
uma	a	int, byte, int	void	(IBI)V	787602
umb	a	int	void	(I)V	787700
umb	a	tv, int	void	(Ltv;I)V	787733
umb	b	faa, int	void	(Lfaa;I)V	787862
umb	a	byte, tv	boolean	(BLtv;)Z	787922
umb	b	byte, tv	void	(BLtv;)V	788005
umb	a	faa, boolean	void	(Lfaa;Z)V	788058
un	a	phb, int	void	(Lphb;I)V	788131
un	a	boolean	void	(Z)V	788311
un	a	byte	dka	(B)Ldka;	788345
una	f	byte	void	(B)V	788412
una	a	int, byte	boolean	(IB)Z	788496
una	b	byte	void	(B)V	788574
una	e	byte	void	(B)V	788669
una	a	byte, wm	void	(BLwm;)V	788755
una	a	faa, boolean	void	(Lfaa;Z)V	788835
una	b	faa, int	void	(Lfaa;I)V	788910
una	a	int, rsb	void	(ILrsb;)V	789046
una	a	int, kb	int	(ILkb;)I	789136
una	a	int, int, pe	void	(IILpe;)V	789225
una	a	byte, tv	boolean	(BLtv;)Z	789320
una	b	byte, tv	void	(BLtv;)V	789411
una	a	rna, int	void	(Lrna;I)V	789485
una	g	byte	void	(B)V	789559
una	a	byte	void	(B)V	789603
una	a	tv, int	void	(Ltv;I)V	789639
una	c	int	void	(I)V	789777
una	c	byte	void	(B)V	789821
una	a	boolean, pe, int	void	(ZLpe;I)V	789943
una	d	byte	void	(B)V	790035
una	b	int	bba[]	(I)[Lbba;	790184
una	una		public	()V	790219
una	a	int	void	(I)V	790229
una	a	int, bba	void	(ILbba;)V	790291
unb	a	nc[], int	nc	([Lnc;I)Lnc;	790363
uo	a	nc[], int	nc	([Lnc;I)Lnc;	790427
uo	a	asb, asb, asb, int	void	(Lasb;Lasb;Lasb;I)V	790486
uoa	a	byte, tv	boolean	(BLtv;)Z	790827
uoa	a	int, int, byte	boolean	(IIB)Z	790900
uoa	a	java.lang.String, int, float	void	(Ljava/lang/String;IF)V	790951
uoa	a	pe, int	ucb	(Lpe;I)Lucb;	790997
uoa	a	int, int, int, int, int	void	(IIIII)V	791042
uoa	a	int, int[], rsb	void	(I[ILrsb;)V	791109
uoa	a	int	java.lang.String	(I)Ljava/lang/String;	791169
uoa	a	faa, boolean	void	(Lfaa;Z)V	791212
uoa	b	byte, tv	void	(BLtv;)V	791261
uoa	a	pe, boolean, int, int	void	(Lpe;ZII)V	791318
uoa	a	tv, int	void	(Ltv;I)V	791399
uoa	a	int, int	int	(II)I	791510
uoa	b	faa, int	void	(Lfaa;I)V	791553
uoa	a	int, int, int	boolean	(III)Z	791614
uob	b	int	boolean	(I)Z	791877
uob	a	int, byte, pib	void	(IBLpib;)V	791909
uob	d	int	void	(I)V	791964
uob	a	boolean, int	void	(ZI)V	792000
uob	a	boolean, byte, java.lang.String, float	void	(ZBLjava/lang/String;F)V	792103
uob	a	int, int, int	void	(III)V	792175
uob	a	boolean, boolean	void	(ZZ)V	792211
uob	a	int	void	(I)V	792253
up	e	byte	void	(B)V	792351
up	a	nc[], int	nc	([Lnc;I)Lnc;	792386
up	a	byte, char, java.lang.String	java.lang.String[]	(BCLjava/lang/String;)[Ljava/lang/String;	792437
upa	a	int	java.lang.String	(I)Ljava/lang/String;	792578
upa	a	byte	tv	(B)Ltv;	792610
upa	a	int, int	tv[]	(II)[Ltv;	792643
upb	b	int	void	(I)V	792695
upb	a	int, int	tv[]	(II)[Ltv;	792726
upb	a	int	int[]	(I)[I	792762
upb	a	byte	tv	(B)Ltv;	792806
uq	a	boolean	int	(Z)I	792858
uqa	a	nc[], int	nc	([Lnc;I)Lnc;	792871
uqa	a	int	void	(I)V	792915
uqb	b	faa, int	void	(Lfaa;I)V	792984
uqb	a	byte, mfa, tja	void	(BLmfa;Ltja;)V	793048
uqb	a	byte, tv	boolean	(BLtv;)Z	793220
uqb	a	tv, int	void	(Ltv;I)V	793311
uqb	c	int	boolean	(I)Z	793473
uqb	a	int, int	void	(II)V	793512
uqb	b	byte, tv	void	(BLtv;)V	793559
uqb	a	mfa, int, tja	void	(Lmfa;ILtja;)V	793646
uqb	c	byte	boolean	(B)Z	793697
uqb	a	faa, boolean	void	(Lfaa;Z)V	793731
uqb	a	int	boolean	(I)Z	793805
ur	a	faa, byte	wma	(Lfaa;B)Lwma;	793858
ur	a	nc[], int	nc	([Lnc;I)Lnc;	794195
ura	a	tu, int	void	(Ltu;I)V	794259
ura	b	int	void	(I)V	794262
urb	a	int	void	(I)V	794282
urb	a	nc[], int	nc	([Lnc;I)Lnc;	794313
us	b	byte	void	(B)V	794384
us	a	byte	dka	(B)Ldka;	794414
us	a	ds, int	void	(Lds;I)V	794486
usa	a	nc[], int	nc	([Lnc;I)Lnc;	794553
usa	e	byte	void	(B)V	794613
usb	a	int, byte, int	void	(IBI)V	794670
usb	b	int, int, int	void	(III)V	794770
usb	d	int	void	(I)V	794969
usb	a	int, int, int, int, int	void	(IIIII)V	795067
usb	a	shb, byte, int	void	(Lshb;BI)V	795113
usb	a	byte, int[]	void	(B[I)V	795203
usb	c	int, int, int	void	(III)V	795305
usb	b	int, byte, int	void	(IBI)V	795359
usb	a	int, int, int, int, shb, int, byte	boolean	(IIIILshb;IB)Z	795456
usb	a	int, int[]	void	(I[I)V	795526
usb	a	int, byte, int, shb	void	(IBILshb;)V	795623
usb	a	int, int, shb, char	boolean	(IILshb;C)Z	796003
usb	a	int, no, java.lang.String, int, int, int, int	void	(ILno;Ljava/lang/String;IIII)V	796136
usb	c	int, byte, int	void	(IBI)V	796288
ut	a	int, long, int	void	(IJI)V	796415
ut	a	int	void	(I)V	796477
uta	e	byte	void	(B)V	796527
uta	a	nc[], int	nc	([Lnc;I)Lnc;	796571
uta	a	boolean, int	void	(ZI)V	796624
utb	a	faa, int	void	(Lfaa;I)V	796825
utb	a	faa, byte	void	(Lfaa;B)V	796828
uu	a	int	void	(I)V	796841
uu	a	byte	tv	(B)Ltv;	796873
uu	a	byte, int[], ms	void	(B[ILms;)V	796906
uu	a	int, int	tv[]	(II)[Ltv;	797038
uua	a	nc[], int	nc	([Lnc;I)Lnc;	797091
uua	e	byte	void	(B)V	797142
uv	a	int, int	int	(II)I	797237
uv	a	int, int, int, int, int, int	void	(IIIIII)V	797297
uv	a	int, shb, int, int, boolean	void	(ILshb;IIZ)V	797380
uv	a	int	void	(I)V	797604
uva	a	int, int	void	(II)V	797769
uva	a		void	()V	797864
uw	b	int	int	(I)I	797885
uw	b	byte	int	(B)I	797924
uw	a	byte, faa, tv	void	(BLfaa;Ltv;)V	797955
uw	a	int	int	(I)I	798013
uw	d	byte	int	(B)I	798042
uw	a	boolean	boolean	(Z)Z	798071
uw	a	qfa, int, int, int, int[], int, boolean, byte	im	(Lqfa;III[IIZB)Lim;	798103
uw	d	int	void	(I)V	798234
uwa	a	int, int, int, int, int, int	phb[]	(IIIIII)[Lphb;	798299
uwa	a	int, int, int, int, int, int, byte, anb, int, int	void	(IIIIIIBLanb;II)V	798498
uwa	a	int, faa, byte	int	(ILfaa;B)I	798607
v	a	int	int	(I)I	798683
v	b	boolean	phb[]	(Z)[Lphb;	798718
v	a	int, int	int	(II)I	798893
v	a	int, int, int, int, shb, int, byte	boolean	(IIIILshb;IB)Z	798952
v	e	int	int	(I)I	799151
va	a	int, int, int	phb[]	(III)[Lphb;	799207
va	a	java.lang.String, int, int, int, int, java.lang.String	void	(Ljava/lang/String;IIIILjava/lang/String;)V	799253
va	a	nc[], int	nc	([Lnc;I)Lnc;	799378
vaa	a	nc[], int	nc	([Lnc;I)Lnc;	799466
vaa	e	byte	void	(B)V	799513
vab	a	byte, ml	void	(BLml;)V	799585
vab	a	boolean	void	(Z)V	799700
vba	f	byte	boolean	(B)Z	799811
vba	e	byte	void	(B)V	799855
vba	a	nc[], int	nc	([Lnc;I)Lnc;	799897
vba	a	int, java.lang.String	void	(ILjava/lang/String;)V	799948
vbb	a	int	void	(I)V	800264
vbb	a	nc[], int	nc	([Lnc;I)Lnc;	800304
vbb	a	int, int, int, int, int, int, int, int	void	(IIIIIIII)V	800361
vbb	e	int	void	(I)V	800973
vc	a	int[], int, int	void	([III)V	801086
vc	a	nc[], int	nc	([Lnc;I)Lnc;	801152
vca	a	int	void	(I)V	801205
vca	a	byte, boolean	jaclib.memory.Buffer	(BZ)Ljaclib/memory/Buffer;	801208
vca	a	int, int	void	(II)V	801211
vca	b	int	boolean	(I)Z	801214
vcb	a	int, int, int, htb, int	void	(IIILhtb;I)V	801275
vcb	a	int, int, int, shb	void	(IIILshb;)V	801443
vcb	b	int, int, int	void	(III)V	801846
vcb	c	int, int	void	(II)V	801968
vcb	g	int	void	(I)V	802052
vcb	a	int, int	void	(II)V	802150
vcb	a	int, boolean	void	(IZ)V	802206
vcb	c	int, int, int	void	(III)V	802304
vcb	h	byte	void	(B)V	802427
vcb	j	byte	void	(B)V	802737
vcb	k	byte	int	(B)I	802775
vcb	a	byte, boolean	void	(BZ)V	802815
vcb	e	int	void	(I)V	802909
vcb	i	byte	void	(B)V	802997
vcb	a	int, llb, llb, llb, rn	tjb	(ILllb;Lllb;Lllb;Lrn;)Ltjb;	803089
vcb	d	int	void	(I)V	803375
vcb	a	int, shb	boolean	(ILshb;)Z	803641
vcb	b	int, int	void	(II)V	803700
vcb	f	int	void	(I)V	803770
vcb	a	byte, int	void	(BI)V	803826
vcb	a	int, int, shb, char	boolean	(IILshb;C)Z	803885
vd	a	nc[], int	nc	([Lnc;I)Lnc;	804143
vda	a	eab, dra, java.awt.Component, boolean, int, int, byte, int	void	(Leab;Ldra;Ljava/awt/Component;ZIIBI)V	804228
vda	a	int, java.lang.String, asb, asb, java.lang.String	ngb	(ILjava/lang/String;Lasb;Lasb;Ljava/lang/String;)Lngb;	804340
vda	a	nc[], int	nc	([Lnc;I)Lnc;	804427
vda	e	byte	void	(B)V	804477
vdb	a	int, int, int, int	phb[]	(IIII)[Lphb;	804535
vdb	b	byte	int	(B)I	804582
vdb	a	int	int	(I)I	804615
vdb	d	byte	int	(B)I	804646
vdb	a	boolean	boolean	(Z)Z	804677
vdb	d	int	int	(I)I	804707
ve	a	boolean, byte, java.lang.CharSequence	boolean	(ZBLjava/lang/CharSequence;)Z	804824
ve	a	nc[], int	nc	([Lnc;I)Lnc;	804913
vea	a	nc[], int	nc	([Lnc;I)Lnc;	804983
vea	a	int	void	(I)V	805028
veb	a	int	void	(I)V	805138
vf	a	int, qfa	void	(ILqfa;)V	805190
vf	a	byte	void	(B)V	805275
vfa	b	int	void	(I)V	805378
vfa	a	int, int, int	void	(III)V	805553
vfa	a	byte	ufb	(B)Lufb;	805599
vfa	a	int	boolean	(I)Z	805665
vfa	b	byte	boolean	(B)Z	805706
vfa	c	int, int, int	void	(III)V	805758
vfa	c	byte	void	(B)V	805803
vfa	b	int, int, int	boolean	(III)Z	805836
vfa	d	int	void	(I)V	805923
vfa	a	boolean, int	void	(ZI)V	806086
vfa	vfa	int, int, int, int, int, int, int, int, nka	private	(IIIIIIIILnka;)V	806144
vfa	c	int	void	(I)V	806246
vfb	a	int	void	(I)V	806299
vfb	a	byte	tv	(B)Ltv;	806329
vfb	a	int, int	tv[]	(II)[Ltv;	806362
vg	e	byte	void	(B)V	806418
vg	a	nc[], int	nc	([Lnc;I)Lnc;	806450
vga	a	long, int	java.lang.String	(JI)Ljava/lang/String;	806528
vga	c	int	int	(I)I	806677
vga	a	int, byte, java.lang.String, long, int, boolean	void	(IBLjava/lang/String;JIZ)V	806718
vga	a	byte	fh	(B)Lfh;	806815
vga	a	fh, byte	void	(Lfh;B)V	806866
vga	b	int	fh	(I)Lfh;	806930
vga	a	boolean	int	(Z)I	806980
vga	a	int	fh	(I)Lfh;	807016
vga	b	byte	fh	(B)Lfh;	807069
vga	a	fh, int	void	(Lfh;I)V	807114
vga	vga		public	()V	807178
vgb	a	nc[], int	nc	([Lnc;I)Lnc;	807234
vgb	a	int	void	(I)V	807279
vh	a	byte	void	(B)V	807334
vh	a	fh, int	fh	(Lfh;I)Lfh;	807387
vh	a	boolean	fh	(Z)Lfh;	807454
vh	a	int, fh	void	(ILfh;)V	807486
vh	b	int	fh	(I)Lfh;	807551
vh	b	boolean	void	(Z)V	807598
vh	iterator		java.util.Iterator	()Ljava/util/Iterator;	807628
vh	a	int	fh	(I)Lfh;	807676
vha	e	byte	void	(B)V	807738
vha	a	nc[], int	nc	([Lnc;I)Lnc;	807782
vhb	b	int	void	(I)V	807851
vi	a	int	void	(I)V	807910
vi	a	nc[], int	nc	([Lnc;I)Lnc;	807938
via	a	faa, boolean	void	(Lfaa;Z)V	808002
via	b	int	void	(I)V	808046
via	a	pe, int	ucb	(Lpe;I)Lucb;	808083
via	a	int	java.lang.String	(I)Ljava/lang/String;	808123
via	a	int, int[], rsb	void	(I[ILrsb;)V	808157
via	b	faa, int	void	(Lfaa;I)V	808286
via	a	tv, int	void	(Ltv;I)V	808333
via	a	byte, tv	boolean	(BLtv;)Z	808375
via	b	byte, tv	void	(BLtv;)V	808419
vib	a	int	void	(I)V	808486
vj	e	int	void	(I)V	808553
vj	a	nc[], int	nc	([Lnc;I)Lnc;	808616
vj	a	int	void	(I)V	808668
vja	a	byte	tv	(B)Ltv;	808718
vja	a	int, int	tv[]	(II)[Ltv;	808758
vjb	a	byte	void	(B)V	808808
vjb	b	byte	void	(B)V	808847
vjb	a	float, float, float[], float, int, float, byte, int, int, int, int	void	(FF[FFIFBIIII)V	808879
vk	e	byte	void	(B)V	808902
vk	a	java.applet.Applet, int, java.lang.String[], int, int, int	void	(Ljava/applet/Applet;I[Ljava/lang/String;III)V	808932
vk	a	nc[], int	nc	([Lnc;I)Lnc;	809070
vka	d		void	()V	809204
vka	a	eab, java.awt.Component, int, int	vka	(Leab;Ljava/awt/Component;II)Lvka;	809211
vka	h		void	()V	809339
vka	a	f, int	void	(Lf;I)V	809594
vka	a	int, boolean, int	void	(IZI)V	809631
vka	a	f	void	(Lf;)V	809659
vka	f		void	()V	809672
vka	c		void	()V	809695
vka	a	int[], int	void	([II)V	809700
vka	e		void	()V	810002
vka	b	int	void	(I)V	810076
vka	b	f	void	(Lf;)V	810108
vkb	a	int, int	int	(II)I	810193
vkb	a	nc[], int	nc	([Lnc;I)Lnc;	810309
vkb	a	int	void	(I)V	810363
vl	a	nc[], int	nc	([Lnc;I)Lnc;	810759
vl	e	byte	void	(B)V	810805
vl	a	int	void	(I)V	810946
vla	a	byte, java.lang.String	void	(BLjava/lang/String;)V	811027
vla	a	int, int, int, htb, int	void	(IIILhtb;I)V	811081
vla	b	int, int, int, int	void	(IIII)V	811197
vla	i	byte	void	(B)V	811302
vla	d	int	void	(I)V	811343
vla	a	int, int, shb, char	boolean	(IILshb;C)Z	811410
vla	a	int	java.lang.String	(I)Ljava/lang/String;	811484
vla	e	int	void	(I)V	812108
vla	a	byte, java.lang.CharSequence	int	(BLjava/lang/CharSequence;)I	812140
vla	a	uf, byte	void	(Luf;B)V	812211
vla	a	int, uf	void	(ILuf;)V	812250
vlb	a	int, int	tv[]	(II)[Ltv;	812330
vlb	a	byte	tv	(B)Ltv;	812369
vlb	a	int	void	(I)V	812402
vm	c	byte	void	(B)V	812473
vm	vm		public	()V	812514
vm	d	int	void	(I)V	812549
vm	a	int, int, ds	void	(IILds;)V	812626
vm	a	int, boolean	int[]	(IZ)[I	812802
vm	e	byte	void	(B)V	813390
vma	a	int, int	int	(II)I	813434
vmb	a	int	void	(I)V	813560
vmb	vmb		protected	()V	813590
vn	a	int, int, ds	void	(IILds;)V	813623
vn	a	boolean	void	(Z)V	813726
vn	a	int, boolean	int[]	(IZ)[I	813756
vn	vn		public	()V	813980
vna	b	byte	int	(B)I	814008
vna	a	byte	tv	(B)Ltv;	814039
vna	a	int, int	tv[]	(II)[Ltv;	814079
vnb	a	int	void	(I)V	814128
vnb	a	nc[], int	nc	([Lnc;I)Lnc;	814168
vo	b	boolean	void	(Z)V	814228
vo	a	nc[], int	nc	([Lnc;I)Lnc;	814258
voa	a	int, int	pi	(II)Lpi;	814338
vob	a	java.util.Random, byte	int	(Ljava/util/Random;B)I	814556
vob	a	nc[], int	nc	([Lnc;I)Lnc;	814641
vob	e	byte	void	(B)V	814686
vp	a	pe, int, int, int	void	(Lpe;III)V	814753
vp	b	int	void	(I)V	814824
vp	a	byte, int	int	(BI)I	814854
vp	a	tv, int	void	(Ltv;I)V	814895
vp	b	byte, tv	void	(BLtv;)V	815011
vp	a	int, lbb, pe	boolean	(ILlbb;Lpe;)Z	815064
vp	b	faa, int	void	(Lfaa;I)V	815167
vp	a	faa, boolean	void	(Lfaa;Z)V	815225
vp	a	pe, int	ucb[]	(Lpe;I)[Lucb;	815274
vp	a	pe, int, int[]	int[]	(Lpe;I[I)[I	815318
vp	a	int	java.lang.String	(I)Ljava/lang/String;	815447
vp	a	byte, tv	boolean	(BLtv;)Z	815503
vpa	a	byte	boolean	(B)Z	815638
vpa	a	boolean	void	(Z)V	815680
vpa	b	byte	java.applet.Applet	(B)Ljava/applet/Applet;	815713
vpa	b	faa, int	void	(Lfaa;I)V	815751
vpa	a	int, boolean	hkb	(IZ)Lhkb;	815862
vpa	a	tv, int	void	(Ltv;I)V	815983
vpa	b	byte, tv	void	(BLtv;)V	816060
vpa	a	byte, tv	boolean	(BLtv;)Z	816113
vpa	a	faa, boolean	void	(Lfaa;Z)V	816164
vpb	a	nc[], int	nc	([Lnc;I)Lnc;	816239
vpb	a	int	void	(I)V	816290
vq	a	int, wta	void	(ILwta;)V	816347
vq	d	int	boolean	(I)Z	816409
vq	e	int	int	(I)I	816412
vq	a	faa, int, boolean	boolean	(Lfaa;IZ)Z	816415
vq	a	int	eeb	(I)Leeb;	816471
vq	f	int	int	(I)I	816505
vq	i	byte	void	(B)V	816508
vq	c	boolean	int	(Z)I	816545
vq	g	int	int	(I)I	816548
vqa	a	java.lang.String, int	qrb	(Ljava/lang/String;I)Lqrb;	816810
vqa	b	java.lang.String, int	java.lang.String	(Ljava/lang/String;I)Ljava/lang/String;	816891
vqa	f	int	void	(I)V	816982
vqb	e	byte	void	(B)V	817092
vqb	a	nc[], int	nc	([Lnc;I)Lnc;	817123
vqb	f	byte	void	(B)V	817168
vqb	a	int, int, int, int, int, int, int, int, int, int, int, int, int, int, int, int	void	(IIIIIIIIIIIIIIII)V	817255
vqb	a	boolean, int	void	(ZI)V	817522
vr	a	nc[], int	nc	([Lnc;I)Lnc;	817568
vra	a	byte	void	(B)V	817653
vra	vra		public	()V	817683
vrb	a	int	boolean	(I)Z	817708
vrb	a	nc[], int	nc	([Lnc;I)Lnc;	817752
vrb	a	byte[], int, int, asb, java.lang.String[], java.lang.String[][], phb[][], int, phb[][], java.lang.String[][], java.lang.String[], byte[], int, java.lang.String[], int[]	void	([BIILasb;[Ljava/lang/String;[[Ljava/lang/String;[[Lphb;I[[Lphb;[[Ljava/lang/String;[Ljava/lang/String;[BI[Ljava/lang/String;[I)V	817805
vs	a	int	void	(I)V	819082
vs	a	nc[], int	nc	([Lnc;I)Lnc;	819113
vsa	a	nc[], int	nc	([Lnc;I)Lnc;	819202
vsa	a	int	void	(I)V	819255
vsb	a	int, boolean	void	(IZ)V	819316
vsb	a	byte	boolean	(B)Z	819365
vsb	e	int	void	(I)V	819403
vsb	b	int, boolean	void	(IZ)V	819437
vsb	a	int, int, int	void	(III)V	819478
vsb	a	byte, int, ura	void	(BILura;)V	819574
vsb	a	int	void	(I)V	819713
vt	a	boolean, int, boolean, java.lang.String	void	(ZIZLjava/lang/String;)V	819767
vt	a	nc[], int	nc	([Lnc;I)Lnc;	819847
vtb	a	int	void	(I)V	819919
vtb	a	nc[], int	nc	([Lnc;I)Lnc;	819953
vu	b	int, int, int, int, int	int	(IIIII)I	820046
vu	e	byte	void	(B)V	820237
vua	a	nc[], int	nc	([Lnc;I)Lnc;	820289
vua	a	int, int[], byte, int, int, int, int	void	(I[IBIIII)V	820332
vv	a	byte, vv	void	(BLvv;)V	820456
vv	a	int, int	vv	(II)Lvv;	820529
vv	a	uea, boolean, int, shb, int	void	(Luea;ZILshb;I)V	820567
vv	b	int	void	(I)V	820850
vv	a	vv, int, shb, int, int, uea	void	(Lvv;ILshb;IILuea;)V	820883
vv	b	int, int	vv	(II)Lvv;	821052
vv	a	boolean, phb[]	vv	(Z[Lphb;)Lvv;	821092
vv	c	int, int	vv	(II)Lvv;	821139
vv	b	int, boolean	vv	(IZ)Lvv;	821180
vv	a	int, boolean	vv	(IZ)Lvv;	821224
vv	a	int	void	(I)V	821261
vva	a	int, shb, int, int, boolean	void	(ILshb;IIZ)V	821375
vva	vva		public	()V	821539
vva	a	byte	void	(B)V	821549
vva	vva	int, int, int	private	(III)V	821581
vw	a	byte	void	(B)V	821641
vwa	a	int	void	(I)V	821688
vwa	a	nc[], int	nc	([Lnc;I)Lnc;	821718
w	j	byte	java.lang.String	(B)Ljava/lang/String;	821796
w	a	int, int, int, kja	void	(IIILkja;)V	821829
w	a	int, byte	void	(IB)V	822107
w	a	int, int, shb, char	boolean	(IILshb;C)Z	822156
w	a	int, int, int, htb, int	void	(IIILhtb;I)V	822235
w	i	byte	void	(B)V	822302
w	c	boolean	java.lang.String	(Z)Ljava/lang/String;	822335
waa	a	int, int, java.lang.String, java.lang.String, int, shb	int	(IILjava/lang/String;Ljava/lang/String;ILshb;)I	822419
waa	a	int, int, int, htb, int	void	(IIILhtb;I)V	822497
waa	a	int, int, shb, char	boolean	(IILshb;C)Z	822578
waa	waa		public	()V	822666
waa	a	int, int, int, shb	void	(IIILshb;)V	822896
waa	d	int	boolean	(I)Z	822949
waa	a	lca, byte	boolean	(Llca;B)Z	822993
waa	a	int, int, java.lang.String, shb, java.lang.String, int, int	int	(IILjava/lang/String;Lshb;Ljava/lang/String;II)I	823062
waa	a	asb, byte, int	sd	(Lasb;BI)Lsd;	823177
waa	i	byte	void	(B)V	823238
waa	a	ml, int	void	(Lml;I)V	823277
waa	a	int	void	(I)V	823448
waa	e	int	void	(I)V	823493
waa	a	byte, java.lang.String	void	(BLjava/lang/String;)V	823535
wab	a	int, byte[]	void	(I[B)V	823671
wab	a	nc[], int	nc	([Lnc;I)Lnc;	824136
wb	a	nc[], int	nc	([Lnc;I)Lnc;	824191
wba	a	byte, ha, phb	aja	(BLha;Lphb;)Laja;	824269
wba	a	nc[], int	nc	([Lnc;I)Lnc;	824404
wba	a	int	void	(I)V	824450
wbb	a	nc[], int	nc	([Lnc;I)Lnc;	824512
wbb	a	int, int, int	void	(III)V	824560
wc	a	byte	ksa	(B)Lksa;	824621
wc	b	byte	ksa	(B)Lksa;	824669
wc	c	int	ksa	(I)Lksa;	824719
wc	a	int	ksa	(I)Lksa;	824775
wc	a	byte, ksa	ksa	(BLksa;)Lksa;	824828
wc	b	int	void	(I)V	824901
wc	a	ksa, int	ksa	(Lksa;I)Lksa;	824936
wca	k	int	int	(I)I	825052
wca	l	int	void	(I)V	825080
wca	d	byte	int	(B)I	825112
wca	a	byte	int	(B)I	825141
wca	b	int	int	(I)I	825179
wca	f	byte	int	(B)I	825210
wca	a	boolean	int	(Z)I	825238
wca	c	int	int	(I)I	825266
wca	g	byte	int	(B)I	825297
wca	a	int	int	(I)I	825329
wca	b	boolean	int	(Z)I	825357
wca	g	int	int	(I)I	825389
wcb	b	boolean	void	(Z)V	825438
wcb	a	byte	boolean	(B)Z	825520
wcb	a	boolean	void	(Z)V	825547
wcb	d	int	void	(I)V	825644
wcb	a	int	void	(I)V	825749
wcb	b	int, boolean	void	(IZ)V	825799
wcb	c	int	void	(I)V	825823
wcb	a	byte, int, ura	void	(BILura;)V	825867
wcb	c	byte	void	(B)V	825885
wcb	a	int, int, int	void	(III)V	825928
wcb	a	int, boolean	void	(IZ)V	826011
wd	a	int	void	(I)V	826083
wd	a	nc[], int	nc	([Lnc;I)Lnc;	826115
wda	a	nc[], int	nc	([Lnc;I)Lnc;	826206
wda	a	rsb, int, lta, byte, lbb	void	(Lrsb;ILlta;BLlbb;)V	826256
wda	e	byte	void	(B)V	826403
wdb	e	byte	void	(B)V	826645
wdb	a	int, int, int, byte	void	(IIIB)V	826675
wdb	a	int, int, int, int, int, int, int, int	void	(IIIIIIII)V	826792
we	e	byte	void	(B)V	826883
we	a	nc[], int	nc	([Lnc;I)Lnc;	826924
wea	a	int	void	(I)V	826992
wea	a	nc[], int	nc	([Lnc;I)Lnc;	827023
wea	a	int, int	boolean	(II)Z	827076
web	a	int	void	(I)V	827161
web	e	byte	void	(B)V	827238
web	a	nc[], int	nc	([Lnc;I)Lnc;	827270
wf	b	int, byte	void	(IB)V	827345
wf	a	java.lang.String, byte, java.lang.String, int	java.lang.String	(Ljava/lang/String;BLjava/lang/String;I)Ljava/lang/String;	827520
wf	b	byte	void	(B)V	827593
wf	a	int	void	(I)V	827621
wf	c	int	void	(I)V	827651
wf	c	int, int	int	(II)I	827798
wf	a	int, boolean, int	void	(IZI)V	827904
wf	a	boolean, int, int	void	(ZII)V	828607
wf	a	int, int, int	int	(III)I	828683
wf	d	byte	void	(B)V	828797
wf	b	int, boolean, int	void	(IZI)V	829168
wf	c	byte	void	(B)V	830650
wf	b	int, int	int	(II)I	830976
wf	a	int, int	boolean	(II)Z	831079
wf	a	byte	void	(B)V	831161
wf	a	byte, int	int	(BI)I	831267
wf	b	int	void	(I)V	831342
wf	a	int, byte	int	(IB)I	831641
wfa	a	int, int, int, int, int	void	(IIIII)V	831750
wfa	b	int, int	void	(II)V	833375
wfa	a	int, int, int, int, int[], int, int	void	(IIII[III)V	842112
wfa	a	int, int, int, int, int, int, int, int	void	(IIIIIIII)V	842161
wfb	a	int, boolean	void	(IZ)V	844068
wfb	a	int	int	(I)I	844117
wfb	a	int, int, boolean	void	(IIZ)V	844238
wfb	a	byte	void	(B)V	844367
wfb	a	byte, int	void	(BI)V	844444
wfb	a	boolean	void	(Z)V	844483
wfb	a	int, int	void	(II)V	844616
wfb	b	int	int	(I)I	844666
wfb	a	int, lsb	void	(ILlsb;)V	844701
wg	a	java.lang.String, java.lang.String, boolean	boolean	(Ljava/lang/String;Ljava/lang/String;Z)Z	844903
wg	b	boolean	void	(Z)V	844982
wg	a	nc[], int	nc	([Lnc;I)Lnc;	845028
wga	a	boolean, int, int, int, int[]	void	(ZIII[I)V	845092
wga	a	int, int	tv[]	(II)[Ltv;	845180
wga	a	int	void	(I)V	845224
wga	a	byte	tv	(B)Ltv;	845255
wgb	a	java.lang.String, int	qrb	(Ljava/lang/String;I)Lqrb;	845306
wgb	f	int	void	(I)V	845379
wgb	b	java.lang.String, int	java.lang.String	(Ljava/lang/String;I)Ljava/lang/String;	845422
wgb	a	float, float, float, int, float, float, float	void	(FFFIFFF)V	845474
wh	e	int	boolean	(I)Z	845582
wh	a	byte, boolean	void	(BZ)V	846400
wh	h	int	void	(I)V	846493
wh	i	int	void	(I)V	846523
wh	wh		public	()V	846607
wh	a	byte	void	(B)V	846614
wh	g	int	boolean	(I)Z	846674
wh	a	int, byte, int	boolean	(IBI)Z	846721
wh	a	int	void	(I)V	846780
wh	a	java.lang.Object, boolean, boolean	void	(Ljava/lang/Object;ZZ)V	846822
wha	a	int, int	tv[]	(II)[Ltv;	847031
wha	a	int	void	(I)V	847073
wha	a	int, boolean, int	void	(IZI)V	847114
wha	a	byte	tv	(B)Ltv;	848335
whb	a	int	void	(I)V	848388
whb	a	tv, int	void	(Ltv;I)V	848421
whb	a	byte, tv	boolean	(BLtv;)Z	848584
whb	a	faa, boolean	void	(Lfaa;Z)V	848684
whb	b	faa, int	void	(Lfaa;I)V	848786
whb	b	byte, tv	void	(BLtv;)V	848875
wi	windowOpened	java.awt.event.WindowEvent	void	(Ljava/awt/event/WindowEvent;)V	849044
wi	getCodeBase		java.net.URL	()Ljava/net/URL;	849049
wi	destroy		void	()V	849084
wi	provideLoaderApplet	java.applet.Applet	void	(Ljava/applet/Applet;)V	849123
wi	getAppletContext		java.applet.AppletContext	()Ljava/applet/AppletContext;	849154
wi	a	byte	void	(B)V	849193
wi	b	boolean	void	(Z)V	849274
wi	getDocumentBase		java.net.URL	()Ljava/net/URL;	849277
wi	a	boolean	void	(Z)V	849312
wi	a	byte, ds	byte[]	(BLds;)[B	849315
wi	windowClosed	java.awt.event.WindowEvent	void	(Ljava/awt/event/WindowEvent;)V	849372
wi	windowClosing	java.awt.event.WindowEvent	void	(Ljava/awt/event/WindowEvent;)V	849377
wi	windowDeiconified	java.awt.event.WindowEvent	void	(Ljava/awt/event/WindowEvent;)V	849408
wi	focusGained	java.awt.event.FocusEvent	void	(Ljava/awt/event/FocusEvent;)V	849413
wi	focusLost	java.awt.event.FocusEvent	void	(Ljava/awt/event/FocusEvent;)V	849446
wi	wi		protected	()V	849477
wi	b	int	void	(I)V	849487
wi	a	int	void	(I)V	849490
wi	c	int	void	(I)V	849493
wi	a	java.lang.String, int	void	(Ljava/lang/String;I)V	849626
wi	windowDeactivated	java.awt.event.WindowEvent	void	(Ljava/awt/event/WindowEvent;)V	849720
wi	start		void	()V	849725
wi	c	byte	void	(B)V	849748
wi	stop		void	()V	849884
wi	a	int, int, int, int, int, java.lang.String, int	void	(IIIIILjava/lang/String;I)V	849916
wi	windowActivated	java.awt.event.WindowEvent	void	(Ljava/awt/event/WindowEvent;)V	850071
wi	run		void	()V	850076
wi	windowIconified	java.awt.event.WindowEvent	void	(Ljava/awt/event/WindowEvent;)V	850425
wi	b	byte	boolean	(B)Z	850430
wi	init		void	()V	850436
wi	paint	java.awt.Graphics	void	(Ljava/awt/Graphics;)V	850439
wi	getParameter	java.lang.String	java.lang.String	(Ljava/lang/String;)Ljava/lang/String;	850525
wi	update	java.awt.Graphics	void	(Ljava/awt/Graphics;)V	850576
wi	d	int	void	(I)V	850608
wi	a	boolean, int	void	(ZI)V	850611
wia	a	int	void	(I)V	850743
wj	e	byte	void	(B)V	850796
wj	a	nc[], int	nc	([Lnc;I)Lnc;	850839
wja	a	boolean	void	(Z)V	850911
wjb	a	nc[], int	nc	([Lnc;I)Lnc;	850959
wjb	a	asb, boolean, java.lang.String, java.lang.String	phb[]	(Lasb;ZLjava/lang/String;Ljava/lang/String;)[Lphb;	851011
wjb	a	int	void	(I)V	851079
wjb	e	int	int	(I)I	851109
wjb	a	boolean, int, int, boolean, int, int, boolean, boolean, boolean, int, int, int	void	(ZIIZIIZZZIII)V	851143
wk	wk		public	()V	851462
wk	a	byte	void	(B)V	851469
wk	a	float, float, int, int, float, int, float, float	void	(FFIIFIFF)V	851500
wka	a		void	()V	851726
wka	a	qkb	int	(Lqkb;)I	851739
wkb	a	int	void	(I)V	851765
wkb	b	byte	void	(B)V	851800
wkb	a	byte	tv	(B)Ltv;	851854
wkb	a	tjb, int	void	(Ltjb;I)V	851887
wkb	a	int, int	tv[]	(II)[Ltv;	851930
wkb	a	byte, int[], faa, int	int[]	(B[ILfaa;I)[I	851972
wl	a	int, byte[]	faa	(I[B)Lfaa;	852167
wl	a	nc[], int	nc	([Lnc;I)Lnc;	852223
wl	a	wma, int[], boolean, boolean, boolean, int[], boolean	void	(Lwma;[IZZZ[IZ)V	852285
wl	a	int	void	(I)V	853269
wla	a	byte	tv	(B)Ltv;	853314
wla	a	int, int	tv[]	(II)[Ltv;	853354
wlb	g	byte	dj	(B)Ldj;	853407
wlb	a	int, int, int, int, int	void	(IIIII)V	853457
wlb	e	byte	void	(B)V	853632
wlb	f	byte	void	(B)V	853665
wlb	a	nc[], int	nc	([Lnc;I)Lnc;	862927
wm	a	faa, boolean	void	(Lfaa;Z)V	862991
wm	a	pe, int, int[]	int[]	(Lpe;I[I)[I	863029
wm	a	java.lang.String[], byte	tpa	([Ljava/lang/String;B)Ltpa;	863080
wm	a	tv, int	void	(Ltv;I)V	863128
wm	a	byte, tv	boolean	(BLtv;)Z	863214
wm	a	int, int, int, int, int	void	(IIIII)V	863279
wm	a	byte	void	(B)V	863335
wm	a	pe, int, int, int	void	(Lpe;III)V	863369
wm	a	byte, int	int	(BI)I	863418
wm	b	faa, int	void	(Lfaa;I)V	863458
wm	a	int	java.lang.String	(I)Ljava/lang/String;	863510
wm	a	pe, int	ucb[]	(Lpe;I)[Lucb;	863545
wm	b	byte, tv	void	(BLtv;)V	863589
wm	a	int, byte, int[]	int[]	(IB[I)[I	863634
wm	a	int, lbb, pe	boolean	(ILlbb;Lpe;)Z	863779
wma	b	int	void	(I)V	863958
wma	a	int	void	(I)V	863992
wma	a	int, int, int, int, int	void	(IIIII)V	864132
wma	a	byte	void	(B)V	864234
wma	a	int, int, int, int	void	(IIII)V	864266
wmb	a	int	int	(I)I	864376
wmb	a	d, int, int, java.awt.Canvas, int	ha	(Ld;IILjava/awt/Canvas;I)Lha;	864405
wmb	a	nc[], int	nc	([Lnc;I)Lnc;	864469
wn	a	nc[], int	nc	([Lnc;I)Lnc;	864544
wna	a	int, java.lang.String, int, byte, java.lang.String, boolean, java.lang.String	int	(ILjava/lang/String;IBLjava/lang/String;ZLjava/lang/String;)I	864631
wna	b	byte, tv	void	(BLtv;)V	864726
wna	a	byte, tv	boolean	(BLtv;)Z	864778
wna	a	tv, int	void	(Ltv;I)V	864843
wna	a	faa, boolean	void	(Lfaa;Z)V	864951
wna	b	faa, int	void	(Lfaa;I)V	865000
wna	a	byte	void	(B)V	865054
wnb	a	ml, byte	void	(Lml;B)V	865110
wnb	e	int	void	(I)V	865234
wnb	a	int	java.lang.String	(I)Ljava/lang/String;	865272
wnb	a	nc[], int	nc	([Lnc;I)Lnc;	865332
wo	a	nc[], int	nc	([Lnc;I)Lnc;	865410
wo	a	int, boolean, int, boolean, kka	void	(IZIZLkka;)V	865465
wo	a	int	void	(I)V	865529
woa	a	int, int, int, byte, int, int, java.lang.String	void	(IIIBIILjava/lang/String;)V	865580
woa	a	int	void	(I)V	865669
wob	a	int, int, int, int, int	int	(IIIII)I	865764
wob	a	int, int, int	int	(III)I	865818
wob	a	java.applet.Applet, int	void	(Ljava/applet/Applet;I)V	865895
wob	a	nc[], int	nc	([Lnc;I)Lnc;	865950
wp	a	java.lang.Class, boolean	java.lang.String	(Ljava/lang/Class;Z)Ljava/lang/String;	866017
wpa	a	nc[], int	nc	([Lnc;I)Lnc;	866113
wpa	b	boolean	void	(Z)V	866159
wpa	a	int	java.lang.String	(I)Ljava/lang/String;	866192
wpb	a	int	void	(I)V	866277
wpb	a	nc[], int	nc	([Lnc;I)Lnc;	866313
wpb	a	int[], int[], byte	boolean	([I[IB)Z	866367
wpb	a	int, int	asb	(II)Lasb;	866563
wq	a	int	void	(I)V	866630
wq	a	nc[], int	nc	([Lnc;I)Lnc;	866662
wq	e	byte	boolean	(B)Z	866716
wqa	a	byte	tv	(B)Ltv;	866784
wqa	a	boolean, int	boolean	(ZI)Z	866817
wqa	a	int, int	tv[]	(II)[Ltv;	866862
wqa	a	int, bc, int, int, bc, int	void	(ILbc;IILbc;I)V	866901
wqb	a	int	int	(I)I	866991
wqb	c	int	int	(I)I	867022
wqb	i	byte	void	(B)V	867053
wqb	f	byte	int	(B)I	867089
wqb	k	int	int	(I)I	867120
wqb	b	boolean	int	(Z)I	867148
wqb	b	int	int	(I)I	867180
wqb	d	byte	int	(B)I	867211
wqb	g	int	int	(I)I	867244
wqb	a	boolean	int	(Z)I	867273
wqb	a	byte	int	(B)I	867305
wqb	g	byte	int	(B)I	867336
wr	a	nc[], int	nc	([Lnc;I)Lnc;	867465
wra	a	nc[], int	nc	([Lnc;I)Lnc;	867530
wra	a	int	void	(I)V	867586
wra	a	ts[], byte, qfa	of	([Lts;BLqfa;)Lof;	867619
wrb	a	nc[], int	nc	([Lnc;I)Lnc;	867857
wrb	a	int	void	(I)V	867904
wrb	a	int, int	int	(II)I	867940
ws	e	int	void	(I)V	868057
ws	a	nc[], int	nc	([Lnc;I)Lnc;	868087
ws	a	int	boolean	(I)Z	868138
ws	f	int	boolean	(I)Z	868172
ws	a	byte, java.lang.String	boolean	(BLjava/lang/String;)Z	868215
wsa	a	float[], int, boolean	void	([FIZ)V	868317
wsb	a	byte	boolean	(B)Z	868655
wsb	a	int, int	int	(II)I	868825
wsb	a	java.lang.String, byte, int, java.lang.String, java.lang.String, asb	void	(Ljava/lang/String;BILjava/lang/String;Ljava/lang/String;Lasb;)V	868896
wsb	a	asb, java.lang.String, boolean, java.lang.String, java.lang.String	void	(Lasb;Ljava/lang/String;ZLjava/lang/String;Ljava/lang/String;)V	869031
wsb	a	java.lang.String, int, java.lang.String, asb	void	(Ljava/lang/String;ILjava/lang/String;Lasb;)V	869106
wsb	b	byte	void	(B)V	869167
wsb	a	ujb, int, byte	void	(Lujb;IB)V	869234
wt	a	boolean	long	(Z)J	869362
wt	a	int, int, java.lang.String[], java.lang.String	void	(II[Ljava/lang/String;Ljava/lang/String;)V	869417
wt	a	int	void	(I)V	869531
wta	a	uf, byte	void	(Luf;B)V	869582
wta	a	int, nva	void	(ILnva;)V	869625
wta	wta		public	()V	869671
wta	d	int	java.lang.String	(I)Ljava/lang/String;	869678
wta	b	int	qrb	(I)Lqrb;	869777
wta	a	int, uf	void	(ILuf;)V	869867
wta	b	byte	boolean	(B)Z	869907
wu	b	int, boolean	void	(IZ)V	869961
wu	a	int, int, int	void	(III)V	869999
wu	d	byte	void	(B)V	870162
wu	a	int, boolean	void	(IZ)V	870245
wu	a	byte	boolean	(B)Z	870336
wu	a	int	void	(I)V	870370
wu	a	boolean, boolean	void	(ZZ)V	870445
wu	d	int	void	(I)V	870630
wu	a	byte, int, ura	void	(BILura;)V	870716
wua	a	int, int, ds	void	(IILds;)V	870781
wua	a	int, boolean	int[]	(IZ)[I	870869
wua	wua		public	()V	870961
wv	wv		public	()V	870997
wv	a	int, int, ds	void	(IILds;)V	871009
wv	d	int	void	(I)V	871064
wv	c	int	void	(I)V	871094
wv	d	byte	int	(B)I	871129
wv	a	int, int	int[][]	(II)[[I	871162
wv	b	int, int, int	void	(III)V	871346
wva	b	byte	void	(B)V	871437
wva	a	int	void	(I)V	871477
wva	a	int, int	tv[]	(II)[Ltv;	871510
wva	b	int, int	void	(II)V	871553
wva	a	java.applet.Applet, byte, java.lang.String	void	(Ljava/applet/Applet;BLjava/lang/String;)V	871602
wva	a	byte	tv	(B)Ltv;	871713
wva	a	int, java.lang.String[], int, java.lang.String, no	int	(I[Ljava/lang/String;ILjava/lang/String;Lno;)I	871746
ww	a	int, int, int[], byte, int	void	(II[IBI)V	871968
ww	a	nc[], int	nc	([Lnc;I)Lnc;	872095
ww	a	java.lang.Object[], int, java.lang.Object[], int	void	([Ljava/lang/Object;I[Ljava/lang/Object;I)V	872141
wwa	a	int, shb, int, int, boolean	void	(ILshb;IIZ)V	872250
xa	r	int, int	void	(II)V	872257
xa	va	long, boolean	void	(JZ)V	872260
xa	finalize		void	()V	872263
xa	w	boolean	void	(Z)V	872276
ya	w	boolean	void	(Z)V	872304
ya	ga		void	()V	872307
ya	finalize		void	()V	872310
ya	aa	oa, int	void	(Loa;I)V	872323
ya	r		void	()V	872337
za	za		protected	()V	872347
za	c	byte	int	(B)I	872354
